utc_timestamp,lmp_usd_mwh
2022-01-01 06:00:00,20.9972185
2022-01-01 07:00:00,18.123202
2022-01-01 08:00:00,17.8378265
2022-01-01 09:00:00,17.8762135
2022-01-01 10:00:00,17.481340000000003
2022-01-01 11:00:00,17.466527
2022-01-01 12:00:00,17.5531645
2022-01-01 13:00:00,18.150765
2022-01-01 14:00:00,19.9684395
2022-01-01 15:00:00,21.895447
2022-01-01 16:00:00,25.813022
2022-01-01 17:00:00,26.193345
2022-01-01 18:00:00,25.8851325
2022-01-01 19:00:00,25.5351605
2022-01-01 20:00:00,25.0363835
2022-01-01 21:00:00,23.8397375
2022-01-01 22:00:00,26.0834535
2022-01-01 23:00:00,29.1477695
2022-01-02 00:00:00,28.3450065
2022-01-02 01:00:00,27.126834
2022-01-02 02:00:00,27.2435595
2022-01-02 03:00:00,26.905145
2022-01-02 04:00:00,24.399048
2022-01-02 05:00:00,22.1457815
2022-01-02 06:00:00,22.054787
2022-01-02 07:00:00,20.718373
2022-01-02 08:00:00,20.6218325
2022-01-02 09:00:00,20.5726825
2022-01-02 10:00:00,20.4035295
2022-01-02 11:00:00,20.8833065
2022-01-02 12:00:00,21.9254755
2022-01-02 13:00:00,22.360821
2022-01-02 14:00:00,24.418786
2022-01-02 15:00:00,27.3451755
2022-01-02 16:00:00,27.9295625
2022-01-02 17:00:00,28.21375
2022-01-02 18:00:00,27.9322545
2022-01-02 19:00:00,27.939258
2022-01-02 20:00:00,27.8359085
2022-01-02 21:00:00,28.122592
2022-01-02 22:00:00,31.738712
2022-01-02 23:00:00,40.2264495
2022-01-03 00:00:00,39.3833495
2022-01-03 01:00:00,39.38652
2022-01-03 02:00:00,39.237440500000005
2022-01-03 03:00:00,39.077751500000005
2022-01-03 04:00:00,37.6402595
2022-01-03 05:00:00,30.5643585
2022-01-03 06:00:00,29.5977915
2022-01-03 07:00:00,29.5489725
2022-01-03 08:00:00,29.2794325
2022-01-03 09:00:00,29.9073375
2022-01-03 10:00:00,30.890362000000003
2022-01-03 11:00:00,34.9921705
2022-01-03 12:00:00,42.58614
2022-01-03 13:00:00,50.4543305
2022-01-03 14:00:00,48.1031735
2022-01-03 15:00:00,46.2321025
2022-01-03 16:00:00,44.988987
2022-01-03 17:00:00,43.319858
2022-01-03 18:00:00,40.0599675
2022-01-03 19:00:00,36.970333
2022-01-03 20:00:00,35.173411
2022-01-03 21:00:00,34.8232865
2022-01-03 22:00:00,45.4178555
2022-01-03 23:00:00,65.1749155
2022-01-04 00:00:00,57.3084375
2022-01-04 01:00:00,50.839403
2022-01-04 02:00:00,46.609952
2022-01-04 03:00:00,46.442034
2022-01-04 04:00:00,43.2345555
2022-01-04 05:00:00,37.487416
2022-01-04 06:00:00,45.9214975
2022-01-04 07:00:00,47.2895175
2022-01-04 08:00:00,46.134863
2022-01-04 09:00:00,46.4460205
2022-01-04 10:00:00,50.760108
2022-01-04 11:00:00,55.561192
2022-01-04 12:00:00,70.6986895
2022-01-04 13:00:00,93.9880785
2022-01-04 14:00:00,60.810208
2022-01-04 15:00:00,44.262102
2022-01-04 16:00:00,46.126103
2022-01-04 17:00:00,43.1727635
2022-01-04 18:00:00,41.3751975
2022-01-04 19:00:00,41.577147
2022-01-04 20:00:00,41.0456205
2022-01-04 21:00:00,41.2882695
2022-01-04 22:00:00,44.656477
2022-01-04 23:00:00,55.8458085
2022-01-05 00:00:00,53.565649500000006
2022-01-05 01:00:00,53.8258565
2022-01-05 02:00:00,49.7867245
2022-01-05 03:00:00,47.1213345
2022-01-05 04:00:00,44.5945015
2022-01-05 05:00:00,41.747248
2022-01-05 06:00:00,52.8119195
2022-01-05 07:00:00,51.169179
2022-01-05 08:00:00,49.612349
2022-01-05 09:00:00,47.537868
2022-01-05 10:00:00,49.159317
2022-01-05 11:00:00,53.3209595
2022-01-05 12:00:00,60.308578
2022-01-05 13:00:00,65.365664
2022-01-05 14:00:00,59.727098
2022-01-05 15:00:00,54.388799
2022-01-05 16:00:00,44.096511
2022-01-05 17:00:00,42.9098525
2022-01-05 18:00:00,41.924885
2022-01-05 19:00:00,41.4233595
2022-01-05 20:00:00,41.296209
2022-01-05 21:00:00,41.3431865
2022-01-05 22:00:00,42.8901955
2022-01-05 23:00:00,54.499563
2022-01-06 00:00:00,49.59939
2022-01-06 01:00:00,45.5214345
2022-01-06 02:00:00,43.418022
2022-01-06 03:00:00,42.7113955
2022-01-06 04:00:00,41.433533
2022-01-06 05:00:00,38.5034455
2022-01-06 06:00:00,40.2278335
2022-01-06 07:00:00,38.965792
2022-01-06 08:00:00,38.410574
2022-01-06 09:00:00,39.7966075
2022-01-06 10:00:00,41.0117465
2022-01-06 11:00:00,42.7463625
2022-01-06 12:00:00,54.3852735
2022-01-06 13:00:00,62.130025
2022-01-06 14:00:00,57.5857025
2022-01-06 15:00:00,52.0458345
2022-01-06 16:00:00,54.732985
2022-01-06 17:00:00,52.0848685
2022-01-06 18:00:00,49.80238799999999
2022-01-06 19:00:00,47.6163285
2022-01-06 20:00:00,47.826429000000005
2022-01-06 21:00:00,48.106364
2022-01-06 22:00:00,55.396569
2022-01-06 23:00:00,71.9618595
2022-01-07 00:00:00,67.3022845
2022-01-07 01:00:00,63.269398
2022-01-07 02:00:00,59.390942
2022-01-07 03:00:00,55.1070585
2022-01-07 04:00:00,51.2453845
2022-01-07 05:00:00,46.7082495
2022-01-07 06:00:00,47.0494805
2022-01-07 07:00:00,45.6501905
2022-01-07 08:00:00,45.37975
2022-01-07 09:00:00,48.378488
2022-01-07 10:00:00,50.4855795
2022-01-07 11:00:00,52.49719
2022-01-07 12:00:00,60.940345
2022-01-07 13:00:00,89.045333
2022-01-07 14:00:00,70.149099
2022-01-07 15:00:00,59.561873
2022-01-07 16:00:00,93.0514655
2022-01-07 17:00:00,85.9465675
2022-01-07 18:00:00,73.8995245
2022-01-07 19:00:00,68.6963005
2022-01-07 20:00:00,64.7381865
2022-01-07 21:00:00,72.4725865
2022-01-07 22:00:00,90.4717605
2022-01-07 23:00:00,120.5405125
2022-01-08 00:00:00,114.393814
2022-01-08 01:00:00,103.919752
2022-01-08 02:00:00,95.578785
2022-01-08 03:00:00,87.1924615
2022-01-08 04:00:00,83.516652
2022-01-08 05:00:00,85.184984
2022-01-08 06:00:00,70.637688
2022-01-08 07:00:00,68.923929
2022-01-08 08:00:00,67.753117
2022-01-08 09:00:00,66.0933405
2022-01-08 10:00:00,63.1334235
2022-01-08 11:00:00,67.9449325
2022-01-08 12:00:00,68.5525
2022-01-08 13:00:00,79.821744
2022-01-08 14:00:00,69.6321105
2022-01-08 15:00:00,59.832605
2022-01-08 16:00:00,54.364712
2022-01-08 17:00:00,46.0838685
2022-01-08 18:00:00,43.5683915
2022-01-08 19:00:00,41.5215665
2022-01-08 20:00:00,40.796346
2022-01-08 21:00:00,40.9957855
2022-01-08 22:00:00,43.578656
2022-01-08 23:00:00,58.783366
2022-01-09 00:00:00,56.201202
2022-01-09 01:00:00,53.728687
2022-01-09 02:00:00,51.557997
2022-01-09 03:00:00,51.675091
2022-01-09 04:00:00,46.6285865
2022-01-09 05:00:00,47.150323
2022-01-09 06:00:00,48.7024375
2022-01-09 07:00:00,45.938715
2022-01-09 08:00:00,44.455642
2022-01-09 09:00:00,43.420198
2022-01-09 10:00:00,42.3512045
2022-01-09 11:00:00,42.685205
2022-01-09 12:00:00,42.3232325
2022-01-09 13:00:00,42.1141605
2022-01-09 14:00:00,43.324642
2022-01-09 15:00:00,45.825456
2022-01-09 16:00:00,45.3130405
2022-01-09 17:00:00,44.8245955
2022-01-09 18:00:00,42.578628
2022-01-09 19:00:00,41.377261
2022-01-09 20:00:00,41.131904500000005
2022-01-09 21:00:00,40.858322
2022-01-09 22:00:00,43.0077225
2022-01-09 23:00:00,53.597559
2022-01-10 00:00:00,51.498691
2022-01-10 01:00:00,47.336835
2022-01-10 02:00:00,44.7302305
2022-01-10 03:00:00,44.1766395
2022-01-10 04:00:00,43.817644
2022-01-10 05:00:00,40.9580445
2022-01-10 06:00:00,40.190625
2022-01-10 07:00:00,39.5342035
2022-01-10 08:00:00,39.869785
2022-01-10 09:00:00,39.784619
2022-01-10 10:00:00,42.2234205
2022-01-10 11:00:00,44.9704825
2022-01-10 12:00:00,55.6096705
2022-01-10 13:00:00,65.890787
2022-01-10 14:00:00,61.947404500000005
2022-01-10 15:00:00,56.7050485
2022-01-10 16:00:00,54.9785665
2022-01-10 17:00:00,53.3867475
2022-01-10 18:00:00,52.086767
2022-01-10 19:00:00,50.46259
2022-01-10 20:00:00,49.277388
2022-01-10 21:00:00,50.259079
2022-01-10 22:00:00,55.14705
2022-01-10 23:00:00,79.5551775
2022-01-11 00:00:00,72.8496775
2022-01-11 01:00:00,70.3473775
2022-01-11 02:00:00,67.13321149999999
2022-01-11 03:00:00,65.293577
2022-01-11 04:00:00,60.0472105
2022-01-11 05:00:00,55.2355585
2022-01-11 06:00:00,57.7787425
2022-01-11 07:00:00,58.3119445
2022-01-11 08:00:00,58.154316
2022-01-11 09:00:00,58.632556
2022-01-11 10:00:00,59.198743
2022-01-11 11:00:00,69.55257950000001
2022-01-11 12:00:00,89.1139645
2022-01-11 13:00:00,116.7437715
2022-01-11 14:00:00,77.99718899999999
2022-01-11 15:00:00,67.24725749999999
2022-01-11 16:00:00,83.06198599999999
2022-01-11 17:00:00,66.882297
2022-01-11 18:00:00,56.013092
2022-01-11 19:00:00,58.7673205
2022-01-11 20:00:00,56.69463
2022-01-11 21:00:00,57.5927455
2022-01-11 22:00:00,80.4908485
2022-01-11 23:00:00,102.339348
2022-01-12 00:00:00,91.9647855
2022-01-12 01:00:00,87.753039
2022-01-12 02:00:00,79.2877785
2022-01-12 03:00:00,84.533986
2022-01-12 04:00:00,79.92768000000001
2022-01-12 05:00:00,80.65324100000001
2022-01-12 06:00:00,66.9308595
2022-01-12 07:00:00,63.534945500000006
2022-01-12 08:00:00,61.852768
2022-01-12 09:00:00,59.552028
2022-01-12 10:00:00,61.63817
2022-01-12 11:00:00,68.714395
2022-01-12 12:00:00,81.6685495
2022-01-12 13:00:00,96.354232
2022-01-12 14:00:00,65.402095
2022-01-12 15:00:00,58.7441645
2022-01-12 16:00:00,47.354872
2022-01-12 17:00:00,44.037625
2022-01-12 18:00:00,42.347952
2022-01-12 19:00:00,42.1562095
2022-01-12 20:00:00,41.4044575
2022-01-12 21:00:00,41.9662245
2022-01-12 22:00:00,44.1189045
2022-01-12 23:00:00,54.076278
2022-01-13 00:00:00,54.6106235
2022-01-13 01:00:00,51.3144545
2022-01-13 02:00:00,48.3167285
2022-01-13 03:00:00,47.539355
2022-01-13 04:00:00,44.8419815
2022-01-13 05:00:00,43.1536575
2022-01-13 06:00:00,42.3102305
2022-01-13 07:00:00,43.495993
2022-01-13 08:00:00,43.948192
2022-01-13 09:00:00,42.766482
2022-01-13 10:00:00,43.8551455
2022-01-13 11:00:00,44.7348165
2022-01-13 12:00:00,54.8174385
2022-01-13 13:00:00,61.747127500000005
2022-01-13 14:00:00,55.5704275
2022-01-13 15:00:00,49.323762
2022-01-13 16:00:00,47.2844195
2022-01-13 17:00:00,43.900428000000005
2022-01-13 18:00:00,42.443982000000005
2022-01-13 19:00:00,41.8959275
2022-01-13 20:00:00,41.7454975
2022-01-13 21:00:00,42.3308765
2022-01-13 22:00:00,45.145159500000005
2022-01-13 23:00:00,56.6220495
2022-01-14 00:00:00,53.4128585
2022-01-14 01:00:00,50.735764
2022-01-14 02:00:00,48.0623045
2022-01-14 03:00:00,46.1577355
2022-01-14 04:00:00,43.624694000000005
2022-01-14 05:00:00,42.962051
2022-01-14 06:00:00,45.2454665
2022-01-14 07:00:00,43.936747
2022-01-14 08:00:00,42.974646
2022-01-14 09:00:00,43.254255
2022-01-14 10:00:00,43.7650845
2022-01-14 11:00:00,44.6436355
2022-01-14 12:00:00,54.222055
2022-01-14 13:00:00,62.300041500000006
2022-01-14 14:00:00,56.9972455
2022-01-14 15:00:00,50.263767
2022-01-14 16:00:00,59.7469935
2022-01-14 17:00:00,55.421439
2022-01-14 18:00:00,53.4567
2022-01-14 19:00:00,52.827655500000006
2022-01-14 20:00:00,51.87981
2022-01-14 21:00:00,53.196401
2022-01-14 22:00:00,59.566427
2022-01-14 23:00:00,75.476299
2022-01-15 00:00:00,66.731366
2022-01-15 01:00:00,64.7507225
2022-01-15 02:00:00,62.87390500000001
2022-01-15 03:00:00,61.3016785
2022-01-15 04:00:00,58.612029500000006
2022-01-15 05:00:00,55.579391
2022-01-15 06:00:00,55.590141
2022-01-15 07:00:00,55.751458
2022-01-15 08:00:00,54.754057
2022-01-15 09:00:00,55.9242915
2022-01-15 10:00:00,56.4979575
2022-01-15 11:00:00,57.56177
2022-01-15 12:00:00,64.4236875
2022-01-15 13:00:00,70.025271
2022-01-15 14:00:00,67.906804
2022-01-15 15:00:00,62.7529825
2022-01-15 16:00:00,70.71245300000001
2022-01-15 17:00:00,68.256495
2022-01-15 18:00:00,64.08783199999999
2022-01-15 19:00:00,61.93003950000001
2022-01-15 20:00:00,60.321186
2022-01-15 21:00:00,63.356822
2022-01-15 22:00:00,74.822404
2022-01-15 23:00:00,105.5445765
2022-01-16 00:00:00,94.1951335
2022-01-16 01:00:00,84.514717
2022-01-16 02:00:00,80.874696
2022-01-16 03:00:00,77.896636
2022-01-16 04:00:00,75.187615
2022-01-16 05:00:00,69.997322
2022-01-16 06:00:00,69.2202355
2022-01-16 07:00:00,67.809161
2022-01-16 08:00:00,66.8209255
2022-01-16 09:00:00,66.717399
2022-01-16 10:00:00,68.5775485
2022-01-16 11:00:00,71.14761899999999
2022-01-16 12:00:00,75.008084
2022-01-16 13:00:00,81.449511
2022-01-16 14:00:00,80.3013225
2022-01-16 15:00:00,73.76069150000001
2022-01-16 16:00:00,74.13238949999999
2022-01-16 17:00:00,67.01005699999999
2022-01-16 18:00:00,64.922264
2022-01-16 19:00:00,61.7312295
2022-01-16 20:00:00,59.4534
2022-01-16 21:00:00,60.3820925
2022-01-16 22:00:00,65.2830515
2022-01-16 23:00:00,81.38617049999999
2022-01-17 00:00:00,70.71453650000001
2022-01-17 01:00:00,63.5777105
2022-01-17 02:00:00,59.9702685
2022-01-17 03:00:00,59.1107835
2022-01-17 04:00:00,56.4643495
2022-01-17 05:00:00,49.8282765
2022-01-17 06:00:00,52.4148845
2022-01-17 07:00:00,52.0728125
2022-01-17 08:00:00,48.0160205
2022-01-17 09:00:00,49.434637
2022-01-17 10:00:00,52.995333
2022-01-17 11:00:00,53.4812055
2022-01-17 12:00:00,57.9888975
2022-01-17 13:00:00,65.285115
2022-01-17 14:00:00,66.4316375
2022-01-17 15:00:00,65.3072215
2022-01-17 16:00:00,67.4441845
2022-01-17 17:00:00,66.6208
2022-01-17 18:00:00,63.2146255
2022-01-17 19:00:00,62.387952
2022-01-17 20:00:00,61.02094
2022-01-17 21:00:00,64.2479935
2022-01-17 22:00:00,69.061423
2022-01-17 23:00:00,88.91232550000001
2022-01-18 00:00:00,78.082385
2022-01-18 01:00:00,72.496681
2022-01-18 02:00:00,67.97610850000001
2022-01-18 03:00:00,65.6632635
2022-01-18 04:00:00,63.1639315
2022-01-18 05:00:00,61.1782675
2022-01-18 06:00:00,58.486375
2022-01-18 07:00:00,59.118986500000005
2022-01-18 08:00:00,59.008795
2022-01-18 09:00:00,58.5034575
2022-01-18 10:00:00,59.090297500000005
2022-01-18 11:00:00,67.1967115
2022-01-18 12:00:00,85.59761900000001
2022-01-18 13:00:00,94.1787865
2022-01-18 14:00:00,77.318326
2022-01-18 15:00:00,68.21514350000001
2022-01-18 16:00:00,66.182576
2022-01-18 17:00:00,60.845451
2022-01-18 18:00:00,58.2846785
2022-01-18 19:00:00,57.286549
2022-01-18 20:00:00,57.043649
2022-01-18 21:00:00,57.565647
2022-01-18 22:00:00,63.6527025
2022-01-18 23:00:00,91.046347
2022-01-19 00:00:00,85.192211
2022-01-19 01:00:00,75.9908275
2022-01-19 02:00:00,71.2972985
2022-01-19 03:00:00,67.7951255
2022-01-19 04:00:00,64.0123325
2022-01-19 05:00:00,58.8108385
2022-01-19 06:00:00,68.279041
2022-01-19 07:00:00,61.2232105
2022-01-19 08:00:00,58.427875
2022-01-19 09:00:00,59.969349
2022-01-19 10:00:00,61.7538335
2022-01-19 11:00:00,67.101066
2022-01-19 12:00:00,80.186497
2022-01-19 13:00:00,90.1252885
2022-01-19 14:00:00,66.8697265
2022-01-19 15:00:00,60.0996635
2022-01-19 16:00:00,50.836219
2022-01-19 17:00:00,48.861614
2022-01-19 18:00:00,47.1435035
2022-01-19 19:00:00,44.476975
2022-01-19 20:00:00,43.8712585
2022-01-19 21:00:00,43.6296185
2022-01-19 22:00:00,46.5431775
2022-01-19 23:00:00,60.75257499999999
2022-01-20 00:00:00,58.3456395
2022-01-20 01:00:00,50.7456575
2022-01-20 02:00:00,46.8013645
2022-01-20 03:00:00,46.6830085
2022-01-20 04:00:00,44.798758500000005
2022-01-20 05:00:00,42.849798
2022-01-20 06:00:00,40.947867
2022-01-20 07:00:00,40.934515000000005
2022-01-20 08:00:00,40.737133
2022-01-20 09:00:00,40.773952
2022-01-20 10:00:00,40.46385
2022-01-20 11:00:00,43.4138925
2022-01-20 12:00:00,54.845378
2022-01-20 13:00:00,73.484524
2022-01-20 14:00:00,65.85704899999999
2022-01-20 15:00:00,62.2001815
2022-01-20 16:00:00,80.098986
2022-01-20 17:00:00,77.52106549999999
2022-01-20 18:00:00,75.6112275
2022-01-20 19:00:00,74.99518749999999
2022-01-20 20:00:00,73.497105
2022-01-20 21:00:00,77.6627855
2022-01-20 22:00:00,86.0842775
2022-01-20 23:00:00,110.4654955
2022-01-21 00:00:00,107.164918
2022-01-21 01:00:00,101.015405
2022-01-21 02:00:00,98.4573125
2022-01-21 03:00:00,93.707801
2022-01-21 04:00:00,91.746245
2022-01-21 05:00:00,83.946092
2022-01-21 06:00:00,79.820273
2022-01-21 07:00:00,79.27206100000001
2022-01-21 08:00:00,81.375034
2022-01-21 09:00:00,84.91370599999999
2022-01-21 10:00:00,89.2063005
2022-01-21 11:00:00,99.9727015
2022-01-21 12:00:00,130.431927
2022-01-21 13:00:00,149.12159300000002
2022-01-21 14:00:00,125.747158
2022-01-21 15:00:00,115.2565225
2022-01-21 16:00:00,128.8080895
2022-01-21 17:00:00,113.78534
2022-01-21 18:00:00,108.4574825
2022-01-21 19:00:00,103.200667
2022-01-21 20:00:00,100.3512355
2022-01-21 21:00:00,108.075348
2022-01-21 22:00:00,115.1895065
2022-01-21 23:00:00,159.6409435
2022-01-22 00:00:00,149.954885
2022-01-22 01:00:00,132.9224175
2022-01-22 02:00:00,124.230952
2022-01-22 03:00:00,122.7751025
2022-01-22 04:00:00,115.2375845
2022-01-22 05:00:00,126.3067915
2022-01-22 06:00:00,103.65371
2022-01-22 07:00:00,94.8914145
2022-01-22 08:00:00,96.2496315
2022-01-22 09:00:00,98.8207095
2022-01-22 10:00:00,106.8220435
2022-01-22 11:00:00,112.2266095
2022-01-22 12:00:00,125.227779
2022-01-22 13:00:00,144.4736225
2022-01-22 14:00:00,135.710037
2022-01-22 15:00:00,110.0133095
2022-01-22 16:00:00,81.7628435
2022-01-22 17:00:00,68.5814965
2022-01-22 18:00:00,67.40658400000001
2022-01-22 19:00:00,61.8427865
2022-01-22 20:00:00,58.810104
2022-01-22 21:00:00,58.3685545
2022-01-22 22:00:00,67.2074565
2022-01-22 23:00:00,88.889239
2022-01-23 00:00:00,84.9407385
2022-01-23 01:00:00,80.02002949999999
2022-01-23 02:00:00,78.8779265
2022-01-23 03:00:00,81.3757665
2022-01-23 04:00:00,75.65726699999999
2022-01-23 05:00:00,71.7018715
2022-01-23 06:00:00,89.24671599999999
2022-01-23 07:00:00,86.5836845
2022-01-23 08:00:00,85.0519535
2022-01-23 09:00:00,86.541404
2022-01-23 10:00:00,90.2971155
2022-01-23 11:00:00,96.305258
2022-01-23 12:00:00,99.436195
2022-01-23 13:00:00,101.3230475
2022-01-23 14:00:00,89.735476
2022-01-23 15:00:00,70.716474
2022-01-23 16:00:00,64.87834050000001
2022-01-23 17:00:00,60.7089285
2022-01-23 18:00:00,58.6716975
2022-01-23 19:00:00,56.8837535
2022-01-23 20:00:00,55.8169275
2022-01-23 21:00:00,56.716475
2022-01-23 22:00:00,63.074876
2022-01-23 23:00:00,84.42065450000001
2022-01-24 00:00:00,80.7934575
2022-01-24 01:00:00,71.44276049999999
2022-01-24 02:00:00,69.1774805
2022-01-24 03:00:00,66.82654249999999
2022-01-24 04:00:00,66.1722985
2022-01-24 05:00:00,64.821568
2022-01-24 06:00:00,62.7940935
2022-01-24 07:00:00,60.391803
2022-01-24 08:00:00,61.6374355
2022-01-24 09:00:00,63.7409195
2022-01-24 10:00:00,66.842415
2022-01-24 11:00:00,81.1038485
2022-01-24 12:00:00,109.8876345
2022-01-24 13:00:00,115.9964335
2022-01-24 14:00:00,87.991966
2022-01-24 15:00:00,73.418015
2022-01-24 16:00:00,68.8950075
2022-01-24 17:00:00,63.5932885
2022-01-24 18:00:00,60.888394
2022-01-24 19:00:00,57.965409
2022-01-24 20:00:00,55.5889705
2022-01-24 21:00:00,55.410035500000006
2022-01-24 22:00:00,59.74462
2022-01-24 23:00:00,84.8851825
2022-01-25 00:00:00,81.63053400000001
2022-01-25 01:00:00,73.555004
2022-01-25 02:00:00,66.55176349999999
2022-01-25 03:00:00,64.1227645
2022-01-25 04:00:00,57.0725285
2022-01-25 05:00:00,57.6303435
2022-01-25 06:00:00,49.5489915
2022-01-25 07:00:00,47.691078000000005
2022-01-25 08:00:00,45.8183415
2022-01-25 09:00:00,46.089241
2022-01-25 10:00:00,48.318669
2022-01-25 11:00:00,49.143901
2022-01-25 12:00:00,67.087601
2022-01-25 13:00:00,71.74882550000001
2022-01-25 14:00:00,62.7426525
2022-01-25 15:00:00,60.822185
2022-01-25 16:00:00,57.471065
2022-01-25 17:00:00,54.1770715
2022-01-25 18:00:00,50.820892
2022-01-25 19:00:00,49.6518985
2022-01-25 20:00:00,48.3165765
2022-01-25 21:00:00,47.8178875
2022-01-25 22:00:00,50.564889
2022-01-25 23:00:00,66.251522
2022-01-26 00:00:00,63.939791
2022-01-26 01:00:00,63.279219
2022-01-26 02:00:00,61.790949
2022-01-26 03:00:00,59.923046
2022-01-26 04:00:00,52.6932745
2022-01-26 05:00:00,49.51659050000001
2022-01-26 06:00:00,49.302309
2022-01-26 07:00:00,48.437325
2022-01-26 08:00:00,48.439365
2022-01-26 09:00:00,49.695842
2022-01-26 10:00:00,52.3947495
2022-01-26 11:00:00,58.7887125
2022-01-26 12:00:00,88.095151
2022-01-26 13:00:00,101.799537
2022-01-26 14:00:00,85.065301
2022-01-26 15:00:00,66.89284
2022-01-26 16:00:00,89.0230015
2022-01-26 17:00:00,83.805453
2022-01-26 18:00:00,71.80549500000001
2022-01-26 19:00:00,68.41141350000001
2022-01-26 20:00:00,67.29463150000001
2022-01-26 21:00:00,70.748025
2022-01-26 22:00:00,85.333702
2022-01-26 23:00:00,129.4559075
2022-01-27 00:00:00,141.6350045
2022-01-27 01:00:00,126.39667
2022-01-27 02:00:00,114.8259345
2022-01-27 03:00:00,110.879752
2022-01-27 04:00:00,102.283824
2022-01-27 05:00:00,86.188106
2022-01-27 06:00:00,88.203888
2022-01-27 07:00:00,88.554292
2022-01-27 08:00:00,89.1320305
2022-01-27 09:00:00,89.247541
2022-01-27 10:00:00,94.892785
2022-01-27 11:00:00,106.1976555
2022-01-27 12:00:00,137.576825
2022-01-27 13:00:00,174.51793
2022-01-27 14:00:00,114.3890195
2022-01-27 15:00:00,87.6123855
2022-01-27 16:00:00,72.71118050000001
2022-01-27 17:00:00,63.954939
2022-01-27 18:00:00,59.674586
2022-01-27 19:00:00,58.9273005
2022-01-27 20:00:00,57.0758285
2022-01-27 21:00:00,57.8790185
2022-01-27 22:00:00,62.746801000000005
2022-01-27 23:00:00,85.9399545
2022-01-28 00:00:00,86.16776
2022-01-28 01:00:00,76.0638465
2022-01-28 02:00:00,70.177113
2022-01-28 03:00:00,66.601086
2022-01-28 04:00:00,61.8238445
2022-01-28 05:00:00,59.20981
2022-01-28 06:00:00,59.0298765
2022-01-28 07:00:00,56.9307195
2022-01-28 08:00:00,57.0675035
2022-01-28 09:00:00,58.223676
2022-01-28 10:00:00,59.8857985
2022-01-28 11:00:00,65.979187
2022-01-28 12:00:00,81.4903085
2022-01-28 13:00:00,87.3286675
2022-01-28 14:00:00,81.6180865
2022-01-28 15:00:00,74.13733400000001
2022-01-28 16:00:00,75.85832500000001
2022-01-28 17:00:00,67.242373
2022-01-28 18:00:00,62.8668235
2022-01-28 19:00:00,62.2630375
2022-01-28 20:00:00,61.318942
2022-01-28 21:00:00,61.897485
2022-01-28 22:00:00,63.7679045
2022-01-28 23:00:00,78.913844
2022-01-29 00:00:00,75.9092265
2022-01-29 01:00:00,67.684188
2022-01-29 02:00:00,63.193147
2022-01-29 03:00:00,62.792802
2022-01-29 04:00:00,62.3128755
2022-01-29 05:00:00,59.7219505
2022-01-29 06:00:00,65.280738
2022-01-29 07:00:00,62.55398
2022-01-29 08:00:00,63.0657305
2022-01-29 09:00:00,61.7156445
2022-01-29 10:00:00,63.5251375
2022-01-29 11:00:00,66.98825
2022-01-29 12:00:00,75.0049185
2022-01-29 13:00:00,93.5056825
2022-01-29 14:00:00,107.445287
2022-01-29 15:00:00,104.947729
2022-01-29 16:00:00,117.4710545
2022-01-29 17:00:00,122.196442
2022-01-29 18:00:00,103.461819
2022-01-29 19:00:00,95.7418065
2022-01-29 20:00:00,89.83739449999999
2022-01-29 21:00:00,89.68762799999999
2022-01-29 22:00:00,108.5774965
2022-01-29 23:00:00,144.5082145
2022-01-30 00:00:00,146.2672535
2022-01-30 01:00:00,139.173533
2022-01-30 02:00:00,132.5679715
2022-01-30 03:00:00,128.7817915
2022-01-30 04:00:00,125.727844
2022-01-30 05:00:00,129.374226
2022-01-30 06:00:00,140.6478185
2022-01-30 07:00:00,135.3998155
2022-01-30 08:00:00,137.5289975
2022-01-30 09:00:00,140.7235595
2022-01-30 10:00:00,143.079002
2022-01-30 11:00:00,148.565065
2022-01-30 12:00:00,157.9931605
2022-01-30 13:00:00,172.027423
2022-01-30 14:00:00,148.557634
2022-01-30 15:00:00,125.990015
2022-01-30 16:00:00,103.7384485
2022-01-30 17:00:00,90.101362
2022-01-30 18:00:00,82.77373850000001
2022-01-30 19:00:00,77.702135
2022-01-30 20:00:00,73.276043
2022-01-30 21:00:00,75.6895535
2022-01-30 22:00:00,90.886941
2022-01-30 23:00:00,132.0883955
2022-01-31 00:00:00,126.183669
2022-01-31 01:00:00,124.7961475
2022-01-31 02:00:00,116.865296
2022-01-31 03:00:00,109.7104505
2022-01-31 04:00:00,96.9323575
2022-01-31 05:00:00,90.8550245
2022-01-31 06:00:00,105.1740435
2022-01-31 07:00:00,101.4803185
2022-01-31 08:00:00,104.377394
2022-01-31 09:00:00,104.229243
2022-01-31 10:00:00,112.9785355
2022-01-31 11:00:00,134.9626695
2022-01-31 12:00:00,147.091057
2022-01-31 13:00:00,178.6512405
2022-01-31 14:00:00,136.4670445
2022-01-31 15:00:00,117.2209005
2022-01-31 16:00:00,106.9904555
2022-01-31 17:00:00,95.3754315
2022-01-31 18:00:00,83.8607165
2022-01-31 19:00:00,78.32956999999999
2022-01-31 20:00:00,74.024254
2022-01-31 21:00:00,72.96346600000001
2022-01-31 22:00:00,77.5477365
2022-01-31 23:00:00,107.568875
2022-02-01 00:00:00,106.1655095
2022-02-01 01:00:00,101.988004
2022-02-01 02:00:00,92.6665105
2022-02-01 03:00:00,91.636036
2022-02-01 04:00:00,85.081587
2022-02-01 05:00:00,71.72591650000001
2022-02-01 06:00:00,80.16617
2022-02-01 07:00:00,79.722892
2022-02-01 08:00:00,78.2474015
2022-02-01 09:00:00,80.324343
2022-02-01 10:00:00,84.26313049999999
2022-02-01 11:00:00,96.052309
2022-02-01 12:00:00,119.740484
2022-02-01 13:00:00,131.6646115
2022-02-01 14:00:00,96.784276
2022-02-01 15:00:00,80.31726950000001
2022-02-01 16:00:00,63.1887965
2022-02-01 17:00:00,57.274517
2022-02-01 18:00:00,54.514724
2022-02-01 19:00:00,50.726323
2022-02-01 20:00:00,48.7983395
2022-02-01 21:00:00,50.4730625
2022-02-01 22:00:00,55.007385
2022-02-01 23:00:00,72.4244885
2022-02-02 00:00:00,72.98772
2022-02-02 01:00:00,66.9516255
2022-02-02 02:00:00,61.411313
2022-02-02 03:00:00,59.099847
2022-02-02 04:00:00,55.8843095
2022-02-02 05:00:00,54.0304785
2022-02-02 06:00:00,55.177789
2022-02-02 07:00:00,53.588791
2022-02-02 08:00:00,51.799791
2022-02-02 09:00:00,53.009832
2022-02-02 10:00:00,54.74061
2022-02-02 11:00:00,61.8245765
2022-02-02 12:00:00,88.068568
2022-02-02 13:00:00,91.6467625
2022-02-02 14:00:00,66.30833
2022-02-02 15:00:00,59.693025
2022-02-02 16:00:00,51.9870965
2022-02-02 17:00:00,48.5059465
2022-02-02 18:00:00,46.64133
2022-02-02 19:00:00,44.7764315
2022-02-02 20:00:00,43.930433
2022-02-02 21:00:00,44.748127
2022-02-02 22:00:00,47.222472
2022-02-02 23:00:00,62.5226285
2022-02-03 00:00:00,64.6095565
2022-02-03 01:00:00,58.055533
2022-02-03 02:00:00,52.2054375
2022-02-03 03:00:00,48.940903500000005
2022-02-03 04:00:00,47.756316
2022-02-03 05:00:00,44.43565
2022-02-03 06:00:00,45.253533
2022-02-03 07:00:00,43.64793
2022-02-03 08:00:00,43.495358
2022-02-03 09:00:00,43.8010945
2022-02-03 10:00:00,43.541159
2022-02-03 11:00:00,48.294512
2022-02-03 12:00:00,65.187753
2022-02-03 13:00:00,75.78966199999999
2022-02-03 14:00:00,62.605381
2022-02-03 15:00:00,60.861923
2022-02-03 16:00:00,66.0019575
2022-02-03 17:00:00,64.33411050000001
2022-02-03 18:00:00,62.5720595
2022-02-03 19:00:00,60.565401
2022-02-03 20:00:00,58.4978505
2022-02-03 21:00:00,56.784064
2022-02-03 22:00:00,58.5609115
2022-02-03 23:00:00,72.176631
2022-02-04 00:00:00,72.1753745
2022-02-04 01:00:00,67.98630399999999
2022-02-04 02:00:00,62.9711465
2022-02-04 03:00:00,58.8616435
2022-02-04 04:00:00,52.780913
2022-02-04 05:00:00,50.0744385
2022-02-04 06:00:00,46.410015
2022-02-04 07:00:00,45.1935415
2022-02-04 08:00:00,44.6824065
2022-02-04 09:00:00,45.061196
2022-02-04 10:00:00,45.8293025
2022-02-04 11:00:00,48.8799415
2022-02-04 12:00:00,60.663343
2022-02-04 13:00:00,67.1799005
2022-02-04 14:00:00,69.939094
2022-02-04 15:00:00,71.8739845
2022-02-04 16:00:00,78.8957835
2022-02-04 17:00:00,71.67336449999999
2022-02-04 18:00:00,65.9163085
2022-02-04 19:00:00,63.4885235
2022-02-04 20:00:00,62.2552115
2022-02-04 21:00:00,61.8510495
2022-02-04 22:00:00,62.8072095
2022-02-04 23:00:00,76.518982
2022-02-05 00:00:00,78.8428355
2022-02-05 01:00:00,71.3887465
2022-02-05 02:00:00,65.030961
2022-02-05 03:00:00,63.4101305
2022-02-05 04:00:00,61.5370605
2022-02-05 05:00:00,58.483219
2022-02-05 06:00:00,54.786401
2022-02-05 07:00:00,53.756656500000005
2022-02-05 08:00:00,54.2091435
2022-02-05 09:00:00,53.54918
2022-02-05 10:00:00,54.875744
2022-02-05 11:00:00,59.724437
2022-02-05 12:00:00,65.096169
2022-02-05 13:00:00,80.4721985
2022-02-05 14:00:00,78.1833405
2022-02-05 15:00:00,68.7232985
2022-02-05 16:00:00,75.2435815
2022-02-05 17:00:00,69.273084
2022-02-05 18:00:00,64.8422095
2022-02-05 19:00:00,59.678299
2022-02-05 20:00:00,57.9159245
2022-02-05 21:00:00,58.418577
2022-02-05 22:00:00,64.46736849999999
2022-02-05 23:00:00,107.1505125
2022-02-06 00:00:00,112.9794695
2022-02-06 01:00:00,94.6513805
2022-02-06 02:00:00,87.77418399999999
2022-02-06 03:00:00,91.7849635
2022-02-06 04:00:00,86.97492199999999
2022-02-06 05:00:00,91.446115
2022-02-06 06:00:00,79.6029985
2022-02-06 07:00:00,77.1953485
2022-02-06 08:00:00,72.420243
2022-02-06 09:00:00,72.5953145
2022-02-06 10:00:00,77.1544485
2022-02-06 11:00:00,80.450693
2022-02-06 12:00:00,88.2804095
2022-02-06 13:00:00,94.9948275
2022-02-06 14:00:00,77.06206649999999
2022-02-06 15:00:00,65.76422
2022-02-06 16:00:00,58.6029975
2022-02-06 17:00:00,51.285622
2022-02-06 18:00:00,48.615383
2022-02-06 19:00:00,45.6781395
2022-02-06 20:00:00,44.001839
2022-02-06 21:00:00,44.9604785
2022-02-06 22:00:00,54.675071
2022-02-06 23:00:00,67.83066550000001
2022-02-07 00:00:00,76.15340850000001
2022-02-07 01:00:00,70.951551
2022-02-07 02:00:00,69.78773799999999
2022-02-07 03:00:00,67.7155905
2022-02-07 04:00:00,63.4928085
2022-02-07 05:00:00,61.3191815
2022-02-07 06:00:00,67.5227555
2022-02-07 07:00:00,64.139583
2022-02-07 08:00:00,62.8981095
2022-02-07 09:00:00,65.688549
2022-02-07 10:00:00,68.2274535
2022-02-07 11:00:00,78.9234165
2022-02-07 12:00:00,110.0691345
2022-02-07 13:00:00,118.2411995
2022-02-07 14:00:00,93.0906685
2022-02-07 15:00:00,81.52264149999999
2022-02-07 16:00:00,78.0929595
2022-02-07 17:00:00,70.257252
2022-02-07 18:00:00,66.6821355
2022-02-07 19:00:00,65.111092
2022-02-07 20:00:00,63.074241
2022-02-07 21:00:00,64.101965
2022-02-07 22:00:00,64.7889965
2022-02-07 23:00:00,82.7189165
2022-02-08 00:00:00,86.19010750000001
2022-02-08 01:00:00,80.5273665
2022-02-08 02:00:00,77.64711750000001
2022-02-08 03:00:00,73.248013
2022-02-08 04:00:00,70.9336475
2022-02-08 05:00:00,65.029496
2022-02-08 06:00:00,55.9407325
2022-02-08 07:00:00,52.3391355
2022-02-08 08:00:00,51.7989085
2022-02-08 09:00:00,52.4138135
2022-02-08 10:00:00,57.690423
2022-02-08 11:00:00,61.141454
2022-02-08 12:00:00,84.58105699999999
2022-02-08 13:00:00,92.640256
2022-02-08 14:00:00,75.67987600000001
2022-02-08 15:00:00,58.365637
2022-02-08 16:00:00,46.826203
2022-02-08 17:00:00,44.4789625
2022-02-08 18:00:00,42.6665815
2022-02-08 19:00:00,41.9335085
2022-02-08 20:00:00,40.330564
2022-02-08 21:00:00,40.3113295
2022-02-08 22:00:00,41.8630135
2022-02-08 23:00:00,51.4391635
2022-02-09 00:00:00,59.117803
2022-02-09 01:00:00,54.3319835
2022-02-09 02:00:00,50.0122155
2022-02-09 03:00:00,45.3671365
2022-02-09 04:00:00,43.0063735
2022-02-09 05:00:00,43.641596500000006
2022-02-09 06:00:00,44.5299775
2022-02-09 07:00:00,43.689676000000006
2022-02-09 08:00:00,42.9771915
2022-02-09 09:00:00,44.159512500000005
2022-02-09 10:00:00,47.186638
2022-02-09 11:00:00,53.727035
2022-02-09 12:00:00,76.51508749999999
2022-02-09 13:00:00,79.08052900000001
2022-02-09 14:00:00,54.758576000000005
2022-02-09 15:00:00,44.0120755
2022-02-09 16:00:00,41.09256
2022-02-09 17:00:00,40.606677000000005
2022-02-09 18:00:00,38.827878
2022-02-09 19:00:00,37.721053
2022-02-09 20:00:00,36.194116
2022-02-09 21:00:00,36.6828815
2022-02-09 22:00:00,40.5350235
2022-02-09 23:00:00,47.424879
2022-02-10 00:00:00,52.4387895
2022-02-10 01:00:00,50.433018
2022-02-10 02:00:00,46.8253935
2022-02-10 03:00:00,44.102216
2022-02-10 04:00:00,41.716463000000005
2022-02-10 05:00:00,41.0464155
2022-02-10 06:00:00,36.3950115
2022-02-10 07:00:00,35.9033915
2022-02-10 08:00:00,35.530517
2022-02-10 09:00:00,36.4134305
2022-02-10 10:00:00,37.674059
2022-02-10 11:00:00,42.7320045
2022-02-10 12:00:00,55.20866049999999
2022-02-10 13:00:00,53.967964
2022-02-10 14:00:00,45.6900605
2022-02-10 15:00:00,41.3586975
2022-02-10 16:00:00,39.2157885
2022-02-10 17:00:00,38.733869
2022-02-10 18:00:00,36.16942400000001
2022-02-10 19:00:00,37.641708
2022-02-10 20:00:00,35.9991385
2022-02-10 21:00:00,35.441828
2022-02-10 22:00:00,37.3287465
2022-02-10 23:00:00,45.1997145
2022-02-11 00:00:00,47.263412
2022-02-11 01:00:00,45.209320000000005
2022-02-11 02:00:00,42.318227
2022-02-11 03:00:00,39.7984245
2022-02-11 04:00:00,37.618465
2022-02-11 05:00:00,34.755363
2022-02-11 06:00:00,33.5793935
2022-02-11 07:00:00,32.47244
2022-02-11 08:00:00,32.2170975
2022-02-11 09:00:00,32.787274
2022-02-11 10:00:00,34.144986
2022-02-11 11:00:00,40.26133
2022-02-11 12:00:00,48.561845
2022-02-11 13:00:00,48.1468565
2022-02-11 14:00:00,40.727048
2022-02-11 15:00:00,35.8896905
2022-02-11 16:00:00,34.356756000000004
2022-02-11 17:00:00,33.1724225
2022-02-11 18:00:00,33.1698265
2022-02-11 19:00:00,33.0153225
2022-02-11 20:00:00,32.2382755
2022-02-11 21:00:00,31.965832
2022-02-11 22:00:00,33.015964499999995
2022-02-11 23:00:00,38.9912945
2022-02-12 00:00:00,41.13813450000001
2022-02-12 01:00:00,36.8330135
2022-02-12 02:00:00,35.6631325
2022-02-12 03:00:00,34.319787
2022-02-12 04:00:00,32.6900205
2022-02-12 05:00:00,31.1507385
2022-02-12 06:00:00,29.522518
2022-02-12 07:00:00,28.086674
2022-02-12 08:00:00,27.373569
2022-02-12 09:00:00,26.969281
2022-02-12 10:00:00,27.614306
2022-02-12 11:00:00,28.5586905
2022-02-12 12:00:00,31.439863000000003
2022-02-12 13:00:00,33.5569685
2022-02-12 14:00:00,33.073696
2022-02-12 15:00:00,33.3358645
2022-02-12 16:00:00,39.094087
2022-02-12 17:00:00,37.174648000000005
2022-02-12 18:00:00,36.479057
2022-02-12 19:00:00,35.532111
2022-02-12 20:00:00,34.959862
2022-02-12 21:00:00,35.0631575
2022-02-12 22:00:00,37.8607505
2022-02-12 23:00:00,44.1017535
2022-02-13 00:00:00,47.980229
2022-02-13 01:00:00,45.514526
2022-02-13 02:00:00,44.0686975
2022-02-13 03:00:00,43.605657
2022-02-13 04:00:00,43.2415125
2022-02-13 05:00:00,42.578424
2022-02-13 06:00:00,39.252559
2022-02-13 07:00:00,38.4937445
2022-02-13 08:00:00,38.542067
2022-02-13 09:00:00,38.6059255
2022-02-13 10:00:00,39.1767295
2022-02-13 11:00:00,39.6775855
2022-02-13 12:00:00,40.1777275
2022-02-13 13:00:00,42.858284
2022-02-13 14:00:00,45.7921585
2022-02-13 15:00:00,52.1071855
2022-02-13 16:00:00,57.9479085
2022-02-13 17:00:00,54.893552
2022-02-13 18:00:00,51.3307725
2022-02-13 19:00:00,49.3038115
2022-02-13 20:00:00,45.721245
2022-02-13 21:00:00,45.583319
2022-02-13 22:00:00,47.126838
2022-02-13 23:00:00,58.9668715
2022-02-14 00:00:00,65.417567
2022-02-14 01:00:00,63.282313
2022-02-14 02:00:00,63.220096
2022-02-14 03:00:00,63.746912
2022-02-14 04:00:00,63.583843
2022-02-14 05:00:00,53.860937500000006
2022-02-14 06:00:00,51.439004
2022-02-14 07:00:00,51.485505
2022-02-14 08:00:00,51.799022
2022-02-14 09:00:00,53.415044
2022-02-14 10:00:00,55.459734
2022-02-14 11:00:00,67.7817615
2022-02-14 12:00:00,98.860905
2022-02-14 13:00:00,115.471836
2022-02-14 14:00:00,82.04653049999999
2022-02-14 15:00:00,71.357148
2022-02-14 16:00:00,63.0858825
2022-02-14 17:00:00,57.7323985
2022-02-14 18:00:00,52.9831145
2022-02-14 19:00:00,51.202715
2022-02-14 20:00:00,48.134643
2022-02-14 21:00:00,50.1568545
2022-02-14 22:00:00,56.77044
2022-02-14 23:00:00,88.71541049999999
2022-02-15 00:00:00,99.9753875
2022-02-15 01:00:00,86.907349
2022-02-15 02:00:00,78.2475675
2022-02-15 03:00:00,76.0536085
2022-02-15 04:00:00,73.23804150000001
2022-02-15 05:00:00,58.240332
2022-02-15 06:00:00,62.929151000000005
2022-02-15 07:00:00,60.5295485
2022-02-15 08:00:00,59.638315000000006
2022-02-15 09:00:00,62.4972845
2022-02-15 10:00:00,67.2801795
2022-02-15 11:00:00,83.96884399999999
2022-02-15 12:00:00,124.624136
2022-02-15 13:00:00,131.173656
2022-02-15 14:00:00,81.1697225
2022-02-15 15:00:00,56.1494645
2022-02-15 16:00:00,47.9221205
2022-02-15 17:00:00,45.081265
2022-02-15 18:00:00,42.6219165
2022-02-15 19:00:00,41.536353000000005
2022-02-15 20:00:00,39.642868
2022-02-15 21:00:00,40.3929195
2022-02-15 22:00:00,43.290798
2022-02-15 23:00:00,52.150005500000006
2022-02-16 00:00:00,57.4440895
2022-02-16 01:00:00,53.114564
2022-02-16 02:00:00,50.1395135
2022-02-16 03:00:00,48.078787000000005
2022-02-16 04:00:00,45.204175500000005
2022-02-16 05:00:00,43.9390475
2022-02-16 06:00:00,48.370162
2022-02-16 07:00:00,45.699596
2022-02-16 08:00:00,45.3980945
2022-02-16 09:00:00,46.670608
2022-02-16 10:00:00,48.1841685
2022-02-16 11:00:00,56.8021815
2022-02-16 12:00:00,77.3684575
2022-02-16 13:00:00,75.53787299999999
2022-02-16 14:00:00,49.31186
2022-02-16 15:00:00,42.857875
2022-02-16 16:00:00,38.729013
2022-02-16 17:00:00,36.372234
2022-02-16 18:00:00,35.9026815
2022-02-16 19:00:00,34.978811
2022-02-16 20:00:00,33.6079405
2022-02-16 21:00:00,33.2237345
2022-02-16 22:00:00,36.203359000000006
2022-02-16 23:00:00,43.8543655
2022-02-17 00:00:00,45.3695035
2022-02-17 01:00:00,40.7281635
2022-02-17 02:00:00,38.27145
2022-02-17 03:00:00,37.1625195
2022-02-17 04:00:00,36.000352
2022-02-17 05:00:00,35.264949
2022-02-17 06:00:00,33.5221655
2022-02-17 07:00:00,31.9722985
2022-02-17 08:00:00,30.4957515
2022-02-17 09:00:00,32.0616105
2022-02-17 10:00:00,33.479932
2022-02-17 11:00:00,37.061027
2022-02-17 12:00:00,44.661437500000005
2022-02-17 13:00:00,46.485207
2022-02-17 14:00:00,42.214517
2022-02-17 15:00:00,39.2597045
2022-02-17 16:00:00,39.4366935
2022-02-17 17:00:00,39.695026
2022-02-17 18:00:00,40.5160215
2022-02-17 19:00:00,40.065152
2022-02-17 20:00:00,37.8446155
2022-02-17 21:00:00,38.011079
2022-02-17 22:00:00,38.111547
2022-02-17 23:00:00,45.655487
2022-02-18 00:00:00,47.5276765
2022-02-18 01:00:00,45.4551665
2022-02-18 02:00:00,44.6340755
2022-02-18 03:00:00,40.1553295
2022-02-18 04:00:00,38.5246375
2022-02-18 05:00:00,33.9016285
2022-02-18 06:00:00,35.119705499999995
2022-02-18 07:00:00,34.190951
2022-02-18 08:00:00,34.0626345
2022-02-18 09:00:00,34.529430500000004
2022-02-18 10:00:00,36.199168
2022-02-18 11:00:00,39.538224
2022-02-18 12:00:00,50.7470325
2022-02-18 13:00:00,53.3553515
2022-02-18 14:00:00,52.5333565
2022-02-18 15:00:00,51.509853
2022-02-18 16:00:00,50.6403275
2022-02-18 17:00:00,45.82975
2022-02-18 18:00:00,44.0898835
2022-02-18 19:00:00,41.3992295
2022-02-18 20:00:00,40.5511655
2022-02-18 21:00:00,40.1497235
2022-02-18 22:00:00,41.5867755
2022-02-18 23:00:00,51.4642525
2022-02-19 00:00:00,52.8759785
2022-02-19 01:00:00,49.456272
2022-02-19 02:00:00,47.44411
2022-02-19 03:00:00,48.436535
2022-02-19 04:00:00,48.2088725
2022-02-19 05:00:00,44.810615
2022-02-19 06:00:00,45.7486735
2022-02-19 07:00:00,44.5117485
2022-02-19 08:00:00,44.9270995
2022-02-19 09:00:00,45.2348555
2022-02-19 10:00:00,44.7087915
2022-02-19 11:00:00,47.4924845
2022-02-19 12:00:00,53.6733615
2022-02-19 13:00:00,54.92662850000001
2022-02-19 14:00:00,52.827604
2022-02-19 15:00:00,46.529896
2022-02-19 16:00:00,46.11428050000001
2022-02-19 17:00:00,44.110829
2022-02-19 18:00:00,43.1871535
2022-02-19 19:00:00,40.994003500000005
2022-02-19 20:00:00,39.336199500000006
2022-02-19 21:00:00,40.3022515
2022-02-19 22:00:00,44.0767015
2022-02-19 23:00:00,63.709688
2022-02-20 00:00:00,76.50771399999999
2022-02-20 01:00:00,65.747681
2022-02-20 02:00:00,63.848158
2022-02-20 03:00:00,61.3510565
2022-02-20 04:00:00,57.8079635
2022-02-20 05:00:00,54.115982
2022-02-20 06:00:00,57.4239985
2022-02-20 07:00:00,59.0568195
2022-02-20 08:00:00,57.453555
2022-02-20 09:00:00,56.547727
2022-02-20 10:00:00,56.1249635
2022-02-20 11:00:00,69.07839150000001
2022-02-20 12:00:00,83.492621
2022-02-20 13:00:00,83.33035699999999
2022-02-20 14:00:00,60.0467755
2022-02-20 15:00:00,48.966182
2022-02-20 16:00:00,43.1453285
2022-02-20 17:00:00,40.825435
2022-02-20 18:00:00,38.5822655
2022-02-20 19:00:00,34.467879
2022-02-20 20:00:00,33.2007605
2022-02-20 21:00:00,33.2961785
2022-02-20 22:00:00,37.2840085
2022-02-20 23:00:00,47.099211
2022-02-21 00:00:00,55.836427
2022-02-21 01:00:00,49.895398
2022-02-21 02:00:00,46.857545
2022-02-21 03:00:00,44.7808805
2022-02-21 04:00:00,42.7797955
2022-02-21 05:00:00,40.9124455
2022-02-21 06:00:00,41.698131
2022-02-21 07:00:00,42.067578
2022-02-21 08:00:00,40.8539645
2022-02-21 09:00:00,42.023275
2022-02-21 10:00:00,43.1266395
2022-02-21 11:00:00,50.523349
2022-02-21 12:00:00,47.835229
2022-02-21 13:00:00,54.9091065
2022-02-21 14:00:00,50.015482500000005
2022-02-21 15:00:00,46.235667500000005
2022-02-21 16:00:00,44.7450935
2022-02-21 17:00:00,42.3046705
2022-02-21 18:00:00,39.5821285
2022-02-21 19:00:00,39.220084
2022-02-21 20:00:00,37.720394
2022-02-21 21:00:00,36.93526
2022-02-21 22:00:00,38.107833
2022-02-21 23:00:00,43.7715535
2022-02-22 00:00:00,46.6805875
2022-02-22 01:00:00,43.555580500000005
2022-02-22 02:00:00,42.5161
2022-02-22 03:00:00,39.563758
2022-02-22 04:00:00,40.431982
2022-02-22 05:00:00,36.5441115
2022-02-22 06:00:00,34.504786499999994
2022-02-22 07:00:00,33.7911505
2022-02-22 08:00:00,33.402662
2022-02-22 09:00:00,33.596667499999995
2022-02-22 10:00:00,35.01726
2022-02-22 11:00:00,39.990467
2022-02-22 12:00:00,44.947646500000005
2022-02-22 13:00:00,45.184023
2022-02-22 14:00:00,43.789373
2022-02-22 15:00:00,43.1363485
2022-02-22 16:00:00,43.5236385
2022-02-22 17:00:00,43.291067
2022-02-22 18:00:00,42.68750300000001
2022-02-22 19:00:00,42.649871000000005
2022-02-22 20:00:00,40.3924395
2022-02-22 21:00:00,39.698461
2022-02-22 22:00:00,40.698915
2022-02-22 23:00:00,45.1404725
2022-02-23 00:00:00,47.67247
2022-02-23 01:00:00,45.742219000000006
2022-02-23 02:00:00,43.2113865
2022-02-23 03:00:00,40.676815000000005
2022-02-23 04:00:00,39.332798
2022-02-23 05:00:00,34.692583
2022-02-23 06:00:00,34.4197555
2022-02-23 07:00:00,33.779833499999995
2022-02-23 08:00:00,33.6365545
2022-02-23 09:00:00,33.6104925
2022-02-23 10:00:00,35.23979
2022-02-23 11:00:00,39.745748500000005
2022-02-23 12:00:00,47.497736
2022-02-23 13:00:00,61.825865
2022-02-23 14:00:00,53.672635
2022-02-23 15:00:00,53.5687405
2022-02-23 16:00:00,60.915065
2022-02-23 17:00:00,59.2748615
2022-02-23 18:00:00,56.810576
2022-02-23 19:00:00,52.2043805
2022-02-23 20:00:00,46.2993755
2022-02-23 21:00:00,47.162071
2022-02-23 22:00:00,50.093839
2022-02-23 23:00:00,62.842251000000005
2022-02-24 00:00:00,68.632526
2022-02-24 01:00:00,67.00701749999999
2022-02-24 02:00:00,60.7899785
2022-02-24 03:00:00,56.1087895
2022-02-24 04:00:00,52.554904500000006
2022-02-24 05:00:00,43.6386775
2022-02-24 06:00:00,41.5790955
2022-02-24 07:00:00,40.7938595
2022-02-24 08:00:00,40.3315775
2022-02-24 09:00:00,41.123988
2022-02-24 10:00:00,41.391478500000005
2022-02-24 11:00:00,45.822971
2022-02-24 12:00:00,66.246911
2022-02-24 13:00:00,68.67305999999999
2022-02-24 14:00:00,70.7311725
2022-02-24 15:00:00,66.70294100000001
2022-02-24 16:00:00,69.46028150000001
2022-02-24 17:00:00,64.462948
2022-02-24 18:00:00,64.8140035
2022-02-24 19:00:00,63.428128
2022-02-24 20:00:00,61.621478
2022-02-24 21:00:00,59.50446
2022-02-24 22:00:00,60.9888235
2022-02-24 23:00:00,66.78063900000001
2022-02-25 00:00:00,73.8730535
2022-02-25 01:00:00,65.521407
2022-02-25 02:00:00,59.330650000000006
2022-02-25 03:00:00,56.4329255
2022-02-25 04:00:00,51.080409
2022-02-25 05:00:00,45.96906
2022-02-25 06:00:00,47.012552
2022-02-25 07:00:00,44.3245975
2022-02-25 08:00:00,42.954527
2022-02-25 09:00:00,42.8111985
2022-02-25 10:00:00,43.624157
2022-02-25 11:00:00,52.083153
2022-02-25 12:00:00,78.651208
2022-02-25 13:00:00,78.763687
2022-02-25 14:00:00,69.320292
2022-02-25 15:00:00,62.891289
2022-02-25 16:00:00,61.6581655
2022-02-25 17:00:00,54.906475
2022-02-25 18:00:00,50.848212
2022-02-25 19:00:00,47.9861415
2022-02-25 20:00:00,44.8526415
2022-02-25 21:00:00,45.669631
2022-02-25 22:00:00,45.9262775
2022-02-25 23:00:00,56.8870895
2022-02-26 00:00:00,62.9001375
2022-02-26 01:00:00,61.993541500000006
2022-02-26 02:00:00,57.52723
2022-02-26 03:00:00,56.2304845
2022-02-26 04:00:00,51.1164905
2022-02-26 05:00:00,46.737436
2022-02-26 06:00:00,49.0640365
2022-02-26 07:00:00,46.1363905
2022-02-26 08:00:00,45.8394705
2022-02-26 09:00:00,46.0497745
2022-02-26 10:00:00,46.5536085
2022-02-26 11:00:00,50.053253
2022-02-26 12:00:00,57.574643
2022-02-26 13:00:00,61.999713
2022-02-26 14:00:00,59.322432500000005
2022-02-26 15:00:00,51.934104000000005
2022-02-26 16:00:00,48.369397
2022-02-26 17:00:00,43.2252705
2022-02-26 18:00:00,41.6790645
2022-02-26 19:00:00,40.339609
2022-02-26 20:00:00,38.50213
2022-02-26 21:00:00,38.5438455
2022-02-26 22:00:00,41.6371905
2022-02-26 23:00:00,44.3558745
2022-02-27 00:00:00,53.746365
2022-02-27 01:00:00,48.482938
2022-02-27 02:00:00,45.6682735
2022-02-27 03:00:00,43.700371
2022-02-27 04:00:00,43.7340025
2022-02-27 05:00:00,43.5228415
2022-02-27 06:00:00,41.961761
2022-02-27 07:00:00,41.4148125
2022-02-27 08:00:00,41.7010465
2022-02-27 09:00:00,42.5383885
2022-02-27 10:00:00,42.2676535
2022-02-27 11:00:00,43.9192945
2022-02-27 12:00:00,45.2414715
2022-02-27 13:00:00,46.125594500000005
2022-02-27 14:00:00,43.87007
2022-02-27 15:00:00,41.600331
2022-02-27 16:00:00,41.7007165
2022-02-27 17:00:00,40.4297115
2022-02-27 18:00:00,39.072521
2022-02-27 19:00:00,36.754114
2022-02-27 20:00:00,34.5026465
2022-02-27 21:00:00,34.297912499999995
2022-02-27 22:00:00,36.283304
2022-02-27 23:00:00,41.1764225
2022-02-28 00:00:00,54.632165
2022-02-28 01:00:00,47.534454
2022-02-28 02:00:00,44.9661945
2022-02-28 03:00:00,43.444474
2022-02-28 04:00:00,43.1783985
2022-02-28 05:00:00,42.428359
2022-02-28 06:00:00,40.731513
2022-02-28 07:00:00,40.2619555
2022-02-28 08:00:00,40.36565950000001
2022-02-28 09:00:00,41.705573
2022-02-28 10:00:00,42.469525
2022-02-28 11:00:00,46.450337000000005
2022-02-28 12:00:00,78.67152999999999
2022-02-28 13:00:00,72.003791
2022-02-28 14:00:00,52.412347
2022-02-28 15:00:00,46.60406
2022-02-28 16:00:00,45.003334
2022-02-28 17:00:00,44.406408
2022-02-28 18:00:00,42.4861035
2022-02-28 19:00:00,41.783347
2022-02-28 20:00:00,40.121128
2022-02-28 21:00:00,40.286985
2022-02-28 22:00:00,42.2295055
2022-02-28 23:00:00,46.718491
2022-03-01 00:00:00,58.271859
2022-03-01 01:00:00,51.3061085
2022-03-01 02:00:00,48.527523
2022-03-01 03:00:00,47.175531500000005
2022-03-01 04:00:00,46.5230935
2022-03-01 05:00:00,43.492311
2022-03-01 06:00:00,41.758637
2022-03-01 07:00:00,42.167658
2022-03-01 08:00:00,42.003976
2022-03-01 09:00:00,41.4387
2022-03-01 10:00:00,41.896813
2022-03-01 11:00:00,46.7508335
2022-03-01 12:00:00,74.767105
2022-03-01 13:00:00,63.917817
2022-03-01 14:00:00,46.4045065
2022-03-01 15:00:00,42.6811735
2022-03-01 16:00:00,42.4021745
2022-03-01 17:00:00,41.81446
2022-03-01 18:00:00,38.0721295
2022-03-01 19:00:00,38.058984
2022-03-01 20:00:00,35.633363
2022-03-01 21:00:00,35.4218535
2022-03-01 22:00:00,36.7610965
2022-03-01 23:00:00,38.7904495
2022-03-02 00:00:00,48.4702255
2022-03-02 01:00:00,44.117305
2022-03-02 02:00:00,40.981174
2022-03-02 03:00:00,40.154626500000006
2022-03-02 04:00:00,36.416398
2022-03-02 05:00:00,35.6953035
2022-03-02 06:00:00,34.5328335
2022-03-02 07:00:00,32.344885
2022-03-02 08:00:00,33.4619985
2022-03-02 09:00:00,32.347973499999995
2022-03-02 10:00:00,34.610975
2022-03-02 11:00:00,41.4190815
2022-03-02 12:00:00,53.118215500000005
2022-03-02 13:00:00,47.5409175
2022-03-02 14:00:00,42.314801
2022-03-02 15:00:00,41.4170765
2022-03-02 16:00:00,40.198311
2022-03-02 17:00:00,38.9143295
2022-03-02 18:00:00,38.219306
2022-03-02 19:00:00,34.7434795
2022-03-02 20:00:00,32.9447295
2022-03-02 21:00:00,33.280770000000004
2022-03-02 22:00:00,33.7497525
2022-03-02 23:00:00,36.638558
2022-03-03 00:00:00,41.9210365
2022-03-03 01:00:00,40.1412805
2022-03-03 02:00:00,36.0576425
2022-03-03 03:00:00,35.6365905
2022-03-03 04:00:00,32.157511
2022-03-03 05:00:00,31.9775365
2022-03-03 06:00:00,32.978963500000006
2022-03-03 07:00:00,32.5016115
2022-03-03 08:00:00,32.1358135
2022-03-03 09:00:00,32.1580885
2022-03-03 10:00:00,33.0396665
2022-03-03 11:00:00,38.2307175
2022-03-03 12:00:00,49.753045
2022-03-03 13:00:00,45.38664300000001
2022-03-03 14:00:00,43.343919
2022-03-03 15:00:00,43.0365785
2022-03-03 16:00:00,44.8771275
2022-03-03 17:00:00,43.6631105
2022-03-03 18:00:00,42.788229
2022-03-03 19:00:00,42.667435
2022-03-03 20:00:00,41.953789
2022-03-03 21:00:00,42.4034265
2022-03-03 22:00:00,45.6439425
2022-03-03 23:00:00,51.0572135
2022-03-04 00:00:00,67.7728195
2022-03-04 01:00:00,64.2173075
2022-03-04 02:00:00,52.235049
2022-03-04 03:00:00,51.712495
2022-03-04 04:00:00,46.904878
2022-03-04 05:00:00,43.36782650000001
2022-03-04 06:00:00,45.455984
2022-03-04 07:00:00,45.0616855
2022-03-04 08:00:00,44.6762265
2022-03-04 09:00:00,44.24121
2022-03-04 10:00:00,44.79838
2022-03-04 11:00:00,56.283639
2022-03-04 12:00:00,101.084846
2022-03-04 13:00:00,93.958348
2022-03-04 14:00:00,53.4862675
2022-03-04 15:00:00,47.596508
2022-03-04 16:00:00,44.058402
2022-03-04 17:00:00,43.1583395
2022-03-04 18:00:00,40.9651785
2022-03-04 19:00:00,38.807566
2022-03-04 20:00:00,36.4826575
2022-03-04 21:00:00,36.5844785
2022-03-04 22:00:00,37.722007
2022-03-04 23:00:00,44.024773
2022-03-05 00:00:00,50.8350555
2022-03-05 01:00:00,47.810308500000005
2022-03-05 02:00:00,43.520857
2022-03-05 03:00:00,42.880754
2022-03-05 04:00:00,41.7946925
2022-03-05 05:00:00,40.4488775
2022-03-05 06:00:00,44.6711505
2022-03-05 07:00:00,42.9718005
2022-03-05 08:00:00,41.908668500000005
2022-03-05 09:00:00,41.09040400000001
2022-03-05 10:00:00,41.4839745
2022-03-05 11:00:00,42.066358
2022-03-05 12:00:00,43.5798815
2022-03-05 13:00:00,43.6022075
2022-03-05 14:00:00,41.62519
2022-03-05 15:00:00,39.687364
2022-03-05 16:00:00,40.4677815
2022-03-05 17:00:00,37.7688305
2022-03-05 18:00:00,35.153709500000005
2022-03-05 19:00:00,32.467818
2022-03-05 20:00:00,32.282175
2022-03-05 21:00:00,32.0566765
2022-03-05 22:00:00,33.3923445
2022-03-05 23:00:00,37.025807
2022-03-06 00:00:00,42.7233875
2022-03-06 01:00:00,40.584009
2022-03-06 02:00:00,34.777435999999994
2022-03-06 03:00:00,32.020801500000005
2022-03-06 04:00:00,30.807113
2022-03-06 05:00:00,30.862358
2022-03-06 06:00:00,32.7120395
2022-03-06 07:00:00,31.993321
2022-03-06 08:00:00,29.98339
2022-03-06 09:00:00,29.5862395
2022-03-06 10:00:00,29.388814
2022-03-06 11:00:00,29.6109135
2022-03-06 12:00:00,31.225059
2022-03-06 13:00:00,32.535686
2022-03-06 14:00:00,32.417837
2022-03-06 15:00:00,33.014955
2022-03-06 16:00:00,33.814001000000005
2022-03-06 17:00:00,33.70355
2022-03-06 18:00:00,34.5139915
2022-03-06 19:00:00,34.594741
2022-03-06 20:00:00,36.013684
2022-03-06 21:00:00,36.485502
2022-03-06 22:00:00,39.656479
2022-03-06 23:00:00,45.722309
2022-03-07 00:00:00,51.1517205
2022-03-07 01:00:00,50.774595
2022-03-07 02:00:00,47.150416
2022-03-07 03:00:00,43.9647865
2022-03-07 04:00:00,41.0584955
2022-03-07 05:00:00,38.1036765
2022-03-07 06:00:00,34.1875635
2022-03-07 07:00:00,34.272347
2022-03-07 08:00:00,33.772598
2022-03-07 09:00:00,33.38475
2022-03-07 10:00:00,34.1087505
2022-03-07 11:00:00,39.744767
2022-03-07 12:00:00,47.3566355
2022-03-07 13:00:00,45.8077095
2022-03-07 14:00:00,43.5975035
2022-03-07 15:00:00,43.688939
2022-03-07 16:00:00,45.95552
2022-03-07 17:00:00,46.041476
2022-03-07 18:00:00,45.4634895
2022-03-07 19:00:00,45.685503
2022-03-07 20:00:00,46.094652
2022-03-07 21:00:00,47.2618345
2022-03-07 22:00:00,51.258614
2022-03-07 23:00:00,52.185603
2022-03-08 00:00:00,62.194528000000005
2022-03-08 01:00:00,59.0337035
2022-03-08 02:00:00,54.4437445
2022-03-08 03:00:00,49.64377
2022-03-08 04:00:00,43.2168315
2022-03-08 05:00:00,40.441087
2022-03-08 06:00:00,43.0074605
2022-03-08 07:00:00,40.1071035
2022-03-08 08:00:00,41.2317565
2022-03-08 09:00:00,41.1823315
2022-03-08 10:00:00,42.8880815
2022-03-08 11:00:00,55.296865
2022-03-08 12:00:00,68.9825385
2022-03-08 13:00:00,73.21611200000001
2022-03-08 14:00:00,54.546883
2022-03-08 15:00:00,48.5586315
2022-03-08 16:00:00,48.885018
2022-03-08 17:00:00,45.53728
2022-03-08 18:00:00,44.433285
2022-03-08 19:00:00,43.6489225
2022-03-08 20:00:00,43.6454595
2022-03-08 21:00:00,43.707147
2022-03-08 22:00:00,44.1001655
2022-03-08 23:00:00,53.9534105
2022-03-09 00:00:00,69.48574500000001
2022-03-09 01:00:00,67.98957250000001
2022-03-09 02:00:00,55.846253
2022-03-09 03:00:00,53.5465125
2022-03-09 04:00:00,44.5174965
2022-03-09 05:00:00,44.8571345
2022-03-09 06:00:00,40.6190245
2022-03-09 07:00:00,39.8164955
2022-03-09 08:00:00,39.458790500000006
2022-03-09 09:00:00,39.45956
2022-03-09 10:00:00,40.331525
2022-03-09 11:00:00,46.147664500000005
2022-03-09 12:00:00,63.5621645
2022-03-09 13:00:00,68.44033200000001
2022-03-09 14:00:00,67.4574455
2022-03-09 15:00:00,67.0371565
2022-03-09 16:00:00,65.950923
2022-03-09 17:00:00,63.8332625
2022-03-09 18:00:00,61.6620575
2022-03-09 19:00:00,58.8619775
2022-03-09 20:00:00,51.409850000000006
2022-03-09 21:00:00,49.659332500000005
2022-03-09 22:00:00,50.525713
2022-03-09 23:00:00,56.8804365
2022-03-10 00:00:00,63.6039155
2022-03-10 01:00:00,64.8462695
2022-03-10 02:00:00,57.721814
2022-03-10 03:00:00,52.6092295
2022-03-10 04:00:00,48.890393
2022-03-10 05:00:00,43.895499
2022-03-10 06:00:00,39.74490350000001
2022-03-10 07:00:00,39.263277
2022-03-10 08:00:00,39.558310500000005
2022-03-10 09:00:00,39.4402905
2022-03-10 10:00:00,40.994436
2022-03-10 11:00:00,45.6184705
2022-03-10 12:00:00,68.1875545
2022-03-10 13:00:00,68.2222965
2022-03-10 14:00:00,55.9874525
2022-03-10 15:00:00,50.805475
2022-03-10 16:00:00,52.394814
2022-03-10 17:00:00,47.880542
2022-03-10 18:00:00,46.0436675
2022-03-10 19:00:00,44.891514
2022-03-10 20:00:00,42.346154
2022-03-10 21:00:00,42.385389
2022-03-10 22:00:00,43.303741
2022-03-10 23:00:00,48.7014775
2022-03-11 00:00:00,59.564008
2022-03-11 01:00:00,59.318202
2022-03-11 02:00:00,52.348338
2022-03-11 03:00:00,48.5669665
2022-03-11 04:00:00,44.116888
2022-03-11 05:00:00,41.8290345
2022-03-11 06:00:00,42.9310375
2022-03-11 07:00:00,42.294856
2022-03-11 08:00:00,42.3257105
2022-03-11 09:00:00,42.455777
2022-03-11 10:00:00,44.094143
2022-03-11 11:00:00,58.218935
2022-03-11 12:00:00,70.731661
2022-03-11 13:00:00,66.91420400000001
2022-03-11 14:00:00,57.083421
2022-03-11 15:00:00,49.958902
2022-03-11 16:00:00,45.1873095
2022-03-11 17:00:00,42.070817
2022-03-11 18:00:00,41.3848635
2022-03-11 19:00:00,40.946925
2022-03-11 20:00:00,40.1145785
2022-03-11 21:00:00,39.799935
2022-03-11 22:00:00,40.865226
2022-03-11 23:00:00,43.2901355
2022-03-12 00:00:00,51.1658655
2022-03-12 01:00:00,49.3405355
2022-03-12 02:00:00,42.9671945
2022-03-12 03:00:00,41.950711
2022-03-12 04:00:00,40.0659855
2022-03-12 05:00:00,37.098136
2022-03-12 06:00:00,37.1001295
2022-03-12 07:00:00,36.8600155
2022-03-12 08:00:00,36.794476
2022-03-12 09:00:00,37.1048295
2022-03-12 10:00:00,37.8415105
2022-03-12 11:00:00,38.9657925
2022-03-12 12:00:00,40.713705
2022-03-12 13:00:00,43.5891555
2022-03-12 14:00:00,50.081111
2022-03-12 15:00:00,56.028092
2022-03-12 16:00:00,60.9758835
2022-03-12 17:00:00,60.869236
2022-03-12 18:00:00,55.298347
2022-03-12 19:00:00,54.2147285
2022-03-12 20:00:00,50.9441945
2022-03-12 21:00:00,50.5456815
2022-03-12 22:00:00,54.0698275
2022-03-12 23:00:00,69.0444095
2022-03-13 00:00:00,90.340152
2022-03-13 01:00:00,96.213425
2022-03-13 02:00:00,86.696439
2022-03-13 03:00:00,81.65176349999999
2022-03-13 04:00:00,80.64667
2022-03-13 05:00:00,78.2047255
2022-03-13 06:00:00,70.9491845
2022-03-13 07:00:00,69.2726495
2022-03-13 08:00:00,71.73661150000001
2022-03-13 09:00:00,74.478354
2022-03-13 10:00:00,77.732345
2022-03-13 11:00:00,84.8231585
2022-03-13 12:00:00,112.4798095
2022-03-13 13:00:00,97.509514
2022-03-13 14:00:00,71.82597899999999
2022-03-13 15:00:00,58.262415
2022-03-13 16:00:00,51.3923205
2022-03-13 17:00:00,46.4373615
2022-03-13 18:00:00,44.115213
2022-03-13 19:00:00,43.6699055
2022-03-13 20:00:00,43.3757965
2022-03-13 21:00:00,44.05853
2022-03-13 22:00:00,44.761001
2022-03-13 23:00:00,53.089515
2022-03-14 00:00:00,66.5542765
2022-03-14 01:00:00,61.0805135
2022-03-14 02:00:00,55.148435000000006
2022-03-14 03:00:00,48.3736185
2022-03-14 04:00:00,42.6683935
2022-03-14 05:00:00,45.53948
2022-03-14 06:00:00,44.791949
2022-03-14 07:00:00,45.017805
2022-03-14 08:00:00,46.6362355
2022-03-14 09:00:00,48.522714
2022-03-14 10:00:00,56.0432235
2022-03-14 11:00:00,82.6481455
2022-03-14 12:00:00,98.4680535
2022-03-14 13:00:00,64.529997
2022-03-14 14:00:00,58.473142
2022-03-14 15:00:00,50.5642425
2022-03-14 16:00:00,44.8562185
2022-03-14 17:00:00,42.7091055
2022-03-14 18:00:00,40.56199
2022-03-14 19:00:00,39.922351
2022-03-14 20:00:00,39.5167485
2022-03-14 21:00:00,39.464233
2022-03-14 22:00:00,41.3434525
2022-03-14 23:00:00,44.7225655
2022-03-15 00:00:00,54.9189675
2022-03-15 01:00:00,50.3294725
2022-03-15 02:00:00,44.2535615
2022-03-15 03:00:00,41.61234
2022-03-15 04:00:00,38.0414295
2022-03-15 05:00:00,38.3590255
2022-03-15 06:00:00,38.5189895
2022-03-15 07:00:00,38.8540255
2022-03-15 08:00:00,38.9619815
2022-03-15 09:00:00,41.436273
2022-03-15 10:00:00,49.2598205
2022-03-15 11:00:00,66.1180865
2022-03-15 12:00:00,78.3589495
2022-03-15 13:00:00,55.9280785
2022-03-15 14:00:00,49.1776235
2022-03-15 15:00:00,44.4605575
2022-03-15 16:00:00,42.370476
2022-03-15 17:00:00,41.4117615
2022-03-15 18:00:00,39.730504
2022-03-15 19:00:00,38.4750345
2022-03-15 20:00:00,39.0933295
2022-03-15 21:00:00,38.260538
2022-03-15 22:00:00,38.787347
2022-03-15 23:00:00,43.308681
2022-03-16 00:00:00,57.4827485
2022-03-16 01:00:00,49.055801
2022-03-16 02:00:00,42.0163395
2022-03-16 03:00:00,39.515793
2022-03-16 04:00:00,37.5872535
2022-03-16 05:00:00,35.5334325
2022-03-16 06:00:00,35.0304295
2022-03-16 07:00:00,33.914232
2022-03-16 08:00:00,34.339561
2022-03-16 09:00:00,35.3148185
2022-03-16 10:00:00,40.267684
2022-03-16 11:00:00,53.3539815
2022-03-16 12:00:00,56.524638
2022-03-16 13:00:00,45.4181145
2022-03-16 14:00:00,40.1736925
2022-03-16 15:00:00,39.3302635
2022-03-16 16:00:00,38.730401
2022-03-16 17:00:00,37.1148845
2022-03-16 18:00:00,35.89015
2022-03-16 19:00:00,35.3389505
2022-03-16 20:00:00,35.386700000000005
2022-03-16 21:00:00,36.005633
2022-03-16 22:00:00,37.598963
2022-03-16 23:00:00,40.7514165
2022-03-17 00:00:00,50.5282445
2022-03-17 01:00:00,44.952279
2022-03-17 02:00:00,36.168269
2022-03-17 03:00:00,34.354569
2022-03-17 04:00:00,32.0715835
2022-03-17 05:00:00,29.6774145
2022-03-17 06:00:00,28.1562225
2022-03-17 07:00:00,27.508059000000003
2022-03-17 08:00:00,27.8026195
2022-03-17 09:00:00,29.3507895
2022-03-17 10:00:00,35.3939115
2022-03-17 11:00:00,43.1438335
2022-03-17 12:00:00,51.177701
2022-03-17 13:00:00,50.5642645
2022-03-17 14:00:00,50.921783000000005
2022-03-17 15:00:00,49.651816
2022-03-17 16:00:00,48.751934000000006
2022-03-17 17:00:00,48.6705245
2022-03-17 18:00:00,44.798032500000005
2022-03-17 19:00:00,43.0364905
2022-03-17 20:00:00,41.960191
2022-03-17 21:00:00,41.3269235
2022-03-17 22:00:00,41.4069675
2022-03-17 23:00:00,42.897047
2022-03-18 00:00:00,53.2834735
2022-03-18 01:00:00,52.4496905
2022-03-18 02:00:00,41.4858225
2022-03-18 03:00:00,38.307278
2022-03-18 04:00:00,33.2375055
2022-03-18 05:00:00,32.577194500000004
2022-03-18 06:00:00,31.6737655
2022-03-18 07:00:00,30.639147
2022-03-18 08:00:00,31.003049
2022-03-18 09:00:00,31.955434
2022-03-18 10:00:00,34.980862
2022-03-18 11:00:00,42.295237
2022-03-18 12:00:00,45.668659000000005
2022-03-18 13:00:00,43.888496
2022-03-18 14:00:00,42.268999
2022-03-18 15:00:00,43.245195
2022-03-18 16:00:00,42.1448185
2022-03-18 17:00:00,40.01997
2022-03-18 18:00:00,40.8517665
2022-03-18 19:00:00,39.478414
2022-03-18 20:00:00,38.197408
2022-03-18 21:00:00,38.5238035
2022-03-18 22:00:00,38.1903195
2022-03-18 23:00:00,38.52087349999999
2022-03-19 00:00:00,45.1785115
2022-03-19 01:00:00,44.140128
2022-03-19 02:00:00,38.1795445
2022-03-19 03:00:00,36.509968
2022-03-19 04:00:00,33.865447
2022-03-19 05:00:00,33.2079545
2022-03-19 06:00:00,31.860986
2022-03-19 07:00:00,31.052185
2022-03-19 08:00:00,31.0223645
2022-03-19 09:00:00,30.6491495
2022-03-19 10:00:00,30.6983995
2022-03-19 11:00:00,31.998038
2022-03-19 12:00:00,36.039908
2022-03-19 13:00:00,38.4403435
2022-03-19 14:00:00,39.3580415
2022-03-19 15:00:00,39.4370895
2022-03-19 16:00:00,38.5726705
2022-03-19 17:00:00,36.5251465
2022-03-19 18:00:00,35.19783
2022-03-19 19:00:00,33.738443000000004
2022-03-19 20:00:00,34.951694
2022-03-19 21:00:00,36.4642435
2022-03-19 22:00:00,38.413559
2022-03-19 23:00:00,40.697905500000005
2022-03-20 00:00:00,47.903085
2022-03-20 01:00:00,48.915277
2022-03-20 02:00:00,43.8138335
2022-03-20 03:00:00,38.307339
2022-03-20 04:00:00,35.7018035
2022-03-20 05:00:00,35.149774
2022-03-20 06:00:00,34.715698
2022-03-20 07:00:00,33.990568499999995
2022-03-20 08:00:00,34.05742
2022-03-20 09:00:00,34.5259925
2022-03-20 10:00:00,35.2676885
2022-03-20 11:00:00,37.4319
2022-03-20 12:00:00,39.5992275
2022-03-20 13:00:00,39.4993825
2022-03-20 14:00:00,39.191001
2022-03-20 15:00:00,39.518741
2022-03-20 16:00:00,38.1191165
2022-03-20 17:00:00,36.716578
2022-03-20 18:00:00,35.1891685
2022-03-20 19:00:00,34.2183225
2022-03-20 20:00:00,34.472843999999995
2022-03-20 21:00:00,35.7227975
2022-03-20 22:00:00,37.304641
2022-03-20 23:00:00,41.220541
2022-03-21 00:00:00,48.185917
2022-03-21 01:00:00,51.8379905
2022-03-21 02:00:00,42.1185915
2022-03-21 03:00:00,38.785584
2022-03-21 04:00:00,35.2411055
2022-03-21 05:00:00,32.16745
2022-03-21 06:00:00,30.2917825
2022-03-21 07:00:00,29.4668905
2022-03-21 08:00:00,29.9233915
2022-03-21 09:00:00,31.416698
2022-03-21 10:00:00,40.6304085
2022-03-21 11:00:00,58.553823
2022-03-21 12:00:00,67.0235515
2022-03-21 13:00:00,46.1347905
2022-03-21 14:00:00,42.095929
2022-03-21 15:00:00,40.5511445
2022-03-21 16:00:00,39.023274
2022-03-21 17:00:00,37.4607525
2022-03-21 18:00:00,37.1254955
2022-03-21 19:00:00,37.3207545
2022-03-21 20:00:00,36.255588
2022-03-21 21:00:00,36.86062750000001
2022-03-21 22:00:00,37.6738605
2022-03-21 23:00:00,41.451453
2022-03-22 00:00:00,54.859823
2022-03-22 01:00:00,51.971526
2022-03-22 02:00:00,42.9169825
2022-03-22 03:00:00,36.809381
2022-03-22 04:00:00,33.8775895
2022-03-22 05:00:00,34.912363
2022-03-22 06:00:00,34.639151
2022-03-22 07:00:00,33.539198
2022-03-22 08:00:00,34.1783285
2022-03-22 09:00:00,35.813511
2022-03-22 10:00:00,43.150961
2022-03-22 11:00:00,54.8969415
2022-03-22 12:00:00,56.5380985
2022-03-22 13:00:00,49.663942500000005
2022-03-22 14:00:00,45.25647
2022-03-22 15:00:00,42.865484
2022-03-22 16:00:00,42.420519
2022-03-22 17:00:00,41.580334
2022-03-22 18:00:00,40.8439895
2022-03-22 19:00:00,40.639652
2022-03-22 20:00:00,39.991259
2022-03-22 21:00:00,39.902151
2022-03-22 22:00:00,42.93623100000001
2022-03-22 23:00:00,44.1773975
2022-03-23 00:00:00,53.648417
2022-03-23 01:00:00,51.1971025
2022-03-23 02:00:00,44.5575195
2022-03-23 03:00:00,39.5265835
2022-03-23 04:00:00,36.573633
2022-03-23 05:00:00,32.698047
2022-03-23 06:00:00,31.5070755
2022-03-23 07:00:00,30.860451
2022-03-23 08:00:00,30.6318335
2022-03-23 09:00:00,31.9741305
2022-03-23 10:00:00,36.0809315
2022-03-23 11:00:00,46.024386
2022-03-23 12:00:00,48.360529
2022-03-23 13:00:00,47.2986745
2022-03-23 14:00:00,47.3100285
2022-03-23 15:00:00,48.5539895
2022-03-23 16:00:00,45.9009545
2022-03-23 17:00:00,46.199626
2022-03-23 18:00:00,44.8441115
2022-03-23 19:00:00,43.1692465
2022-03-23 20:00:00,42.5036145
2022-03-23 21:00:00,42.0218215
2022-03-23 22:00:00,43.159414
2022-03-23 23:00:00,43.297404
2022-03-24 00:00:00,49.215201500000006
2022-03-24 01:00:00,47.560301
2022-03-24 02:00:00,43.1409935
2022-03-24 03:00:00,37.531597
2022-03-24 04:00:00,35.049890500000004
2022-03-24 05:00:00,32.698464
2022-03-24 06:00:00,31.6898155
2022-03-24 07:00:00,31.1597805
2022-03-24 08:00:00,30.9604075
2022-03-24 09:00:00,32.2721605
2022-03-24 10:00:00,36.737899
2022-03-24 11:00:00,45.65684
2022-03-24 12:00:00,52.7351145
2022-03-24 13:00:00,51.86388
2022-03-24 14:00:00,52.470971000000006
2022-03-24 15:00:00,53.437691
2022-03-24 16:00:00,53.17899
2022-03-24 17:00:00,48.925801
2022-03-24 18:00:00,47.2987
2022-03-24 19:00:00,43.75595199999999
2022-03-24 20:00:00,43.5124555
2022-03-24 21:00:00,43.079505
2022-03-24 22:00:00,44.07306749999999
2022-03-24 23:00:00,45.898183
2022-03-25 00:00:00,53.2926975
2022-03-25 01:00:00,53.6143955
2022-03-25 02:00:00,47.406522
2022-03-25 03:00:00,41.862045
2022-03-25 04:00:00,38.235324000000006
2022-03-25 05:00:00,36.071974
2022-03-25 06:00:00,34.215096
2022-03-25 07:00:00,33.2584625
2022-03-25 08:00:00,33.1600125
2022-03-25 09:00:00,33.8974515
2022-03-25 10:00:00,39.69546
2022-03-25 11:00:00,51.5877575
2022-03-25 12:00:00,56.47111
2022-03-25 13:00:00,50.334491
2022-03-25 14:00:00,46.1036585
2022-03-25 15:00:00,45.323532
2022-03-25 16:00:00,44.3906965
2022-03-25 17:00:00,40.914397
2022-03-25 18:00:00,40.2692015
2022-03-25 19:00:00,39.569866000000005
2022-03-25 20:00:00,38.818777
2022-03-25 21:00:00,37.529497
2022-03-25 22:00:00,39.0873225
2022-03-25 23:00:00,39.552159
2022-03-26 00:00:00,49.569244
2022-03-26 01:00:00,48.4185055
2022-03-26 02:00:00,42.8815095
2022-03-26 03:00:00,38.304832
2022-03-26 04:00:00,34.235077000000004
2022-03-26 05:00:00,39.4054695
2022-03-26 06:00:00,35.581185500000004
2022-03-26 07:00:00,35.009708
2022-03-26 08:00:00,34.4673555
2022-03-26 09:00:00,35.248235
2022-03-26 10:00:00,38.132981
2022-03-26 11:00:00,44.183491
2022-03-26 12:00:00,47.376155
2022-03-26 13:00:00,47.000612
2022-03-26 14:00:00,46.479141
2022-03-26 15:00:00,51.453106000000005
2022-03-26 16:00:00,49.6798435
2022-03-26 17:00:00,46.616764
2022-03-26 18:00:00,45.255084
2022-03-26 19:00:00,42.1010285
2022-03-26 20:00:00,42.483754000000005
2022-03-26 21:00:00,42.781042
2022-03-26 22:00:00,46.056863500000006
2022-03-26 23:00:00,52.0155265
2022-03-27 00:00:00,67.5917645
2022-03-27 01:00:00,66.3589075
2022-03-27 02:00:00,60.0514565
2022-03-27 03:00:00,54.395412
2022-03-27 04:00:00,52.200843500000005
2022-03-27 05:00:00,49.808616
2022-03-27 06:00:00,45.59375
2022-03-27 07:00:00,46.661544
2022-03-27 08:00:00,45.8701465
2022-03-27 09:00:00,46.315081500000005
2022-03-27 10:00:00,48.9503245
2022-03-27 11:00:00,54.357971500000005
2022-03-27 12:00:00,56.4678955
2022-03-27 13:00:00,54.186717
2022-03-27 14:00:00,49.510516
2022-03-27 15:00:00,52.401929
2022-03-27 16:00:00,51.4752565
2022-03-27 17:00:00,50.094198000000006
2022-03-27 18:00:00,45.729573
2022-03-27 19:00:00,45.2910995
2022-03-27 20:00:00,44.6301215
2022-03-27 21:00:00,45.307272
2022-03-27 22:00:00,48.4939905
2022-03-27 23:00:00,55.731357
2022-03-28 00:00:00,79.531217
2022-03-28 01:00:00,90.621714
2022-03-28 02:00:00,76.27138149999999
2022-03-28 03:00:00,70.514881
2022-03-28 04:00:00,65.99577500000001
2022-03-28 05:00:00,54.753648
2022-03-28 06:00:00,51.91771
2022-03-28 07:00:00,52.022705
2022-03-28 08:00:00,53.677086
2022-03-28 09:00:00,57.669583
2022-03-28 10:00:00,75.04844750000001
2022-03-28 11:00:00,121.771202
2022-03-28 12:00:00,145.611586
2022-03-28 13:00:00,91.1324875
2022-03-28 14:00:00,73.88848200000001
2022-03-28 15:00:00,68.21181
2022-03-28 16:00:00,64.319797
2022-03-28 17:00:00,59.3215055
2022-03-28 18:00:00,54.8397475
2022-03-28 19:00:00,51.551369
2022-03-28 20:00:00,51.367906000000005
2022-03-28 21:00:00,52.3067305
2022-03-28 22:00:00,54.058762
2022-03-28 23:00:00,66.823246
2022-03-29 00:00:00,93.3094825
2022-03-29 01:00:00,98.2583395
2022-03-29 02:00:00,76.2746555
2022-03-29 03:00:00,65.137092
2022-03-29 04:00:00,58.0532985
2022-03-29 05:00:00,61.119442
2022-03-29 06:00:00,58.344931
2022-03-29 07:00:00,57.75151
2022-03-29 08:00:00,59.9152515
2022-03-29 09:00:00,63.502859
2022-03-29 10:00:00,75.90154000000001
2022-03-29 11:00:00,127.654829
2022-03-29 12:00:00,143.1823015
2022-03-29 13:00:00,83.863621
2022-03-29 14:00:00,63.6596765
2022-03-29 15:00:00,59.9810925
2022-03-29 16:00:00,55.5133675
2022-03-29 17:00:00,52.2198
2022-03-29 18:00:00,50.199099
2022-03-29 19:00:00,48.5104475
2022-03-29 20:00:00,46.919308
2022-03-29 21:00:00,47.340235
2022-03-29 22:00:00,48.5242505
2022-03-29 23:00:00,52.837342
2022-03-30 00:00:00,68.41506150000001
2022-03-30 01:00:00,69.851113
2022-03-30 02:00:00,57.952822
2022-03-30 03:00:00,51.573497
2022-03-30 04:00:00,49.582265
2022-03-30 05:00:00,51.737223
2022-03-30 06:00:00,49.625824
2022-03-30 07:00:00,50.121786
2022-03-30 08:00:00,48.4314705
2022-03-30 09:00:00,49.7981645
2022-03-30 10:00:00,57.277169
2022-03-30 11:00:00,90.5231945
2022-03-30 12:00:00,97.513549
2022-03-30 13:00:00,64.410748
2022-03-30 14:00:00,56.021169
2022-03-30 15:00:00,52.2940295
2022-03-30 16:00:00,46.764570500000005
2022-03-30 17:00:00,44.75095
2022-03-30 18:00:00,43.6184685
2022-03-30 19:00:00,42.3923655
2022-03-30 20:00:00,42.0281175
2022-03-30 21:00:00,41.8920725
2022-03-30 22:00:00,43.1681675
2022-03-30 23:00:00,44.30647
2022-03-31 00:00:00,53.8828135
2022-03-31 01:00:00,53.1289705
2022-03-31 02:00:00,43.551878
2022-03-31 03:00:00,38.664614
2022-03-31 04:00:00,36.7834595
2022-03-31 05:00:00,35.338536
2022-03-31 06:00:00,35.15963
2022-03-31 07:00:00,33.9931125
2022-03-31 08:00:00,33.945106499999994
2022-03-31 09:00:00,35.259531
2022-03-31 10:00:00,38.739739
2022-03-31 11:00:00,49.6940525
2022-03-31 12:00:00,53.3928645
2022-03-31 13:00:00,49.620979000000005
2022-03-31 14:00:00,49.47814
2022-03-31 15:00:00,49.5260115
2022-03-31 16:00:00,50.246201
2022-03-31 17:00:00,49.9714465
2022-03-31 18:00:00,49.8091945
2022-03-31 19:00:00,49.003362
2022-03-31 20:00:00,47.8118555
2022-03-31 21:00:00,48.7888015
2022-03-31 22:00:00,51.390817
2022-03-31 23:00:00,51.0649575
2022-04-01 00:00:00,61.7146735
2022-04-01 01:00:00,67.089867
2022-04-01 02:00:00,56.121243
2022-04-01 03:00:00,46.968387500000006
2022-04-01 04:00:00,42.117441
2022-04-01 05:00:00,42.3185205
2022-04-01 06:00:00,40.072267
2022-04-01 07:00:00,38.830381
2022-04-01 08:00:00,38.6160435
2022-04-01 09:00:00,41.0609005
2022-04-01 10:00:00,46.154241
2022-04-01 11:00:00,61.203268
2022-04-01 12:00:00,68.22406849999999
2022-04-01 13:00:00,63.6891045
2022-04-01 14:00:00,62.905179
2022-04-01 15:00:00,61.3491435
2022-04-01 16:00:00,59.8136305
2022-04-01 17:00:00,60.5663495
2022-04-01 18:00:00,60.0901355
2022-04-01 19:00:00,53.0009815
2022-04-01 20:00:00,50.182508
2022-04-01 21:00:00,50.856883
2022-04-01 22:00:00,50.8822505
2022-04-01 23:00:00,54.191674500000005
2022-04-02 00:00:00,68.1883195
2022-04-02 01:00:00,83.83088649999999
2022-04-02 02:00:00,67.635143
2022-04-02 03:00:00,67.284749
2022-04-02 04:00:00,56.0248675
2022-04-02 05:00:00,59.6674775
2022-04-02 06:00:00,52.4112405
2022-04-02 07:00:00,50.354126
2022-04-02 08:00:00,50.706888500000005
2022-04-02 09:00:00,52.5344475
2022-04-02 10:00:00,55.238178000000005
2022-04-02 11:00:00,65.501862
2022-04-02 12:00:00,68.988792
2022-04-02 13:00:00,63.582851
2022-04-02 14:00:00,52.8845805
2022-04-02 15:00:00,47.7694305
2022-04-02 16:00:00,44.825009
2022-04-02 17:00:00,42.852017
2022-04-02 18:00:00,41.071684000000005
2022-04-02 19:00:00,40.3503555
2022-04-02 20:00:00,39.465337
2022-04-02 21:00:00,40.9031775
2022-04-02 22:00:00,42.6664085
2022-04-02 23:00:00,45.1803
2022-04-03 00:00:00,55.438538
2022-04-03 01:00:00,67.159401
2022-04-03 02:00:00,52.255446500000005
2022-04-03 03:00:00,46.7085495
2022-04-03 04:00:00,45.196424
2022-04-03 05:00:00,50.6589915
2022-04-03 06:00:00,47.0043645
2022-04-03 07:00:00,43.594587
2022-04-03 08:00:00,43.902483
2022-04-03 09:00:00,45.4696245
2022-04-03 10:00:00,47.640036
2022-04-03 11:00:00,50.417937
2022-04-03 12:00:00,53.0106425
2022-04-03 13:00:00,56.944119
2022-04-03 14:00:00,55.6695245
2022-04-03 15:00:00,53.86551
2022-04-03 16:00:00,54.73699
2022-04-03 17:00:00,49.917459
2022-04-03 18:00:00,47.0843295
2022-04-03 19:00:00,45.355697500000005
2022-04-03 20:00:00,44.6904965
2022-04-03 21:00:00,46.23173
2022-04-03 22:00:00,48.610215
2022-04-03 23:00:00,55.267829
2022-04-04 00:00:00,71.9614575
2022-04-04 01:00:00,88.478803
2022-04-04 02:00:00,67.0062725
2022-04-04 03:00:00,57.8838775
2022-04-04 04:00:00,52.9345195
2022-04-04 05:00:00,54.7421935
2022-04-04 06:00:00,52.052599
2022-04-04 07:00:00,52.1656545
2022-04-04 08:00:00,53.3313105
2022-04-04 09:00:00,55.589847
2022-04-04 10:00:00,66.72104350000001
2022-04-04 11:00:00,92.2329325
2022-04-04 12:00:00,101.8427155
2022-04-04 13:00:00,81.200537
2022-04-04 14:00:00,72.44840500000001
2022-04-04 15:00:00,70.1557225
2022-04-04 16:00:00,70.0388695
2022-04-04 17:00:00,71.632558
2022-04-04 18:00:00,71.240238
2022-04-04 19:00:00,64.83031700000001
2022-04-04 20:00:00,65.0796045
2022-04-04 21:00:00,66.3608375
2022-04-04 22:00:00,73.0336245
2022-04-04 23:00:00,71.9025665
2022-04-05 00:00:00,83.759024
2022-04-05 01:00:00,94.0064345
2022-04-05 02:00:00,77.307706
2022-04-05 03:00:00,65.750754
2022-04-05 04:00:00,57.225769
2022-04-05 05:00:00,56.041676
2022-04-05 06:00:00,53.0029885
2022-04-05 07:00:00,50.9607445
2022-04-05 08:00:00,51.1611565
2022-04-05 09:00:00,54.066685
2022-04-05 10:00:00,63.777008
2022-04-05 11:00:00,82.5610275
2022-04-05 12:00:00,93.3945285
2022-04-05 13:00:00,79.46211
2022-04-05 14:00:00,74.3620115
2022-04-05 15:00:00,72.03465399999999
2022-04-05 16:00:00,70.66769199999999
2022-04-05 17:00:00,70.873617
2022-04-05 18:00:00,68.3263785
2022-04-05 19:00:00,62.3115155
2022-04-05 20:00:00,61.3985655
2022-04-05 21:00:00,61.7196695
2022-04-05 22:00:00,64.38398000000001
2022-04-05 23:00:00,68.43024700000001
2022-04-06 00:00:00,74.377989
2022-04-06 01:00:00,75.9949395
2022-04-06 02:00:00,65.2662325
2022-04-06 03:00:00,57.840266
2022-04-06 04:00:00,50.576962
2022-04-06 05:00:00,52.4857005
2022-04-06 06:00:00,48.2114045
2022-04-06 07:00:00,46.4925595
2022-04-06 08:00:00,46.2050185
2022-04-06 09:00:00,50.4927075
2022-04-06 10:00:00,59.113929
2022-04-06 11:00:00,81.92271149999999
2022-04-06 12:00:00,80.1426085
2022-04-06 13:00:00,76.7483785
2022-04-06 14:00:00,75.1132565
2022-04-06 15:00:00,78.527181
2022-04-06 16:00:00,75.335492
2022-04-06 17:00:00,77.9177305
2022-04-06 18:00:00,75.25125299999999
2022-04-06 19:00:00,70.4016705
2022-04-06 20:00:00,67.5221935
2022-04-06 21:00:00,66.7050495
2022-04-06 22:00:00,68.1330035
2022-04-06 23:00:00,70.7119005
2022-04-07 00:00:00,83.536302
2022-04-07 01:00:00,85.6384515
2022-04-07 02:00:00,70.8230795
2022-04-07 03:00:00,59.456425
2022-04-07 04:00:00,53.294108
2022-04-07 05:00:00,48.089223
2022-04-07 06:00:00,44.532131
2022-04-07 07:00:00,43.2809775
2022-04-07 08:00:00,43.821897
2022-04-07 09:00:00,47.1047235
2022-04-07 10:00:00,56.5068715
2022-04-07 11:00:00,75.12528800000001
2022-04-07 12:00:00,77.9801105
2022-04-07 13:00:00,77.5620295
2022-04-07 14:00:00,73.5944875
2022-04-07 15:00:00,74.9513285
2022-04-07 16:00:00,75.8226605
2022-04-07 17:00:00,74.46468899999999
2022-04-07 18:00:00,74.51694
2022-04-07 19:00:00,69.002893
2022-04-07 20:00:00,64.9376215
2022-04-07 21:00:00,65.203383
2022-04-07 22:00:00,67.2560525
2022-04-07 23:00:00,69.4869485
2022-04-08 00:00:00,80.357992
2022-04-08 01:00:00,87.773499
2022-04-08 02:00:00,75.5208015
2022-04-08 03:00:00,66.1777395
2022-04-08 04:00:00,57.0958725
2022-04-08 05:00:00,57.908351
2022-04-08 06:00:00,56.64803
2022-04-08 07:00:00,55.72591
2022-04-08 08:00:00,56.893745
2022-04-08 09:00:00,60.265178
2022-04-08 10:00:00,70.176091
2022-04-08 11:00:00,83.38698
2022-04-08 12:00:00,90.483698
2022-04-08 13:00:00,81.20428100000001
2022-04-08 14:00:00,76.546087
2022-04-08 15:00:00,79.0049125
2022-04-08 16:00:00,77.74899400000001
2022-04-08 17:00:00,73.7659335
2022-04-08 18:00:00,67.530183
2022-04-08 19:00:00,65.62207749999999
2022-04-08 20:00:00,64.9233335
2022-04-08 21:00:00,65.6989815
2022-04-08 22:00:00,65.5917615
2022-04-08 23:00:00,65.5027145
2022-04-09 00:00:00,80.29569649999999
2022-04-09 01:00:00,82.45091149999999
2022-04-09 02:00:00,78.0548005
2022-04-09 03:00:00,70.7389075
2022-04-09 04:00:00,57.7237175
2022-04-09 05:00:00,63.076151
2022-04-09 06:00:00,60.2716575
2022-04-09 07:00:00,57.822272
2022-04-09 08:00:00,57.8969735
2022-04-09 09:00:00,58.3877495
2022-04-09 10:00:00,59.5366765
2022-04-09 11:00:00,69.7455405
2022-04-09 12:00:00,73.879204
2022-04-09 13:00:00,75.19301999999999
2022-04-09 14:00:00,72.46376000000001
2022-04-09 15:00:00,73.36045200000001
2022-04-09 16:00:00,73.5504
2022-04-09 17:00:00,61.8516335
2022-04-09 18:00:00,59.722822
2022-04-09 19:00:00,59.6242265
2022-04-09 20:00:00,58.93988
2022-04-09 21:00:00,60.6367005
2022-04-09 22:00:00,61.669105
2022-04-09 23:00:00,64.5654755
2022-04-10 00:00:00,89.0931175
2022-04-10 01:00:00,100.1455605
2022-04-10 02:00:00,78.60029850000001
2022-04-10 03:00:00,76.8277875
2022-04-10 04:00:00,63.332621
2022-04-10 05:00:00,66.24359150000001
2022-04-10 06:00:00,62.382368
2022-04-10 07:00:00,60.511609500000006
2022-04-10 08:00:00,60.437306
2022-04-10 09:00:00,60.900891
2022-04-10 10:00:00,65.413068
2022-04-10 11:00:00,74.3914075
2022-04-10 12:00:00,73.08359250000001
2022-04-10 13:00:00,64.649276
2022-04-10 14:00:00,58.8316445
2022-04-10 15:00:00,59.164045
2022-04-10 16:00:00,57.149780500000006
2022-04-10 17:00:00,55.9009075
2022-04-10 18:00:00,54.393807
2022-04-10 19:00:00,53.231812
2022-04-10 20:00:00,52.226966
2022-04-10 21:00:00,53.219383500000006
2022-04-10 22:00:00,53.695783000000006
2022-04-10 23:00:00,57.5397165
2022-04-11 00:00:00,79.275691
2022-04-11 01:00:00,90.0083055
2022-04-11 02:00:00,69.737328
2022-04-11 03:00:00,59.25838
2022-04-11 04:00:00,55.1764365
2022-04-11 05:00:00,53.495495
2022-04-11 06:00:00,53.4295655
2022-04-11 07:00:00,52.7844675
2022-04-11 08:00:00,53.2048125
2022-04-11 09:00:00,53.3442155
2022-04-11 10:00:00,73.6643305
2022-04-11 11:00:00,98.889413
2022-04-11 12:00:00,92.4503945
2022-04-11 13:00:00,75.35178450000001
2022-04-11 14:00:00,69.759057
2022-04-11 15:00:00,71.35011549999999
2022-04-11 16:00:00,71.33904749999999
2022-04-11 17:00:00,72.24703600000001
2022-04-11 18:00:00,72.0267735
2022-04-11 19:00:00,67.258471
2022-04-11 20:00:00,67.19462949999999
2022-04-11 21:00:00,73.37035
2022-04-11 22:00:00,74.25577100000001
2022-04-11 23:00:00,75.3827085
2022-04-12 00:00:00,88.899638
2022-04-12 01:00:00,94.091113
2022-04-12 02:00:00,75.2158025
2022-04-12 03:00:00,65.09020000000001
2022-04-12 04:00:00,59.3186515
2022-04-12 05:00:00,58.7977635
2022-04-12 06:00:00,55.6588615
2022-04-12 07:00:00,53.415212
2022-04-12 08:00:00,53.4363855
2022-04-12 09:00:00,55.0887225
2022-04-12 10:00:00,63.7107885
2022-04-12 11:00:00,79.427815
2022-04-12 12:00:00,83.5696025
2022-04-12 13:00:00,73.04530199999999
2022-04-12 14:00:00,70.77286000000001
2022-04-12 15:00:00,70.4934125
2022-04-12 16:00:00,65.542942
2022-04-12 17:00:00,68.476761
2022-04-12 18:00:00,71.37227150000001
2022-04-12 19:00:00,65.5458035
2022-04-12 20:00:00,66.5072405
2022-04-12 21:00:00,69.0388645
2022-04-12 22:00:00,71.762479
2022-04-12 23:00:00,72.6026855
2022-04-13 00:00:00,85.0663865
2022-04-13 01:00:00,92.148226
2022-04-13 02:00:00,70.86975699999999
2022-04-13 03:00:00,56.7143115
2022-04-13 04:00:00,52.28719
2022-04-13 05:00:00,48.516331
2022-04-13 06:00:00,44.565092500000006
2022-04-13 07:00:00,41.931053000000006
2022-04-13 08:00:00,42.399617000000006
2022-04-13 09:00:00,45.9544215
2022-04-13 10:00:00,50.7921315
2022-04-13 11:00:00,61.8052235
2022-04-13 12:00:00,70.44656
2022-04-13 13:00:00,64.6154185
2022-04-13 14:00:00,62.764638000000005
2022-04-13 15:00:00,65.221318
2022-04-13 16:00:00,66.88081199999999
2022-04-13 17:00:00,71.15367850000001
2022-04-13 18:00:00,77.0133755
2022-04-13 19:00:00,75.920879
2022-04-13 20:00:00,76.4766165
2022-04-13 21:00:00,79.955561
2022-04-13 22:00:00,86.7034985
2022-04-13 23:00:00,83.872564
2022-04-14 00:00:00,85.10482049999999
2022-04-14 01:00:00,94.0909935
2022-04-14 02:00:00,76.2382085
2022-04-14 03:00:00,61.9786295
2022-04-14 04:00:00,54.9316735
2022-04-14 05:00:00,48.1297805
2022-04-14 06:00:00,46.402682
2022-04-14 07:00:00,44.2347835
2022-04-14 08:00:00,43.5800065
2022-04-14 09:00:00,45.108652500000005
2022-04-14 10:00:00,50.0100565
2022-04-14 11:00:00,63.2482855
2022-04-14 12:00:00,75.4981145
2022-04-14 13:00:00,72.8488475
2022-04-14 14:00:00,72.6388185
2022-04-14 15:00:00,75.72166150000001
2022-04-14 16:00:00,76.1286835
2022-04-14 17:00:00,76.578285
2022-04-14 18:00:00,76.42209550000001
2022-04-14 19:00:00,75.8403825
2022-04-14 20:00:00,75.9078535
2022-04-14 21:00:00,77.2295695
2022-04-14 22:00:00,76.5634785
2022-04-14 23:00:00,76.16941349999999
2022-04-15 00:00:00,76.9840885
2022-04-15 01:00:00,95.731588
2022-04-15 02:00:00,75.5860605
2022-04-15 03:00:00,60.929098
2022-04-15 04:00:00,56.72881
2022-04-15 05:00:00,50.3753595
2022-04-15 06:00:00,47.982694
2022-04-15 07:00:00,46.7420125
2022-04-15 08:00:00,46.720771
2022-04-15 09:00:00,48.878758000000005
2022-04-15 10:00:00,55.0661525
2022-04-15 11:00:00,69.8799205
2022-04-15 12:00:00,74.06074699999999
2022-04-15 13:00:00,68.9212065
2022-04-15 14:00:00,66.77984000000001
2022-04-15 15:00:00,65.355301
2022-04-15 16:00:00,62.6083175
2022-04-15 17:00:00,60.175284
2022-04-15 18:00:00,57.8772985
2022-04-15 19:00:00,57.1996435
2022-04-15 20:00:00,57.3705705
2022-04-15 21:00:00,60.2644865
2022-04-15 22:00:00,65.644601
2022-04-15 23:00:00,66.958415
2022-04-16 00:00:00,73.138461
2022-04-16 01:00:00,82.1710705
2022-04-16 02:00:00,70.2673385
2022-04-16 03:00:00,63.764755
2022-04-16 04:00:00,54.7609935
2022-04-16 05:00:00,57.613314
2022-04-16 06:00:00,56.045512
2022-04-16 07:00:00,53.8714085
2022-04-16 08:00:00,53.2475245
2022-04-16 09:00:00,53.849954
2022-04-16 10:00:00,54.8802305
2022-04-16 11:00:00,55.40979
2022-04-16 12:00:00,56.997247
2022-04-16 13:00:00,69.9667485
2022-04-16 14:00:00,71.4400465
2022-04-16 15:00:00,73.072519
2022-04-16 16:00:00,70.69056950000001
2022-04-16 17:00:00,62.6461565
2022-04-16 18:00:00,55.137189000000006
2022-04-16 19:00:00,55.197632
2022-04-16 20:00:00,54.5945535
2022-04-16 21:00:00,55.8404005
2022-04-16 22:00:00,56.358367
2022-04-16 23:00:00,56.232302
2022-04-17 00:00:00,72.0213775
2022-04-17 01:00:00,94.3190525
2022-04-17 02:00:00,77.7641025
2022-04-17 03:00:00,69.6485905
2022-04-17 04:00:00,64.4849695
2022-04-17 05:00:00,52.6423235
2022-04-17 06:00:00,51.1301735
2022-04-17 07:00:00,50.543998
2022-04-17 08:00:00,50.880119
2022-04-17 09:00:00,51.3753285
2022-04-17 10:00:00,52.766592
2022-04-17 11:00:00,53.9346485
2022-04-17 12:00:00,54.934486
2022-04-17 13:00:00,57.397539
2022-04-17 14:00:00,57.396994
2022-04-17 15:00:00,55.9108335
2022-04-17 16:00:00,54.992855
2022-04-17 17:00:00,53.3447115
2022-04-17 18:00:00,51.0355575
2022-04-17 19:00:00,50.7473885
2022-04-17 20:00:00,51.019852
2022-04-17 21:00:00,51.2692515
2022-04-17 22:00:00,53.074839
2022-04-17 23:00:00,59.732886
2022-04-18 00:00:00,76.36789999999999
2022-04-18 01:00:00,91.1602005
2022-04-18 02:00:00,73.406032
2022-04-18 03:00:00,64.9574045
2022-04-18 04:00:00,60.521392500000005
2022-04-18 05:00:00,55.2116565
2022-04-18 06:00:00,55.8088295
2022-04-18 07:00:00,55.3844205
2022-04-18 08:00:00,55.3404855
2022-04-18 09:00:00,63.012428
2022-04-18 10:00:00,81.972627
2022-04-18 11:00:00,102.549494
2022-04-18 12:00:00,99.63084
2022-04-18 13:00:00,98.539909
2022-04-18 14:00:00,104.2862805
2022-04-18 15:00:00,102.518798
2022-04-18 16:00:00,100.9144645
2022-04-18 17:00:00,99.158138
2022-04-18 18:00:00,95.3579275
2022-04-18 19:00:00,89.140053
2022-04-18 20:00:00,81.776107
2022-04-18 21:00:00,80.757447
2022-04-18 22:00:00,87.83850799999999
2022-04-18 23:00:00,81.781148
2022-04-19 00:00:00,90.3832475
2022-04-19 01:00:00,96.4277755
2022-04-19 02:00:00,95.2635935
2022-04-19 03:00:00,78.564803
2022-04-19 04:00:00,69.3913735
2022-04-19 05:00:00,62.9417865
2022-04-19 06:00:00,64.8777975
2022-04-19 07:00:00,64.8996995
2022-04-19 08:00:00,64.1317595
2022-04-19 09:00:00,69.49206000000001
2022-04-19 10:00:00,91.1083715
2022-04-19 11:00:00,118.013617
2022-04-19 12:00:00,124.8376945
2022-04-19 13:00:00,103.0783045
2022-04-19 14:00:00,99.795671
2022-04-19 15:00:00,106.396881
2022-04-19 16:00:00,97.9790845
2022-04-19 17:00:00,93.0920515
2022-04-19 18:00:00,88.219116
2022-04-19 19:00:00,83.10801749999999
2022-04-19 20:00:00,79.1365565
2022-04-19 21:00:00,82.842131
2022-04-19 22:00:00,86.72006400000001
2022-04-19 23:00:00,97.316929
2022-04-20 00:00:00,108.605572
2022-04-20 01:00:00,139.710535
2022-04-20 02:00:00,108.7955195
2022-04-20 03:00:00,94.4756005
2022-04-20 04:00:00,83.6656225
2022-04-20 05:00:00,74.19799800000001
2022-04-20 06:00:00,72.0727385
2022-04-20 07:00:00,71.6002465
2022-04-20 08:00:00,71.4337505
2022-04-20 09:00:00,75.0509225
2022-04-20 10:00:00,96.4811055
2022-04-20 11:00:00,116.9728325
2022-04-20 12:00:00,128.6221315
2022-04-20 13:00:00,97.316605
2022-04-20 14:00:00,88.938319
2022-04-20 15:00:00,75.90783049999999
2022-04-20 16:00:00,69.998405
2022-04-20 17:00:00,69.11976200000001
2022-04-20 18:00:00,63.3391035
2022-04-20 19:00:00,59.9552135
2022-04-20 20:00:00,59.083624
2022-04-20 21:00:00,58.975332
2022-04-20 22:00:00,60.0003955
2022-04-20 23:00:00,63.801132
2022-04-21 00:00:00,76.2391795
2022-04-21 01:00:00,90.956225
2022-04-21 02:00:00,76.058892
2022-04-21 03:00:00,63.465837500000006
2022-04-21 04:00:00,54.720868
2022-04-21 05:00:00,49.5988595
2022-04-21 06:00:00,51.006099500000005
2022-04-21 07:00:00,51.1117955
2022-04-21 08:00:00,51.5484805
2022-04-21 09:00:00,55.3439815
2022-04-21 10:00:00,66.18758249999999
2022-04-21 11:00:00,80.026296
2022-04-21 12:00:00,86.53671700000001
2022-04-21 13:00:00,78.9054385
2022-04-21 14:00:00,75.46318049999999
2022-04-21 15:00:00,81.09894800000001
2022-04-21 16:00:00,81.3723455
2022-04-21 17:00:00,81.466854
2022-04-21 18:00:00,79.304464
2022-04-21 19:00:00,76.216366
2022-04-21 20:00:00,75.445201
2022-04-21 21:00:00,77.9307175
2022-04-21 22:00:00,81.71584100000001
2022-04-21 23:00:00,83.6844855
2022-04-22 00:00:00,90.394593
2022-04-22 01:00:00,101.664639
2022-04-22 02:00:00,86.450694
2022-04-22 03:00:00,75.0285745
2022-04-22 04:00:00,64.54108149999999
2022-04-22 05:00:00,56.215469
2022-04-22 06:00:00,51.314091
2022-04-22 07:00:00,47.905334
2022-04-22 08:00:00,47.0692095
2022-04-22 09:00:00,49.455716
2022-04-22 10:00:00,56.493136
2022-04-22 11:00:00,68.200435
2022-04-22 12:00:00,69.52496500000001
2022-04-22 13:00:00,67.54908800000001
2022-04-22 14:00:00,65.1160255
2022-04-22 15:00:00,64.210387
2022-04-22 16:00:00,61.222665
2022-04-22 17:00:00,62.619574
2022-04-22 18:00:00,63.25836
2022-04-22 19:00:00,62.883727
2022-04-22 20:00:00,63.5799715
2022-04-22 21:00:00,65.04188500000001
2022-04-22 22:00:00,65.9116375
2022-04-22 23:00:00,65.168981
2022-04-23 00:00:00,66.6181835
2022-04-23 01:00:00,66.7411145
2022-04-23 02:00:00,62.9533465
2022-04-23 03:00:00,57.4681635
2022-04-23 04:00:00,52.006719
2022-04-23 05:00:00,50.2272495
2022-04-23 06:00:00,47.7842395
2022-04-23 07:00:00,46.9616475
2022-04-23 08:00:00,46.398781
2022-04-23 09:00:00,47.1570225
2022-04-23 10:00:00,48.437155
2022-04-23 11:00:00,53.075305
2022-04-23 12:00:00,54.8771755
2022-04-23 13:00:00,53.519593
2022-04-23 14:00:00,55.177196
2022-04-23 15:00:00,54.0155525
2022-04-23 16:00:00,54.850726
2022-04-23 17:00:00,54.071599000000006
2022-04-23 18:00:00,58.2971805
2022-04-23 19:00:00,62.2140045
2022-04-23 20:00:00,65.8461375
2022-04-23 21:00:00,66.56011000000001
2022-04-23 22:00:00,68.1282075
2022-04-23 23:00:00,65.13964849999999
2022-04-24 00:00:00,66.720984
2022-04-24 01:00:00,67.749136
2022-04-24 02:00:00,63.089862
2022-04-24 03:00:00,55.928921
2022-04-24 04:00:00,48.089207
2022-04-24 05:00:00,44.257453
2022-04-24 06:00:00,42.9947725
2022-04-24 07:00:00,41.257444
2022-04-24 08:00:00,41.325542
2022-04-24 09:00:00,41.8904885
2022-04-24 10:00:00,42.777007
2022-04-24 11:00:00,43.39556
2022-04-24 12:00:00,44.453103
2022-04-24 13:00:00,47.230892
2022-04-24 14:00:00,51.048458
2022-04-24 15:00:00,54.8760085
2022-04-24 16:00:00,61.219461
2022-04-24 17:00:00,65.2758905
2022-04-24 18:00:00,72.485434
2022-04-24 19:00:00,81.222244
2022-04-24 20:00:00,91.299754
2022-04-24 21:00:00,90.112815
2022-04-24 22:00:00,94.766022
2022-04-24 23:00:00,92.6315225
2022-04-25 00:00:00,95.2526695
2022-04-25 01:00:00,101.0186145
2022-04-25 02:00:00,89.405063
2022-04-25 03:00:00,70.89907600000001
2022-04-25 04:00:00,61.587565
2022-04-25 05:00:00,48.822979
2022-04-25 06:00:00,47.148570500000005
2022-04-25 07:00:00,45.74838
2022-04-25 08:00:00,45.999118
2022-04-25 09:00:00,48.119763
2022-04-25 10:00:00,51.455653
2022-04-25 11:00:00,64.92351500000001
2022-04-25 12:00:00,79.13105200000001
2022-04-25 13:00:00,79.5286045
2022-04-25 14:00:00,83.1338655
2022-04-25 15:00:00,87.74871200000001
2022-04-25 16:00:00,87.04504750000001
2022-04-25 17:00:00,93.18077
2022-04-25 18:00:00,97.8342085
2022-04-25 19:00:00,92.79969
2022-04-25 20:00:00,95.068806
2022-04-25 21:00:00,91.0925515
2022-04-25 22:00:00,93.4980495
2022-04-25 23:00:00,89.167535
2022-04-26 00:00:00,93.016759
2022-04-26 01:00:00,95.0724935
2022-04-26 02:00:00,79.6728105
2022-04-26 03:00:00,72.828543
2022-04-26 04:00:00,55.6410215
2022-04-26 05:00:00,51.8091145
2022-04-26 06:00:00,49.4071535
2022-04-26 07:00:00,47.7733
2022-04-26 08:00:00,47.209003
2022-04-26 09:00:00,51.363302
2022-04-26 10:00:00,59.963483
2022-04-26 11:00:00,74.4293935
2022-04-26 12:00:00,82.32144249999999
2022-04-26 13:00:00,81.636737
2022-04-26 14:00:00,82.2806635
2022-04-26 15:00:00,82.141423
2022-04-26 16:00:00,83.8087405
2022-04-26 17:00:00,86.87051550000001
2022-04-26 18:00:00,82.68335450000001
2022-04-26 19:00:00,78.017078
2022-04-26 20:00:00,74.49976
2022-04-26 21:00:00,73.758738
2022-04-26 22:00:00,76.8883925
2022-04-26 23:00:00,77.129332
2022-04-27 00:00:00,82.1539875
2022-04-27 01:00:00,86.7152045
2022-04-27 02:00:00,78.84421850000001
2022-04-27 03:00:00,71.7215515
2022-04-27 04:00:00,60.2661735
2022-04-27 05:00:00,58.7232365
2022-04-27 06:00:00,53.669903
2022-04-27 07:00:00,52.9720895
2022-04-27 08:00:00,53.3724905
2022-04-27 09:00:00,57.7240705
2022-04-27 10:00:00,75.017065
2022-04-27 11:00:00,92.811235
2022-04-27 12:00:00,102.073613
2022-04-27 13:00:00,83.4673245
2022-04-27 14:00:00,82.218091
2022-04-27 15:00:00,80.578494
2022-04-27 16:00:00,79.29965200000001
2022-04-27 17:00:00,78.287352
2022-04-27 18:00:00,73.0778545
2022-04-27 19:00:00,71.627104
2022-04-27 20:00:00,68.8968125
2022-04-27 21:00:00,69.500108
2022-04-27 22:00:00,70.671397
2022-04-27 23:00:00,75.071595
2022-04-28 00:00:00,84.55192149999999
2022-04-28 01:00:00,92.622317
2022-04-28 02:00:00,83.2817255
2022-04-28 03:00:00,69.13037750000001
2022-04-28 04:00:00,62.25185999999999
2022-04-28 05:00:00,57.0548735
2022-04-28 06:00:00,55.087892
2022-04-28 07:00:00,53.7960785
2022-04-28 08:00:00,55.296787
2022-04-28 09:00:00,58.979102
2022-04-28 10:00:00,73.48327499999999
2022-04-28 11:00:00,98.726547
2022-04-28 12:00:00,99.6693005
2022-04-28 13:00:00,79.2005045
2022-04-28 14:00:00,72.03734800000001
2022-04-28 15:00:00,70.611828
2022-04-28 16:00:00,65.2070175
2022-04-28 17:00:00,61.3001355
2022-04-28 18:00:00,57.3290995
2022-04-28 19:00:00,55.917460000000005
2022-04-28 20:00:00,55.033459
2022-04-28 21:00:00,54.6137635
2022-04-28 22:00:00,57.6475145
2022-04-28 23:00:00,61.982961
2022-04-29 00:00:00,74.919431
2022-04-29 01:00:00,89.0277715
2022-04-29 02:00:00,73.2744075
2022-04-29 03:00:00,62.12691
2022-04-29 04:00:00,55.1149025
2022-04-29 05:00:00,54.1340185
2022-04-29 06:00:00,53.182946
2022-04-29 07:00:00,53.339051
2022-04-29 08:00:00,53.2907285
2022-04-29 09:00:00,57.628353
2022-04-29 10:00:00,70.849687
2022-04-29 11:00:00,92.808824
2022-04-29 12:00:00,89.71702350000001
2022-04-29 13:00:00,78.91785
2022-04-29 14:00:00,75.572242
2022-04-29 15:00:00,71.039054
2022-04-29 16:00:00,68.578485
2022-04-29 17:00:00,65.625753
2022-04-29 18:00:00,61.8421185
2022-04-29 19:00:00,60.10694
2022-04-29 20:00:00,58.806495
2022-04-29 21:00:00,59.747862
2022-04-29 22:00:00,61.9309065
2022-04-29 23:00:00,67.06365600000001
2022-04-30 00:00:00,73.137338
2022-04-30 01:00:00,75.322186
2022-04-30 02:00:00,71.317593
2022-04-30 03:00:00,59.5897525
2022-04-30 04:00:00,54.163528
2022-04-30 05:00:00,55.576587
2022-04-30 06:00:00,55.8811015
2022-04-30 07:00:00,56.194945
2022-04-30 08:00:00,56.375723
2022-04-30 09:00:00,56.744683
2022-04-30 10:00:00,56.3956645
2022-04-30 11:00:00,60.376101
2022-04-30 12:00:00,61.4858975
2022-04-30 13:00:00,59.966057
2022-04-30 14:00:00,56.9013265
2022-04-30 15:00:00,57.0735115
2022-04-30 16:00:00,57.05913
2022-04-30 17:00:00,57.2842115
2022-04-30 18:00:00,58.173718
2022-04-30 19:00:00,56.688453
2022-04-30 20:00:00,58.209909
2022-04-30 21:00:00,58.3549575
2022-04-30 22:00:00,64.8252145
2022-04-30 23:00:00,64.967162
2022-05-01 00:00:00,69.601263
2022-05-01 01:00:00,76.547244
2022-05-01 02:00:00,69.501096
2022-05-01 03:00:00,59.6944375
2022-05-01 04:00:00,51.34222
2022-05-01 05:00:00,54.8124915
2022-05-01 06:00:00,53.079375
2022-05-01 07:00:00,50.089757000000006
2022-05-01 08:00:00,50.058526
2022-05-01 09:00:00,49.8022725
2022-05-01 10:00:00,50.355495
2022-05-01 11:00:00,50.255615
2022-05-01 12:00:00,50.155926
2022-05-01 13:00:00,53.344601
2022-05-01 14:00:00,58.317995
2022-05-01 15:00:00,58.153883500000006
2022-05-01 16:00:00,58.2964265
2022-05-01 17:00:00,58.8957515
2022-05-01 18:00:00,63.658092
2022-05-01 19:00:00,65.3373825
2022-05-01 20:00:00,69.4186565
2022-05-01 21:00:00,71.286744
2022-05-01 22:00:00,78.2963335
2022-05-01 23:00:00,78.51452800000001
2022-05-02 00:00:00,76.881288
2022-05-02 01:00:00,87.381644
2022-05-02 02:00:00,79.9178265
2022-05-02 03:00:00,67.96300049999999
2022-05-02 04:00:00,57.0458115
2022-05-02 05:00:00,47.892433
2022-05-02 06:00:00,47.3079365
2022-05-02 07:00:00,46.502349
2022-05-02 08:00:00,46.4179635
2022-05-02 09:00:00,46.826349
2022-05-02 10:00:00,58.0395455
2022-05-02 11:00:00,74.39002400000001
2022-05-02 12:00:00,89.33852999999999
2022-05-02 13:00:00,87.79498
2022-05-02 14:00:00,88.4585325
2022-05-02 15:00:00,92.480649
2022-05-02 16:00:00,93.738389
2022-05-02 17:00:00,94.6920925
2022-05-02 18:00:00,96.423719
2022-05-02 19:00:00,94.755858
2022-05-02 20:00:00,94.25293
2022-05-02 21:00:00,98.927935
2022-05-02 22:00:00,103.449028
2022-05-02 23:00:00,100.3464185
2022-05-03 00:00:00,105.040248
2022-05-03 01:00:00,115.80018
2022-05-03 02:00:00,97.4798475
2022-05-03 03:00:00,81.994191
2022-05-03 04:00:00,69.6624825
2022-05-03 05:00:00,59.6346515
2022-05-03 06:00:00,50.414996
2022-05-03 07:00:00,46.3160535
2022-05-03 08:00:00,46.1999925
2022-05-03 09:00:00,47.3404695
2022-05-03 10:00:00,59.3845255
2022-05-03 11:00:00,68.409839
2022-05-03 12:00:00,83.05681849999999
2022-05-03 13:00:00,79.385824
2022-05-03 14:00:00,79.47105450000001
2022-05-03 15:00:00,81.22364350000001
2022-05-03 16:00:00,82.2403965
2022-05-03 17:00:00,82.167981
2022-05-03 18:00:00,85.18787
2022-05-03 19:00:00,86.140586
2022-05-03 20:00:00,90.1785875
2022-05-03 21:00:00,94.5360785
2022-05-03 22:00:00,101.4244105
2022-05-03 23:00:00,100.514769
2022-05-04 00:00:00,101.5513415
2022-05-04 01:00:00,104.458878
2022-05-04 02:00:00,89.4180335
2022-05-04 03:00:00,75.36368350000001
2022-05-04 04:00:00,63.5708715
2022-05-04 05:00:00,54.063236
2022-05-04 06:00:00,50.2612135
2022-05-04 07:00:00,48.987298
2022-05-04 08:00:00,48.8100455
2022-05-04 09:00:00,50.201503
2022-05-04 10:00:00,57.892508500000005
2022-05-04 11:00:00,71.492221
2022-05-04 12:00:00,76.90337600000001
2022-05-04 13:00:00,87.68328299999999
2022-05-04 14:00:00,93.4131445
2022-05-04 15:00:00,95.533259
2022-05-04 16:00:00,100.161096
2022-05-04 17:00:00,102.1584215
2022-05-04 18:00:00,102.5796665
2022-05-04 19:00:00,98.7539805
2022-05-04 20:00:00,101.8046275
2022-05-04 21:00:00,101.8126195
2022-05-04 22:00:00,109.548039
2022-05-04 23:00:00,102.0158175
2022-05-05 00:00:00,107.2629875
2022-05-05 01:00:00,108.412032
2022-05-05 02:00:00,93.4681035
2022-05-05 03:00:00,78.3582495
2022-05-05 04:00:00,66.1618515
2022-05-05 05:00:00,60.7807765
2022-05-05 06:00:00,54.955135
2022-05-05 07:00:00,53.720838
2022-05-05 08:00:00,52.890046
2022-05-05 09:00:00,54.0334495
2022-05-05 10:00:00,62.673464
2022-05-05 11:00:00,73.89808049999999
2022-05-05 12:00:00,74.535204
2022-05-05 13:00:00,79.20174499999999
2022-05-05 14:00:00,81.66062400000001
2022-05-05 15:00:00,89.56959599999999
2022-05-05 16:00:00,90.393417
2022-05-05 17:00:00,91.0197845
2022-05-05 18:00:00,94.9674925
2022-05-05 19:00:00,93.255115
2022-05-05 20:00:00,92.8670755
2022-05-05 21:00:00,92.9059195
2022-05-05 22:00:00,96.255723
2022-05-05 23:00:00,86.83188050000001
2022-05-06 00:00:00,90.9597525
2022-05-06 01:00:00,96.9917645
2022-05-06 02:00:00,92.1075815
2022-05-06 03:00:00,72.48590899999999
2022-05-06 04:00:00,64.27693550000001
2022-05-06 05:00:00,55.162905
2022-05-06 06:00:00,55.365735
2022-05-06 07:00:00,54.4688795
2022-05-06 08:00:00,53.591693500000005
2022-05-06 09:00:00,54.4891835
2022-05-06 10:00:00,58.9228265
2022-05-06 11:00:00,70.190676
2022-05-06 12:00:00,73.16875
2022-05-06 13:00:00,75.187141
2022-05-06 14:00:00,78.270881
2022-05-06 15:00:00,85.235375
2022-05-06 16:00:00,82.4871805
2022-05-06 17:00:00,81.53146699999999
2022-05-06 18:00:00,81.6549825
2022-05-06 19:00:00,75.5435655
2022-05-06 20:00:00,70.8045855
2022-05-06 21:00:00,70.610379
2022-05-06 22:00:00,70.4914695
2022-05-06 23:00:00,66.7905625
2022-05-07 00:00:00,68.531408
2022-05-07 01:00:00,74.055788
2022-05-07 02:00:00,71.7947365
2022-05-07 03:00:00,66.242142
2022-05-07 04:00:00,62.7934595
2022-05-07 05:00:00,54.6866115
2022-05-07 06:00:00,53.4598415
2022-05-07 07:00:00,51.576890500000005
2022-05-07 08:00:00,51.159917
2022-05-07 09:00:00,51.467247
2022-05-07 10:00:00,52.5763295
2022-05-07 11:00:00,52.473004
2022-05-07 12:00:00,55.889762000000005
2022-05-07 13:00:00,64.90025650000001
2022-05-07 14:00:00,69.616956
2022-05-07 15:00:00,73.99846249999999
2022-05-07 16:00:00,73.92773550000001
2022-05-07 17:00:00,70.0077655
2022-05-07 18:00:00,66.80617950000001
2022-05-07 19:00:00,64.6364655
2022-05-07 20:00:00,64.302893
2022-05-07 21:00:00,67.6380205
2022-05-07 22:00:00,69.268279
2022-05-07 23:00:00,68.6212425
2022-05-08 00:00:00,70.821293
2022-05-08 01:00:00,74.13561150000001
2022-05-08 02:00:00,71.547798
2022-05-08 03:00:00,67.857653
2022-05-08 04:00:00,61.605576
2022-05-08 05:00:00,60.4101415
2022-05-08 06:00:00,60.44553
2022-05-08 07:00:00,58.6027435
2022-05-08 08:00:00,58.6817165
2022-05-08 09:00:00,58.9624805
2022-05-08 10:00:00,60.353642
2022-05-08 11:00:00,59.9299655
2022-05-08 12:00:00,60.9154055
2022-05-08 13:00:00,69.6514185
2022-05-08 14:00:00,77.4210025
2022-05-08 15:00:00,73.54853449999999
2022-05-08 16:00:00,69.0582565
2022-05-08 17:00:00,64.5066705
2022-05-08 18:00:00,61.005549
2022-05-08 19:00:00,61.134291
2022-05-08 20:00:00,61.203377
2022-05-08 21:00:00,67.0324245
2022-05-08 22:00:00,70.760234
2022-05-08 23:00:00,72.13319150000001
2022-05-09 00:00:00,74.24223
2022-05-09 01:00:00,80.62701150000001
2022-05-09 02:00:00,78.8445035
2022-05-09 03:00:00,68.1511605
2022-05-09 04:00:00,59.9224055
2022-05-09 05:00:00,55.3978785
2022-05-09 06:00:00,54.0306055
2022-05-09 07:00:00,53.051043
2022-05-09 08:00:00,53.9383905
2022-05-09 09:00:00,55.4797655
2022-05-09 10:00:00,69.3489975
2022-05-09 11:00:00,80.759911
2022-05-09 12:00:00,86.03396000000001
2022-05-09 13:00:00,79.168182
2022-05-09 14:00:00,75.61529
2022-05-09 15:00:00,73.787035
2022-05-09 16:00:00,71.5635755
2022-05-09 17:00:00,73.002038
2022-05-09 18:00:00,76.60284300000001
2022-05-09 19:00:00,74.139538
2022-05-09 20:00:00,73.1835045
2022-05-09 21:00:00,77.894779
2022-05-09 22:00:00,83.877884
2022-05-09 23:00:00,83.215521
2022-05-10 00:00:00,88.477653
2022-05-10 01:00:00,90.8105845
2022-05-10 02:00:00,80.60995750000001
2022-05-10 03:00:00,69.183211
2022-05-10 04:00:00,63.274167
2022-05-10 05:00:00,54.102547
2022-05-10 06:00:00,54.341222
2022-05-10 07:00:00,54.247966000000005
2022-05-10 08:00:00,53.706712
2022-05-10 09:00:00,55.8890895
2022-05-10 10:00:00,69.837277
2022-05-10 11:00:00,75.02773300000001
2022-05-10 12:00:00,75.813534
2022-05-10 13:00:00,71.018749
2022-05-10 14:00:00,76.6607165
2022-05-10 15:00:00,76.83053699999999
2022-05-10 16:00:00,79.76108049999999
2022-05-10 17:00:00,92.019687
2022-05-10 18:00:00,101.9219315
2022-05-10 19:00:00,91.948204
2022-05-10 20:00:00,94.340629
2022-05-10 21:00:00,97.176703
2022-05-10 22:00:00,101.5252895
2022-05-10 23:00:00,98.5683985
2022-05-11 00:00:00,100.9048275
2022-05-11 01:00:00,105.608139
2022-05-11 02:00:00,98.7148755
2022-05-11 03:00:00,76.2479945
2022-05-11 04:00:00,60.558083
2022-05-11 05:00:00,51.37189
2022-05-11 06:00:00,49.290879
2022-05-11 07:00:00,47.678147
2022-05-11 08:00:00,46.8988505
2022-05-11 09:00:00,48.5374745
2022-05-11 10:00:00,51.2889105
2022-05-11 11:00:00,59.7182145
2022-05-11 12:00:00,67.82440650000001
2022-05-11 13:00:00,67.776286
2022-05-11 14:00:00,71.37578099999999
2022-05-11 15:00:00,73.75624250000001
2022-05-11 16:00:00,78.1245615
2022-05-11 17:00:00,89.384342
2022-05-11 18:00:00,91.9566465
2022-05-11 19:00:00,92.9205785
2022-05-11 20:00:00,95.732307
2022-05-11 21:00:00,99.967847
2022-05-11 22:00:00,100.2230565
2022-05-11 23:00:00,98.0311925
2022-05-12 00:00:00,94.0558755
2022-05-12 01:00:00,96.02172
2022-05-12 02:00:00,88.163707
2022-05-12 03:00:00,67.1324965
2022-05-12 04:00:00,53.873618500000006
2022-05-12 05:00:00,52.374321
2022-05-12 06:00:00,48.512957
2022-05-12 07:00:00,45.910549
2022-05-12 08:00:00,44.720109
2022-05-12 09:00:00,45.145271
2022-05-12 10:00:00,50.628369
2022-05-12 11:00:00,64.4453525
2022-05-12 12:00:00,69.2632825
2022-05-12 13:00:00,71.300815
2022-05-12 14:00:00,78.7804235
2022-05-12 15:00:00,87.91937899999999
2022-05-12 16:00:00,90.4288455
2022-05-12 17:00:00,95.8399695
2022-05-12 18:00:00,100.37742
2022-05-12 19:00:00,104.1868325
2022-05-12 20:00:00,106.7680215
2022-05-12 21:00:00,114.668382
2022-05-12 22:00:00,118.684105
2022-05-12 23:00:00,105.4175825
2022-05-13 00:00:00,102.3770165
2022-05-13 01:00:00,100.1411965
2022-05-13 02:00:00,93.198626
2022-05-13 03:00:00,78.18964349999999
2022-05-13 04:00:00,62.7747595
2022-05-13 05:00:00,54.223478
2022-05-13 06:00:00,49.8297215
2022-05-13 07:00:00,48.1953185
2022-05-13 08:00:00,46.799432
2022-05-13 09:00:00,46.9509145
2022-05-13 10:00:00,54.784105
2022-05-13 11:00:00,70.168758
2022-05-13 12:00:00,77.11290349999999
2022-05-13 13:00:00,76.861876
2022-05-13 14:00:00,91.211962
2022-05-13 15:00:00,98.640147
2022-05-13 16:00:00,99.8202375
2022-05-13 17:00:00,100.99648
2022-05-13 18:00:00,103.584788
2022-05-13 19:00:00,101.826193
2022-05-13 20:00:00,107.9686865
2022-05-13 21:00:00,114.155369
2022-05-13 22:00:00,114.9747845
2022-05-13 23:00:00,103.997679
2022-05-14 00:00:00,102.2739775
2022-05-14 01:00:00,103.2645395
2022-05-14 02:00:00,101.7168695
2022-05-14 03:00:00,86.5982745
2022-05-14 04:00:00,68.5750755
2022-05-14 05:00:00,74.43351100000001
2022-05-14 06:00:00,68.63260700000001
2022-05-14 07:00:00,64.7165705
2022-05-14 08:00:00,54.9945855
2022-05-14 09:00:00,55.7666175
2022-05-14 10:00:00,57.118463
2022-05-14 11:00:00,56.874301
2022-05-14 12:00:00,64.1704015
2022-05-14 13:00:00,78.922849
2022-05-14 14:00:00,86.215228
2022-05-14 15:00:00,90.63215
2022-05-14 16:00:00,96.7869075
2022-05-14 17:00:00,97.818172
2022-05-14 18:00:00,98.605052
2022-05-14 19:00:00,99.5484085
2022-05-14 20:00:00,106.4825695
2022-05-14 21:00:00,109.937385
2022-05-14 22:00:00,113.425034
2022-05-14 23:00:00,107.960703
2022-05-15 00:00:00,102.794091
2022-05-15 01:00:00,108.101935
2022-05-15 02:00:00,99.419328
2022-05-15 03:00:00,84.0712965
2022-05-15 04:00:00,75.318798
2022-05-15 05:00:00,59.584223
2022-05-15 06:00:00,59.8737335
2022-05-15 07:00:00,53.7955065
2022-05-15 08:00:00,51.3102635
2022-05-15 09:00:00,50.063038
2022-05-15 10:00:00,49.140703
2022-05-15 11:00:00,45.8137715
2022-05-15 12:00:00,47.8760625
2022-05-15 13:00:00,55.246778500000005
2022-05-15 14:00:00,61.046075
2022-05-15 15:00:00,74.9524635
2022-05-15 16:00:00,89.3439175
2022-05-15 17:00:00,98.788421
2022-05-15 18:00:00,107.7007
2022-05-15 19:00:00,103.372515
2022-05-15 20:00:00,105.934745
2022-05-15 21:00:00,115.4561655
2022-05-15 22:00:00,120.9320715
2022-05-15 23:00:00,116.524834
2022-05-16 00:00:00,108.951815
2022-05-16 01:00:00,107.6299605
2022-05-16 02:00:00,97.5003185
2022-05-16 03:00:00,82.2891075
2022-05-16 04:00:00,72.396367
2022-05-16 05:00:00,63.429874
2022-05-16 06:00:00,54.0420305
2022-05-16 07:00:00,50.5069695
2022-05-16 08:00:00,49.7558135
2022-05-16 09:00:00,50.852317
2022-05-16 10:00:00,60.8063615
2022-05-16 11:00:00,70.1886855
2022-05-16 12:00:00,69.7893
2022-05-16 13:00:00,72.4574305
2022-05-16 14:00:00,81.611939
2022-05-16 15:00:00,94.5204945
2022-05-16 16:00:00,103.913927
2022-05-16 17:00:00,106.319968
2022-05-16 18:00:00,110.622837
2022-05-16 19:00:00,106.2598605
2022-05-16 20:00:00,101.9208005
2022-05-16 21:00:00,106.322225
2022-05-16 22:00:00,102.702626
2022-05-16 23:00:00,96.594691
2022-05-17 00:00:00,93.2643945
2022-05-17 01:00:00,95.329293
2022-05-17 02:00:00,91.5406765
2022-05-17 03:00:00,74.7763145
2022-05-17 04:00:00,63.8953605
2022-05-17 05:00:00,53.9354915
2022-05-17 06:00:00,50.9220285
2022-05-17 07:00:00,48.2848445
2022-05-17 08:00:00,46.622478
2022-05-17 09:00:00,47.939026
2022-05-17 10:00:00,55.0907005
2022-05-17 11:00:00,69.4216675
2022-05-17 12:00:00,67.5876605
2022-05-17 13:00:00,69.2132745
2022-05-17 14:00:00,71.192935
2022-05-17 15:00:00,72.8851725
2022-05-17 16:00:00,78.39305200000001
2022-05-17 17:00:00,85.325855
2022-05-17 18:00:00,93.263307
2022-05-17 19:00:00,95.776676
2022-05-17 20:00:00,99.330287
2022-05-17 21:00:00,106.884521
2022-05-17 22:00:00,111.3938915
2022-05-17 23:00:00,103.7344565
2022-05-18 00:00:00,99.420723
2022-05-18 01:00:00,94.1899585
2022-05-18 02:00:00,88.6333425
2022-05-18 03:00:00,71.67125899999999
2022-05-18 04:00:00,63.096931
2022-05-18 05:00:00,65.816235
2022-05-18 06:00:00,60.3857275
2022-05-18 07:00:00,56.6811065
2022-05-18 08:00:00,54.972516
2022-05-18 09:00:00,56.7185945
2022-05-18 10:00:00,68.719116
2022-05-18 11:00:00,69.7759975
2022-05-18 12:00:00,70.509559
2022-05-18 13:00:00,72.59822249999999
2022-05-18 14:00:00,76.773146
2022-05-18 15:00:00,80.8959675
2022-05-18 16:00:00,86.35565
2022-05-18 17:00:00,89.8334405
2022-05-18 18:00:00,98.9016625
2022-05-18 19:00:00,104.41852
2022-05-18 20:00:00,94.7525185
2022-05-18 21:00:00,102.0494875
2022-05-18 22:00:00,110.433753
2022-05-18 23:00:00,103.7988925
2022-05-19 00:00:00,106.255929
2022-05-19 01:00:00,105.7091985
2022-05-19 02:00:00,105.712869
2022-05-19 03:00:00,87.6594465
2022-05-19 04:00:00,73.2550525
2022-05-19 05:00:00,67.11523
2022-05-19 06:00:00,59.151875
2022-05-19 07:00:00,55.1707595
2022-05-19 08:00:00,53.1129025
2022-05-19 09:00:00,55.3835735
2022-05-19 10:00:00,62.178926
2022-05-19 11:00:00,79.052457
2022-05-19 12:00:00,90.4299625
2022-05-19 13:00:00,99.0411395
2022-05-19 14:00:00,102.749442
2022-05-19 15:00:00,111.078386
2022-05-19 16:00:00,113.5798405
2022-05-19 17:00:00,121.877798
2022-05-19 18:00:00,136.038657
2022-05-19 19:00:00,145.4135955
2022-05-19 20:00:00,158.8549855
2022-05-19 21:00:00,174.97118749999998
2022-05-19 22:00:00,191.2007455
2022-05-19 23:00:00,179.6391585
2022-05-20 00:00:00,160.887884
2022-05-20 01:00:00,148.2242885
2022-05-20 02:00:00,132.88259
2022-05-20 03:00:00,107.3202795
2022-05-20 04:00:00,85.602305
2022-05-20 05:00:00,69.65969100000001
2022-05-20 06:00:00,62.8067515
2022-05-20 07:00:00,55.0886705
2022-05-20 08:00:00,52.1766605
2022-05-20 09:00:00,53.3917795
2022-05-20 10:00:00,62.7713165
2022-05-20 11:00:00,72.5651025
2022-05-20 12:00:00,72.43242699999999
2022-05-20 13:00:00,74.7936735
2022-05-20 14:00:00,87.8720675
2022-05-20 15:00:00,103.071035
2022-05-20 16:00:00,112.105055
2022-05-20 17:00:00,138.839558
2022-05-20 18:00:00,176.5725605
2022-05-20 19:00:00,215.6141185
2022-05-20 20:00:00,245.5130845
2022-05-20 21:00:00,268.1962235
2022-05-20 22:00:00,271.995313
2022-05-20 23:00:00,219.233136
2022-05-21 00:00:00,176.763158
2022-05-21 01:00:00,146.55003449999998
2022-05-21 02:00:00,122.716164
2022-05-21 03:00:00,107.1038495
2022-05-21 04:00:00,93.8161535
2022-05-21 05:00:00,79.07239200000001
2022-05-21 06:00:00,68.479484
2022-05-21 07:00:00,63.95637
2022-05-21 08:00:00,58.81262
2022-05-21 09:00:00,58.365715
2022-05-21 10:00:00,59.274763
2022-05-21 11:00:00,59.0785425
2022-05-21 12:00:00,63.7258105
2022-05-21 13:00:00,69.929092
2022-05-21 14:00:00,81.56061199999999
2022-05-21 15:00:00,101.167835
2022-05-21 16:00:00,112.238035
2022-05-21 17:00:00,132.258199
2022-05-21 18:00:00,144.3388065
2022-05-21 19:00:00,154.9733015
2022-05-21 20:00:00,179.518141
2022-05-21 21:00:00,196.7628795
2022-05-21 22:00:00,203.1712025
2022-05-21 23:00:00,173.972645
2022-05-22 00:00:00,137.94386450000002
2022-05-22 01:00:00,125.9963715
2022-05-22 02:00:00,122.077689
2022-05-22 03:00:00,100.0334115
2022-05-22 04:00:00,88.68503799999999
2022-05-22 05:00:00,77.9643835
2022-05-22 06:00:00,67.8952805
2022-05-22 07:00:00,61.586234000000005
2022-05-22 08:00:00,56.612369
2022-05-22 09:00:00,55.469681
2022-05-22 10:00:00,54.866539
2022-05-22 11:00:00,54.822631
2022-05-22 12:00:00,60.5112745
2022-05-22 13:00:00,68.556128
2022-05-22 14:00:00,75.0413455
2022-05-22 15:00:00,84.25767400000001
2022-05-22 16:00:00,95.228691
2022-05-22 17:00:00,99.276075
2022-05-22 18:00:00,102.394718
2022-05-22 19:00:00,115.465758
2022-05-22 20:00:00,127.6358605
2022-05-22 21:00:00,136.386179
2022-05-22 22:00:00,139.159158
2022-05-22 23:00:00,117.6715225
2022-05-23 00:00:00,103.2557895
2022-05-23 01:00:00,98.161049
2022-05-23 02:00:00,92.7352555
2022-05-23 03:00:00,78.05274299999999
2022-05-23 04:00:00,62.6677395
2022-05-23 05:00:00,58.267909
2022-05-23 06:00:00,55.2937645
2022-05-23 07:00:00,51.404784500000005
2022-05-23 08:00:00,50.2642755
2022-05-23 09:00:00,50.752948
2022-05-23 10:00:00,56.6040285
2022-05-23 11:00:00,62.777059
2022-05-23 12:00:00,71.30861250000001
2022-05-23 13:00:00,75.425464
2022-05-23 14:00:00,76.5616235
2022-05-23 15:00:00,80.61814
2022-05-23 16:00:00,77.258329
2022-05-23 17:00:00,76.56040300000001
2022-05-23 18:00:00,77.764737
2022-05-23 19:00:00,80.276189
2022-05-23 20:00:00,80.28941449999999
2022-05-23 21:00:00,81.4357415
2022-05-23 22:00:00,80.780794
2022-05-23 23:00:00,78.345294
2022-05-24 00:00:00,78.1556185
2022-05-24 01:00:00,78.6720145
2022-05-24 02:00:00,74.7363235
2022-05-24 03:00:00,63.075659
2022-05-24 04:00:00,59.4458815
2022-05-24 05:00:00,54.6332155
2022-05-24 06:00:00,52.028268
2022-05-24 07:00:00,51.285954
2022-05-24 08:00:00,49.704899
2022-05-24 09:00:00,51.1360105
2022-05-24 10:00:00,58.09098
2022-05-24 11:00:00,66.3769095
2022-05-24 12:00:00,69.673535
2022-05-24 13:00:00,75.31439900000001
2022-05-24 14:00:00,80.9439185
2022-05-24 15:00:00,79.55958799999999
2022-05-24 16:00:00,79.6335655
2022-05-24 17:00:00,78.893968
2022-05-24 18:00:00,78.5947515
2022-05-24 19:00:00,78.24561
2022-05-24 20:00:00,79.2341275
2022-05-24 21:00:00,78.480412
2022-05-24 22:00:00,78.3729075
2022-05-24 23:00:00,78.55845500000001
2022-05-25 00:00:00,79.1698085
2022-05-25 01:00:00,83.1337185
2022-05-25 02:00:00,79.69202150000001
2022-05-25 03:00:00,67.1692685
2022-05-25 04:00:00,59.153538
2022-05-25 05:00:00,54.2983555
2022-05-25 06:00:00,53.017823
2022-05-25 07:00:00,50.7239535
2022-05-25 08:00:00,49.754216
2022-05-25 09:00:00,51.158227
2022-05-25 10:00:00,55.330506
2022-05-25 11:00:00,61.8343725
2022-05-25 12:00:00,66.324629
2022-05-25 13:00:00,65.4974565
2022-05-25 14:00:00,66.717603
2022-05-25 15:00:00,70.32656399999999
2022-05-25 16:00:00,69.3634725
2022-05-25 17:00:00,72.35584800000001
2022-05-25 18:00:00,78.040832
2022-05-25 19:00:00,80.65662
2022-05-25 20:00:00,83.898039
2022-05-25 21:00:00,85.2345155
2022-05-25 22:00:00,90.3266185
2022-05-25 23:00:00,86.1336365
2022-05-26 00:00:00,83.252629
2022-05-26 01:00:00,82.3711405
2022-05-26 02:00:00,81.584488
2022-05-26 03:00:00,69.5948215
2022-05-26 04:00:00,66.3211025
2022-05-26 05:00:00,56.71238099999999
2022-05-26 06:00:00,53.208059
2022-05-26 07:00:00,50.743528
2022-05-26 08:00:00,49.321274
2022-05-26 09:00:00,50.976072
2022-05-26 10:00:00,58.207952
2022-05-26 11:00:00,67.14189250000001
2022-05-26 12:00:00,70.811005
2022-05-26 13:00:00,67.6760165
2022-05-26 14:00:00,71.828502
2022-05-26 15:00:00,79.214088
2022-05-26 16:00:00,81.167395
2022-05-26 17:00:00,84.9577165
2022-05-26 18:00:00,89.4590075
2022-05-26 19:00:00,89.18494799999999
2022-05-26 20:00:00,88.014494
2022-05-26 21:00:00,95.173998
2022-05-26 22:00:00,101.488445
2022-05-26 23:00:00,93.468089
2022-05-27 00:00:00,91.06095
2022-05-27 01:00:00,91.398233
2022-05-27 02:00:00,90.8882995
2022-05-27 03:00:00,75.900048
2022-05-27 04:00:00,66.5149055
2022-05-27 05:00:00,61.5417345
2022-05-27 06:00:00,60.2341105
2022-05-27 07:00:00,57.0258875
2022-05-27 08:00:00,55.8124705
2022-05-27 09:00:00,56.097856
2022-05-27 10:00:00,61.9849775
2022-05-27 11:00:00,71.986734
2022-05-27 12:00:00,75.7448325
2022-05-27 13:00:00,78.98893849999999
2022-05-27 14:00:00,87.002343
2022-05-27 15:00:00,88.2177415
2022-05-27 16:00:00,88.81950950000001
2022-05-27 17:00:00,87.12192350000001
2022-05-27 18:00:00,85.9717905
2022-05-27 19:00:00,84.57827549999999
2022-05-27 20:00:00,83.64872
2022-05-27 21:00:00,83.4632455
2022-05-27 22:00:00,83.65675300000001
2022-05-27 23:00:00,83.7716225
2022-05-28 00:00:00,85.5479945
2022-05-28 01:00:00,86.21267399999999
2022-05-28 02:00:00,83.93476799999999
2022-05-28 03:00:00,74.2331835
2022-05-28 04:00:00,75.8626825
2022-05-28 05:00:00,60.9885585
2022-05-28 06:00:00,56.826639
2022-05-28 07:00:00,55.258845
2022-05-28 08:00:00,53.8813145
2022-05-28 09:00:00,53.7074735
2022-05-28 10:00:00,55.409965
2022-05-28 11:00:00,55.765127
2022-05-28 12:00:00,56.294063
2022-05-28 13:00:00,58.8510645
2022-05-28 14:00:00,62.591696
2022-05-28 15:00:00,60.5249425
2022-05-28 16:00:00,61.557895
2022-05-28 17:00:00,60.6814325
2022-05-28 18:00:00,60.082909
2022-05-28 19:00:00,61.4009955
2022-05-28 20:00:00,62.1103135
2022-05-28 21:00:00,64.003771
2022-05-28 22:00:00,69.054221
2022-05-28 23:00:00,69.3242925
2022-05-29 00:00:00,72.69586849999999
2022-05-29 01:00:00,69.2683955
2022-05-29 02:00:00,66.689303
2022-05-29 03:00:00,62.46952
2022-05-29 04:00:00,59.3344005
2022-05-29 05:00:00,55.965679
2022-05-29 06:00:00,53.4553805
2022-05-29 07:00:00,52.1674335
2022-05-29 08:00:00,50.5169225
2022-05-29 09:00:00,49.27689
2022-05-29 10:00:00,48.264585
2022-05-29 11:00:00,44.480842
2022-05-29 12:00:00,46.5713025
2022-05-29 13:00:00,52.2122335
2022-05-29 14:00:00,53.2799275
2022-05-29 15:00:00,53.447349
2022-05-29 16:00:00,56.2654425
2022-05-29 17:00:00,61.1437735
2022-05-29 18:00:00,70.1430445
2022-05-29 19:00:00,73.814756
2022-05-29 20:00:00,74.0530155
2022-05-29 21:00:00,88.085159
2022-05-29 22:00:00,95.729855
2022-05-29 23:00:00,97.3698025
2022-05-30 00:00:00,97.041101
2022-05-30 01:00:00,92.337992
2022-05-30 02:00:00,75.68133499999999
2022-05-30 03:00:00,67.89762350000001
2022-05-30 04:00:00,64.753244
2022-05-30 05:00:00,51.6328645
2022-05-30 06:00:00,49.3871755
2022-05-30 07:00:00,48.4742365
2022-05-30 08:00:00,45.3241285
2022-05-30 09:00:00,44.296174
2022-05-30 10:00:00,46.6867795
2022-05-30 11:00:00,48.918702
2022-05-30 12:00:00,49.7654435
2022-05-30 13:00:00,50.5672995
2022-05-30 14:00:00,55.807226
2022-05-30 15:00:00,65.465123
2022-05-30 16:00:00,69.9047505
2022-05-30 17:00:00,80.114038
2022-05-30 18:00:00,98.1375655
2022-05-30 19:00:00,101.050257
2022-05-30 20:00:00,108.4192795
2022-05-30 21:00:00,126.3306285
2022-05-30 22:00:00,135.87571200000002
2022-05-30 23:00:00,123.951018
2022-05-31 00:00:00,110.4227865
2022-05-31 01:00:00,101.737305
2022-05-31 02:00:00,92.6005245
2022-05-31 03:00:00,72.8437035
2022-05-31 04:00:00,67.958103
2022-05-31 05:00:00,58.9358145
2022-05-31 06:00:00,53.1307265
2022-05-31 07:00:00,49.601845
2022-05-31 08:00:00,46.9447105
2022-05-31 09:00:00,46.6533965
2022-05-31 10:00:00,49.267339500000006
2022-05-31 11:00:00,54.0297325
2022-05-31 12:00:00,63.6107715
2022-05-31 13:00:00,61.4287445
2022-05-31 14:00:00,65.6265095
2022-05-31 15:00:00,81.510454
2022-05-31 16:00:00,88.929273
2022-05-31 17:00:00,119.4630015
2022-05-31 18:00:00,145.02337
2022-05-31 19:00:00,161.7420515
2022-05-31 20:00:00,192.16015
2022-05-31 21:00:00,223.010162
2022-05-31 22:00:00,227.5703455
2022-05-31 23:00:00,192.7835525
2022-06-01 00:00:00,150.2652175
2022-06-01 01:00:00,128.484526
2022-06-01 02:00:00,116.123458
2022-06-01 03:00:00,87.36940949999999
2022-06-01 04:00:00,73.94672650000001
2022-06-01 05:00:00,72.664083
2022-06-01 06:00:00,63.0609565
2022-06-01 07:00:00,55.680039
2022-06-01 08:00:00,53.164021000000005
2022-06-01 09:00:00,53.329096500000006
2022-06-01 10:00:00,56.217642
2022-06-01 11:00:00,64.3629275
2022-06-01 12:00:00,75.94342750000001
2022-06-01 13:00:00,81.901858
2022-06-01 14:00:00,80.5045055
2022-06-01 15:00:00,105.362396
2022-06-01 16:00:00,114.685549
2022-06-01 17:00:00,123.154168
2022-06-01 18:00:00,133.6837355
2022-06-01 19:00:00,143.4844565
2022-06-01 20:00:00,156.5203625
2022-06-01 21:00:00,162.16006399999998
2022-06-01 22:00:00,151.174491
2022-06-01 23:00:00,126.7755145
2022-06-02 00:00:00,117.737892
2022-06-02 01:00:00,107.7181835
2022-06-02 02:00:00,100.373995
2022-06-02 03:00:00,85.20396500000001
2022-06-02 04:00:00,73.318802
2022-06-02 05:00:00,68.078418
2022-06-02 06:00:00,62.333048000000005
2022-06-02 07:00:00,56.2301745
2022-06-02 08:00:00,52.8782685
2022-06-02 09:00:00,52.680873000000005
2022-06-02 10:00:00,55.6025105
2022-06-02 11:00:00,62.973087500000005
2022-06-02 12:00:00,67.20091049999999
2022-06-02 13:00:00,71.2288185
2022-06-02 14:00:00,85.493595
2022-06-02 15:00:00,104.387726
2022-06-02 16:00:00,110.6464035
2022-06-02 17:00:00,112.771006
2022-06-02 18:00:00,118.107913
2022-06-02 19:00:00,119.604067
2022-06-02 20:00:00,119.672089
2022-06-02 21:00:00,113.3681215
2022-06-02 22:00:00,106.595679
2022-06-02 23:00:00,106.9529275
2022-06-03 00:00:00,102.5243125
2022-06-03 01:00:00,95.7895595
2022-06-03 02:00:00,92.6133565
2022-06-03 03:00:00,73.24271350000001
2022-06-03 04:00:00,66.6721455
2022-06-03 05:00:00,67.171863
2022-06-03 06:00:00,59.7673565
2022-06-03 07:00:00,54.508686
2022-06-03 08:00:00,52.6375135
2022-06-03 09:00:00,52.6828685
2022-06-03 10:00:00,55.5811295
2022-06-03 11:00:00,66.34680900000001
2022-06-03 12:00:00,66.4802485
2022-06-03 13:00:00,67.223791
2022-06-03 14:00:00,69.181164
2022-06-03 15:00:00,77.13073299999999
2022-06-03 16:00:00,81.845777
2022-06-03 17:00:00,85.25786550000001
2022-06-03 18:00:00,87.0384035
2022-06-03 19:00:00,89.62802099999999
2022-06-03 20:00:00,93.0180835
2022-06-03 21:00:00,107.909581
2022-06-03 22:00:00,106.0418215
2022-06-03 23:00:00,101.9184225
2022-06-04 00:00:00,89.482129
2022-06-04 01:00:00,88.2517775
2022-06-04 02:00:00,85.50432649999999
2022-06-04 03:00:00,71.036546
2022-06-04 04:00:00,63.513608
2022-06-04 05:00:00,64.4207095
2022-06-04 06:00:00,60.4137015
2022-06-04 07:00:00,57.2673605
2022-06-04 08:00:00,54.5677285
2022-06-04 09:00:00,51.807005
2022-06-04 10:00:00,51.428373
2022-06-04 11:00:00,52.158663
2022-06-04 12:00:00,54.2631215
2022-06-04 13:00:00,58.760357
2022-06-04 14:00:00,62.046628
2022-06-04 15:00:00,63.4804565
2022-06-04 16:00:00,66.300607
2022-06-04 17:00:00,68.25268449999999
2022-06-04 18:00:00,73.5941455
2022-06-04 19:00:00,76.6006885
2022-06-04 20:00:00,86.05278899999999
2022-06-04 21:00:00,89.03525350000001
2022-06-04 22:00:00,97.560474
2022-06-04 23:00:00,90.6231945
2022-06-05 00:00:00,83.0323285
2022-06-05 01:00:00,75.774485
2022-06-05 02:00:00,75.09724
2022-06-05 03:00:00,63.501149
2022-06-05 04:00:00,58.1353985
2022-06-05 05:00:00,65.0185275
2022-06-05 06:00:00,62.7017205
2022-06-05 07:00:00,55.094998
2022-06-05 08:00:00,54.008663
2022-06-05 09:00:00,53.4454575
2022-06-05 10:00:00,50.4623685
2022-06-05 11:00:00,49.368499
2022-06-05 12:00:00,48.929899500000005
2022-06-05 13:00:00,52.7954615
2022-06-05 14:00:00,54.1107425
2022-06-05 15:00:00,57.991206000000005
2022-06-05 16:00:00,61.8226405
2022-06-05 17:00:00,65.816517
2022-06-05 18:00:00,68.89671200000001
2022-06-05 19:00:00,75.44403650000001
2022-06-05 20:00:00,84.9381025
2022-06-05 21:00:00,92.481804
2022-06-05 22:00:00,105.833648
2022-06-05 23:00:00,99.5742635
2022-06-06 00:00:00,92.3349885
2022-06-06 01:00:00,86.222127
2022-06-06 02:00:00,85.401827
2022-06-06 03:00:00,68.786101
2022-06-06 04:00:00,65.0541755
2022-06-06 05:00:00,55.2427355
2022-06-06 06:00:00,53.606052
2022-06-06 07:00:00,49.366727
2022-06-06 08:00:00,47.885359
2022-06-06 09:00:00,48.4344415
2022-06-06 10:00:00,53.9855595
2022-06-06 11:00:00,54.540962
2022-06-06 12:00:00,58.463317
2022-06-06 13:00:00,59.3107005
2022-06-06 14:00:00,66.83774249999999
2022-06-06 15:00:00,74.02405200000001
2022-06-06 16:00:00,84.32432449999999
2022-06-06 17:00:00,95.71598
2022-06-06 18:00:00,98.835761
2022-06-06 19:00:00,103.1474825
2022-06-06 20:00:00,111.7369435
2022-06-06 21:00:00,125.301882
2022-06-06 22:00:00,131.803747
2022-06-06 23:00:00,121.0773405
2022-06-07 00:00:00,102.191982
2022-06-07 01:00:00,97.3389805
2022-06-07 02:00:00,96.376413
2022-06-07 03:00:00,79.5783165
2022-06-07 04:00:00,67.78837899999999
2022-06-07 05:00:00,67.216117
2022-06-07 06:00:00,59.765828
2022-06-07 07:00:00,53.619409
2022-06-07 08:00:00,51.259833
2022-06-07 09:00:00,52.245808
2022-06-07 10:00:00,62.71701
2022-06-07 11:00:00,71.1344115
2022-06-07 12:00:00,71.7554755
2022-06-07 13:00:00,77.03816499999999
2022-06-07 14:00:00,84.28281
2022-06-07 15:00:00,94.9172535
2022-06-07 16:00:00,105.1316055
2022-06-07 17:00:00,109.700278
2022-06-07 18:00:00,111.391581
2022-06-07 19:00:00,112.045716
2022-06-07 20:00:00,112.418337
2022-06-07 21:00:00,121.910286
2022-06-07 22:00:00,125.8148305
2022-06-07 23:00:00,119.6694955
2022-06-08 00:00:00,112.937058
2022-06-08 01:00:00,110.2304725
2022-06-08 02:00:00,107.8767555
2022-06-08 03:00:00,91.332505
2022-06-08 04:00:00,75.5811995
2022-06-08 05:00:00,72.57704
2022-06-08 06:00:00,64.9062805
2022-06-08 07:00:00,57.24224
2022-06-08 08:00:00,56.0443945
2022-06-08 09:00:00,56.6779275
2022-06-08 10:00:00,63.127074500000006
2022-06-08 11:00:00,75.91058
2022-06-08 12:00:00,78.295444
2022-06-08 13:00:00,84.26460900000001
2022-06-08 14:00:00,93.314332
2022-06-08 15:00:00,107.818353
2022-06-08 16:00:00,111.837367
2022-06-08 17:00:00,116.7540035
2022-06-08 18:00:00,124.6052555
2022-06-08 19:00:00,123.6411305
2022-06-08 20:00:00,132.5411285
2022-06-08 21:00:00,137.6793025
2022-06-08 22:00:00,137.166008
2022-06-08 23:00:00,134.14051899999998
2022-06-09 00:00:00,125.929206
2022-06-09 01:00:00,117.5250845
2022-06-09 02:00:00,111.975133
2022-06-09 03:00:00,92.879254
2022-06-09 04:00:00,80.138845
2022-06-09 05:00:00,71.60577699999999
2022-06-09 06:00:00,64.7860455
2022-06-09 07:00:00,58.6655445
2022-06-09 08:00:00,56.9480485
2022-06-09 09:00:00,57.0954965
2022-06-09 10:00:00,61.2885305
2022-06-09 11:00:00,73.64949050000001
2022-06-09 12:00:00,76.81115
2022-06-09 13:00:00,77.097922
2022-06-09 14:00:00,82.93484000000001
2022-06-09 15:00:00,90.229174
2022-06-09 16:00:00,94.231885
2022-06-09 17:00:00,98.6867205
2022-06-09 18:00:00,102.699738
2022-06-09 19:00:00,102.1451855
2022-06-09 20:00:00,106.630992
2022-06-09 21:00:00,109.0206085
2022-06-09 22:00:00,113.05652
2022-06-09 23:00:00,106.5684825
2022-06-10 00:00:00,100.7319435
2022-06-10 01:00:00,97.40208
2022-06-10 02:00:00,96.1370655
2022-06-10 03:00:00,80.72190649999999
2022-06-10 04:00:00,71.08528
2022-06-10 05:00:00,63.46950749999999
2022-06-10 06:00:00,61.7042005
2022-06-10 07:00:00,57.963355
2022-06-10 08:00:00,56.4261615
2022-06-10 09:00:00,56.418217
2022-06-10 10:00:00,60.0234595
2022-06-10 11:00:00,64.3446155
2022-06-10 12:00:00,65.9921655
2022-06-10 13:00:00,69.11698899999999
2022-06-10 14:00:00,74.80199
2022-06-10 15:00:00,80.0791275
2022-06-10 16:00:00,91.030107
2022-06-10 17:00:00,98.2745925
2022-06-10 18:00:00,98.653556
2022-06-10 19:00:00,101.345899
2022-06-10 20:00:00,103.680811
2022-06-10 21:00:00,112.96509
2022-06-10 22:00:00,111.8443605
2022-06-10 23:00:00,103.7347745
2022-06-11 00:00:00,98.663543
2022-06-11 01:00:00,97.0897295
2022-06-11 02:00:00,92.1255245
2022-06-11 03:00:00,78.90709749999999
2022-06-11 04:00:00,66.422728
2022-06-11 05:00:00,61.190752
2022-06-11 06:00:00,59.798298
2022-06-11 07:00:00,55.44044
2022-06-11 08:00:00,53.225524
2022-06-11 09:00:00,53.1398915
2022-06-11 10:00:00,53.182705
2022-06-11 11:00:00,53.1510465
2022-06-11 12:00:00,53.88262
2022-06-11 13:00:00,56.4481055
2022-06-11 14:00:00,62.99278
2022-06-11 15:00:00,67.23447200000001
2022-06-11 16:00:00,71.553207
2022-06-11 17:00:00,76.23661200000001
2022-06-11 18:00:00,80.90648049999999
2022-06-11 19:00:00,86.903505
2022-06-11 20:00:00,92.334366
2022-06-11 21:00:00,94.7002115
2022-06-11 22:00:00,100.0928875
2022-06-11 23:00:00,97.822021
2022-06-12 00:00:00,93.996171
2022-06-12 01:00:00,91.746214
2022-06-12 02:00:00,88.46215649999999
2022-06-12 03:00:00,73.5934585
2022-06-12 04:00:00,67.0555795
2022-06-12 05:00:00,57.817616
2022-06-12 06:00:00,56.1654065
2022-06-12 07:00:00,53.7102805
2022-06-12 08:00:00,51.4689205
2022-06-12 09:00:00,51.419472
2022-06-12 10:00:00,51.6410885
2022-06-12 11:00:00,50.7086745
2022-06-12 12:00:00,51.7708665
2022-06-12 13:00:00,56.158662
2022-06-12 14:00:00,60.0060425
2022-06-12 15:00:00,67.2552445
2022-06-12 16:00:00,75.56275049999999
2022-06-12 17:00:00,86.84305599999999
2022-06-12 18:00:00,94.9779815
2022-06-12 19:00:00,101.618199
2022-06-12 20:00:00,106.811217
2022-06-12 21:00:00,109.580024
2022-06-12 22:00:00,122.9184185
2022-06-12 23:00:00,119.5523085
2022-06-13 00:00:00,112.350511
2022-06-13 01:00:00,107.020259
2022-06-13 02:00:00,103.7799285
2022-06-13 03:00:00,89.6053245
2022-06-13 04:00:00,71.9622825
2022-06-13 05:00:00,63.060796
2022-06-13 06:00:00,55.2110885
2022-06-13 07:00:00,53.449017
2022-06-13 08:00:00,51.52075
2022-06-13 09:00:00,52.19551250000001
2022-06-13 10:00:00,54.3024345
2022-06-13 11:00:00,60.852843
2022-06-13 12:00:00,66.1944685
2022-06-13 13:00:00,71.884488
2022-06-13 14:00:00,85.973982
2022-06-13 15:00:00,107.564387
2022-06-13 16:00:00,120.0778395
2022-06-13 17:00:00,126.067718
2022-06-13 18:00:00,136.1491565
2022-06-13 19:00:00,139.35526
2022-06-13 20:00:00,150.2289305
2022-06-13 21:00:00,173.472371
2022-06-13 22:00:00,179.61280749999997
2022-06-13 23:00:00,161.870785
2022-06-14 00:00:00,140.999088
2022-06-14 01:00:00,130.8358035
2022-06-14 02:00:00,127.2240275
2022-06-14 03:00:00,109.035104
2022-06-14 04:00:00,83.1598525
2022-06-14 05:00:00,75.2039125
2022-06-14 06:00:00,69.56003749999999
2022-06-14 07:00:00,62.473727
2022-06-14 08:00:00,58.3344995
2022-06-14 09:00:00,56.9837785
2022-06-14 10:00:00,62.6496575
2022-06-14 11:00:00,72.44403650000001
2022-06-14 12:00:00,80.4049755
2022-06-14 13:00:00,91.2883005
2022-06-14 14:00:00,110.631352
2022-06-14 15:00:00,133.3632505
2022-06-14 16:00:00,142.325402
2022-06-14 17:00:00,159.472263
2022-06-14 18:00:00,177.1810345
2022-06-14 19:00:00,182.6438045
2022-06-14 20:00:00,198.660986
2022-06-14 21:00:00,235.9504305
2022-06-14 22:00:00,243.2592445
2022-06-14 23:00:00,218.9817235
2022-06-15 00:00:00,179.6940325
2022-06-15 01:00:00,161.60595899999998
2022-06-15 02:00:00,146.222575
2022-06-15 03:00:00,114.4274735
2022-06-15 04:00:00,90.602176
2022-06-15 05:00:00,76.047706
2022-06-15 06:00:00,67.96922699999999
2022-06-15 07:00:00,61.080467
2022-06-15 08:00:00,57.826757
2022-06-15 09:00:00,56.884989
2022-06-15 10:00:00,61.8433935
2022-06-15 11:00:00,72.23189500000001
2022-06-15 12:00:00,85.99519649999999
2022-06-15 13:00:00,113.1864785
2022-06-15 14:00:00,123.518895
2022-06-15 15:00:00,131.91275050000002
2022-06-15 16:00:00,151.9029085
2022-06-15 17:00:00,164.185398
2022-06-15 18:00:00,187.8513275
2022-06-15 19:00:00,216.3435575
2022-06-15 20:00:00,238.908887
2022-06-15 21:00:00,277.9167205
2022-06-15 22:00:00,275.93652
2022-06-15 23:00:00,233.6654095
2022-06-16 00:00:00,181.2939345
2022-06-16 01:00:00,170.89915000000002
2022-06-16 02:00:00,145.1614085
2022-06-16 03:00:00,118.126577
2022-06-16 04:00:00,93.9709585
2022-06-16 05:00:00,79.027868
2022-06-16 06:00:00,64.796951
2022-06-16 07:00:00,59.775129500000006
2022-06-16 08:00:00,55.544120500000005
2022-06-16 09:00:00,54.1127095
2022-06-16 10:00:00,61.678709
2022-06-16 11:00:00,68.748165
2022-06-16 12:00:00,84.4529805
2022-06-16 13:00:00,92.8850575
2022-06-16 14:00:00,102.6862795
2022-06-16 15:00:00,120.5138125
2022-06-16 16:00:00,138.02777550000002
2022-06-16 17:00:00,153.96184849999997
2022-06-16 18:00:00,160.71070600000002
2022-06-16 19:00:00,182.0187885
2022-06-16 20:00:00,201.2243165
2022-06-16 21:00:00,234.6488
2022-06-16 22:00:00,249.62314
2022-06-16 23:00:00,201.69145250000005
2022-06-17 00:00:00,176.5639865
2022-06-17 01:00:00,164.625259
2022-06-17 02:00:00,142.1904115
2022-06-17 03:00:00,109.359358
2022-06-17 04:00:00,93.5866315
2022-06-17 05:00:00,89.6282995
2022-06-17 06:00:00,74.5235935
2022-06-17 07:00:00,66.81620050000001
2022-06-17 08:00:00,63.219494
2022-06-17 09:00:00,61.6696595
2022-06-17 10:00:00,67.702287
2022-06-17 11:00:00,77.172496
2022-06-17 12:00:00,84.4609545
2022-06-17 13:00:00,95.286729
2022-06-17 14:00:00,103.662652
2022-06-17 15:00:00,115.647108
2022-06-17 16:00:00,126.292194
2022-06-17 17:00:00,141.180998
2022-06-17 18:00:00,151.11938450000002
2022-06-17 19:00:00,167.831891
2022-06-17 20:00:00,185.2611835
2022-06-17 21:00:00,193.3858545
2022-06-17 22:00:00,177.59751599999998
2022-06-17 23:00:00,152.0912005
2022-06-18 00:00:00,127.221579
2022-06-18 01:00:00,114.672036
2022-06-18 02:00:00,107.019546
2022-06-18 03:00:00,95.21746
2022-06-18 04:00:00,74.194602
2022-06-18 05:00:00,64.0225005
2022-06-18 06:00:00,56.7177805
2022-06-18 07:00:00,53.1473215
2022-06-18 08:00:00,50.906901000000005
2022-06-18 09:00:00,50.2351875
2022-06-18 10:00:00,50.1780635
2022-06-18 11:00:00,49.065379
2022-06-18 12:00:00,49.3706075
2022-06-18 13:00:00,50.855989
2022-06-18 14:00:00,54.784133
2022-06-18 15:00:00,53.507432
2022-06-18 16:00:00,55.5198975
2022-06-18 17:00:00,58.156484000000006
2022-06-18 18:00:00,61.182167
2022-06-18 19:00:00,61.423085
2022-06-18 20:00:00,62.485015
2022-06-18 21:00:00,65.7039855
2022-06-18 22:00:00,69.3577365
2022-06-18 23:00:00,68.56063499999999
2022-06-19 00:00:00,66.413523
2022-06-19 01:00:00,61.300791
2022-06-19 02:00:00,60.4206215
2022-06-19 03:00:00,53.5093255
2022-06-19 04:00:00,48.511805
2022-06-19 05:00:00,45.6525295
2022-06-19 06:00:00,46.1544605
2022-06-19 07:00:00,45.1076595
2022-06-19 08:00:00,44.103849
2022-06-19 09:00:00,43.4562255
2022-06-19 10:00:00,42.804247
2022-06-19 11:00:00,40.913107
2022-06-19 12:00:00,41.447208
2022-06-19 13:00:00,43.3288285
2022-06-19 14:00:00,46.026891000000006
2022-06-19 15:00:00,48.981124
2022-06-19 16:00:00,49.67241799999999
2022-06-19 17:00:00,49.2679465
2022-06-19 18:00:00,51.5054815
2022-06-19 19:00:00,55.412259000000006
2022-06-19 20:00:00,59.3933205
2022-06-19 21:00:00,60.6792395
2022-06-19 22:00:00,68.705289
2022-06-19 23:00:00,74.972377
2022-06-20 00:00:00,71.6214925
2022-06-20 01:00:00,65.052103
2022-06-20 02:00:00,61.924113000000006
2022-06-20 03:00:00,54.952136
2022-06-20 04:00:00,48.774538
2022-06-20 05:00:00,43.121615000000006
2022-06-20 06:00:00,41.9471
2022-06-20 07:00:00,39.8820045
2022-06-20 08:00:00,39.139176500000005
2022-06-20 09:00:00,39.372627
2022-06-20 10:00:00,41.7109025
2022-06-20 11:00:00,43.307186
2022-06-20 12:00:00,47.0510395
2022-06-20 13:00:00,50.2260105
2022-06-20 14:00:00,55.937007
2022-06-20 15:00:00,61.633302
2022-06-20 16:00:00,75.655236
2022-06-20 17:00:00,85.37194
2022-06-20 18:00:00,96.408831
2022-06-20 19:00:00,104.4246655
2022-06-20 20:00:00,104.1244555
2022-06-20 21:00:00,114.204223
2022-06-20 22:00:00,128.005233
2022-06-20 23:00:00,128.37012950000002
2022-06-21 00:00:00,119.493937
2022-06-21 01:00:00,96.771674
2022-06-21 02:00:00,93.3204625
2022-06-21 03:00:00,77.623253
2022-06-21 04:00:00,61.553494
2022-06-21 05:00:00,52.0962705
2022-06-21 06:00:00,43.609304
2022-06-21 07:00:00,41.6787685
2022-06-21 08:00:00,39.5393725
2022-06-21 09:00:00,39.346604
2022-06-21 10:00:00,41.7886915
2022-06-21 11:00:00,47.396807
2022-06-21 12:00:00,54.3681295
2022-06-21 13:00:00,57.758403
2022-06-21 14:00:00,69.086837
2022-06-21 15:00:00,84.7992185
2022-06-21 16:00:00,93.59412
2022-06-21 17:00:00,106.56827
2022-06-21 18:00:00,123.144942
2022-06-21 19:00:00,136.24032599999998
2022-06-21 20:00:00,150.574864
2022-06-21 21:00:00,177.4400455
2022-06-21 22:00:00,188.303681
2022-06-21 23:00:00,174.615032
2022-06-22 00:00:00,158.8346195
2022-06-22 01:00:00,125.952035
2022-06-22 02:00:00,118.446366
2022-06-22 03:00:00,97.1102575
2022-06-22 04:00:00,73.4988805
2022-06-22 05:00:00,58.122404
2022-06-22 06:00:00,48.631698
2022-06-22 07:00:00,44.4625175
2022-06-22 08:00:00,42.8200805
2022-06-22 09:00:00,42.8748355
2022-06-22 10:00:00,45.110811
2022-06-22 11:00:00,52.8647155
2022-06-22 12:00:00,62.3335945
2022-06-22 13:00:00,70.7107905
2022-06-22 14:00:00,98.540401
2022-06-22 15:00:00,108.941139
2022-06-22 16:00:00,131.8018035
2022-06-22 17:00:00,131.8279355
2022-06-22 18:00:00,154.24166350000002
2022-06-22 19:00:00,178.4488285
2022-06-22 20:00:00,181.0456335
2022-06-22 21:00:00,188.712117
2022-06-22 22:00:00,182.3415715
2022-06-22 23:00:00,152.3743565
2022-06-23 00:00:00,128.813558
2022-06-23 01:00:00,120.4891135
2022-06-23 02:00:00,110.431502
2022-06-23 03:00:00,89.3900495
2022-06-23 04:00:00,66.203116
2022-06-23 05:00:00,68.595787
2022-06-23 06:00:00,58.7825445
2022-06-23 07:00:00,50.114375
2022-06-23 08:00:00,42.646048
2022-06-23 09:00:00,42.8799065
2022-06-23 10:00:00,48.0118565
2022-06-23 11:00:00,55.9682315
2022-06-23 12:00:00,61.8150485
2022-06-23 13:00:00,68.699603
2022-06-23 14:00:00,73.3851385
2022-06-23 15:00:00,78.4214245
2022-06-23 16:00:00,86.965968
2022-06-23 17:00:00,89.74293
2022-06-23 18:00:00,95.0922735
2022-06-23 19:00:00,100.812779
2022-06-23 20:00:00,99.9712455
2022-06-23 21:00:00,106.0500025
2022-06-23 22:00:00,107.154363
2022-06-23 23:00:00,103.3457025
2022-06-24 00:00:00,94.928589
2022-06-24 01:00:00,93.596196
2022-06-24 02:00:00,88.109709
2022-06-24 03:00:00,74.605973
2022-06-24 04:00:00,58.7506985
2022-06-24 05:00:00,50.040416500000006
2022-06-24 06:00:00,42.4250095
2022-06-24 07:00:00,40.127011
2022-06-24 08:00:00,39.218729
2022-06-24 09:00:00,38.820136
2022-06-24 10:00:00,41.3738375
2022-06-24 11:00:00,46.2015705
2022-06-24 12:00:00,51.524665
2022-06-24 13:00:00,55.748105
2022-06-24 14:00:00,63.1541475
2022-06-24 15:00:00,75.0838155
2022-06-24 16:00:00,87.63458349999999
2022-06-24 17:00:00,93.0511125
2022-06-24 18:00:00,104.258943
2022-06-24 19:00:00,114.407452
2022-06-24 20:00:00,117.0586955
2022-06-24 21:00:00,140.26568550000002
2022-06-24 22:00:00,141.4222565
2022-06-24 23:00:00,128.2677555
2022-06-25 00:00:00,110.4067685
2022-06-25 01:00:00,99.117773
2022-06-25 02:00:00,89.11546949999999
2022-06-25 03:00:00,76.8577175
2022-06-25 04:00:00,60.425456
2022-06-25 05:00:00,51.957023500000005
2022-06-25 06:00:00,43.583849
2022-06-25 07:00:00,40.380012
2022-06-25 08:00:00,39.5616555
2022-06-25 09:00:00,38.1437095
2022-06-25 10:00:00,37.640698
2022-06-25 11:00:00,37.511303
2022-06-25 12:00:00,40.619661
2022-06-25 13:00:00,47.749620500000006
2022-06-25 14:00:00,56.430926
2022-06-25 15:00:00,72.71355
2022-06-25 16:00:00,88.4924935
2022-06-25 17:00:00,100.502827
2022-06-25 18:00:00,101.381539
2022-06-25 19:00:00,109.5881585
2022-06-25 20:00:00,119.9208355
2022-06-25 21:00:00,148.171844
2022-06-25 22:00:00,157.2230095
2022-06-25 23:00:00,142.02683000000002
2022-06-26 00:00:00,113.785663
2022-06-26 01:00:00,108.6424045
2022-06-26 02:00:00,98.79007
2022-06-26 03:00:00,83.968962
2022-06-26 04:00:00,70.19238250000001
2022-06-26 05:00:00,61.3552065
2022-06-26 06:00:00,56.9369315
2022-06-26 07:00:00,50.498895000000005
2022-06-26 08:00:00,42.4905375
2022-06-26 09:00:00,40.4562955
2022-06-26 10:00:00,40.023627000000005
2022-06-26 11:00:00,37.775208
2022-06-26 12:00:00,39.9359355
2022-06-26 13:00:00,47.97214
2022-06-26 14:00:00,58.16533200000001
2022-06-26 15:00:00,76.209294
2022-06-26 16:00:00,95.81443
2022-06-26 17:00:00,100.70783
2022-06-26 18:00:00,102.899354
2022-06-26 19:00:00,109.6056225
2022-06-26 20:00:00,114.972549
2022-06-26 21:00:00,129.019178
2022-06-26 22:00:00,133.035336
2022-06-26 23:00:00,124.953223
2022-06-27 00:00:00,105.49243
2022-06-27 01:00:00,98.333523
2022-06-27 02:00:00,91.224585
2022-06-27 03:00:00,75.3238655
2022-06-27 04:00:00,62.5882005
2022-06-27 05:00:00,57.6886455
2022-06-27 06:00:00,54.751439000000005
2022-06-27 07:00:00,44.12886
2022-06-27 08:00:00,41.896216
2022-06-27 09:00:00,41.946947
2022-06-27 10:00:00,45.7362185
2022-06-27 11:00:00,51.9749615
2022-06-27 12:00:00,59.0344345
2022-06-27 13:00:00,72.74150750000001
2022-06-27 14:00:00,77.804944
2022-06-27 15:00:00,83.7574775
2022-06-27 16:00:00,87.3686735
2022-06-27 17:00:00,87.23369650000001
2022-06-27 18:00:00,90.8775515
2022-06-27 19:00:00,95.4583125
2022-06-27 20:00:00,101.056464
2022-06-27 21:00:00,112.230877
2022-06-27 22:00:00,116.067452
2022-06-27 23:00:00,106.1362395
2022-06-28 00:00:00,89.8432195
2022-06-28 01:00:00,86.7668085
2022-06-28 02:00:00,79.257601
2022-06-28 03:00:00,68.5028875
2022-06-28 04:00:00,56.018418
2022-06-28 05:00:00,47.967279000000005
2022-06-28 06:00:00,41.959874
2022-06-28 07:00:00,38.839369000000005
2022-06-28 08:00:00,37.276517
2022-06-28 09:00:00,36.989954
2022-06-28 10:00:00,39.6436845
2022-06-28 11:00:00,42.2962845
2022-06-28 12:00:00,49.2472875
2022-06-28 13:00:00,49.332389
2022-06-28 14:00:00,50.8856275
2022-06-28 15:00:00,54.6282545
2022-06-28 16:00:00,62.834
2022-06-28 17:00:00,70.227319
2022-06-28 18:00:00,74.29870650000001
2022-06-28 19:00:00,82.0183015
2022-06-28 20:00:00,89.182457
2022-06-28 21:00:00,105.073283
2022-06-28 22:00:00,114.28591
2022-06-28 23:00:00,103.4843145
2022-06-29 00:00:00,87.9699875
2022-06-29 01:00:00,79.4562865
2022-06-29 02:00:00,73.0931105
2022-06-29 03:00:00,60.280218000000005
2022-06-29 04:00:00,50.4344205
2022-06-29 05:00:00,43.9124675
2022-06-29 06:00:00,40.737205
2022-06-29 07:00:00,37.7864975
2022-06-29 08:00:00,36.3473715
2022-06-29 09:00:00,36.133789
2022-06-29 10:00:00,38.2430245
2022-06-29 11:00:00,41.931740000000005
2022-06-29 12:00:00,45.862031
2022-06-29 13:00:00,50.091176
2022-06-29 14:00:00,54.7131445
2022-06-29 15:00:00,63.8520365
2022-06-29 16:00:00,76.499407
2022-06-29 17:00:00,90.855271
2022-06-29 18:00:00,104.642685
2022-06-29 19:00:00,112.009801
2022-06-29 20:00:00,126.174142
2022-06-29 21:00:00,150.9719695
2022-06-29 22:00:00,153.1539295
2022-06-29 23:00:00,144.2908165
2022-06-30 00:00:00,129.1542985
2022-06-30 01:00:00,108.024645
2022-06-30 02:00:00,104.842124
2022-06-30 03:00:00,84.1542915
2022-06-30 04:00:00,67.954598
2022-06-30 05:00:00,53.18496
2022-06-30 06:00:00,49.4377325
2022-06-30 07:00:00,43.5363185
2022-06-30 08:00:00,41.5561635
2022-06-30 09:00:00,41.7631785
2022-06-30 10:00:00,43.5656005
2022-06-30 11:00:00,47.3811755
2022-06-30 12:00:00,53.168787
2022-06-30 13:00:00,55.404342
2022-06-30 14:00:00,63.040747
2022-06-30 15:00:00,77.3316465
2022-06-30 16:00:00,92.942151
2022-06-30 17:00:00,104.8835505
2022-06-30 18:00:00,112.4397445
2022-06-30 19:00:00,120.058041
2022-06-30 20:00:00,145.2349965
2022-06-30 21:00:00,181.492372
2022-06-30 22:00:00,186.070457
2022-06-30 23:00:00,164.1108165
2022-07-01 00:00:00,139.044208
2022-07-01 01:00:00,107.9207065
2022-07-01 02:00:00,105.1887465
2022-07-01 03:00:00,83.811897
2022-07-01 04:00:00,67.8370025
2022-07-01 05:00:00,59.2312845
2022-07-01 06:00:00,50.31330749999999
2022-07-01 07:00:00,46.8631585
2022-07-01 08:00:00,44.19638
2022-07-01 09:00:00,44.0402075
2022-07-01 10:00:00,47.285778500000006
2022-07-01 11:00:00,53.319158
2022-07-01 12:00:00,58.1579235
2022-07-01 13:00:00,71.181996
2022-07-01 14:00:00,83.07645199999999
2022-07-01 15:00:00,94.899281
2022-07-01 16:00:00,119.9276845
2022-07-01 17:00:00,121.3834045
2022-07-01 18:00:00,130.652055
2022-07-01 19:00:00,145.513354
2022-07-01 20:00:00,162.06852049999998
2022-07-01 21:00:00,181.4824015
2022-07-01 22:00:00,175.563591
2022-07-01 23:00:00,141.030384
2022-07-02 00:00:00,116.875332
2022-07-02 01:00:00,106.9356575
2022-07-02 02:00:00,93.624365
2022-07-02 03:00:00,80.618588
2022-07-02 04:00:00,73.4532135
2022-07-02 05:00:00,70.2064
2022-07-02 06:00:00,61.119444
2022-07-02 07:00:00,56.236965
2022-07-02 08:00:00,49.549783000000005
2022-07-02 09:00:00,46.947355
2022-07-02 10:00:00,46.0968835
2022-07-02 11:00:00,45.045265
2022-07-02 12:00:00,46.4221245
2022-07-02 13:00:00,56.7290845
2022-07-02 14:00:00,69.014567
2022-07-02 15:00:00,78.91040100000001
2022-07-02 16:00:00,94.777639
2022-07-02 17:00:00,105.418388
2022-07-02 18:00:00,105.404756
2022-07-02 19:00:00,113.456655
2022-07-02 20:00:00,120.7764775
2022-07-02 21:00:00,139.6704515
2022-07-02 22:00:00,140.3951495
2022-07-02 23:00:00,117.5524525
2022-07-03 00:00:00,102.306117
2022-07-03 01:00:00,94.5728375
2022-07-03 02:00:00,85.279564
2022-07-03 03:00:00,72.1053105
2022-07-03 04:00:00,64.8698675
2022-07-03 05:00:00,52.74548
2022-07-03 06:00:00,48.080474
2022-07-03 07:00:00,43.6717985
2022-07-03 08:00:00,40.853473
2022-07-03 09:00:00,38.85751500000001
2022-07-03 10:00:00,37.4946045
2022-07-03 11:00:00,36.6942955
2022-07-03 12:00:00,38.2397855
2022-07-03 13:00:00,43.9105735
2022-07-03 14:00:00,49.8869315
2022-07-03 15:00:00,58.1200645
2022-07-03 16:00:00,69.43560550000001
2022-07-03 17:00:00,81.91543100000001
2022-07-03 18:00:00,85.665639
2022-07-03 19:00:00,91.033869
2022-07-03 20:00:00,103.7722655
2022-07-03 21:00:00,119.133573
2022-07-03 22:00:00,125.2816395
2022-07-03 23:00:00,112.6850865
2022-07-04 00:00:00,96.322089
2022-07-04 01:00:00,81.9711265
2022-07-04 02:00:00,79.4350035
2022-07-04 03:00:00,66.33828399999999
2022-07-04 04:00:00,57.249287
2022-07-04 05:00:00,46.2893455
2022-07-04 06:00:00,44.139318
2022-07-04 07:00:00,40.047702
2022-07-04 08:00:00,38.24739
2022-07-04 09:00:00,36.283279
2022-07-04 10:00:00,35.989144
2022-07-04 11:00:00,35.368666000000005
2022-07-04 12:00:00,37.550595
2022-07-04 13:00:00,43.5338815
2022-07-04 14:00:00,49.579039
2022-07-04 15:00:00,57.904128
2022-07-04 16:00:00,69.0186855
2022-07-04 17:00:00,84.29394149999999
2022-07-04 18:00:00,87.705787
2022-07-04 19:00:00,102.685393
2022-07-04 20:00:00,105.340239
2022-07-04 21:00:00,122.9039255
2022-07-04 22:00:00,129.9094875
2022-07-04 23:00:00,123.0815435
2022-07-05 00:00:00,108.1072565
2022-07-05 01:00:00,94.0153355
2022-07-05 02:00:00,87.15693999999999
2022-07-05 03:00:00,75.38623849999999
2022-07-05 04:00:00,61.284786
2022-07-05 05:00:00,52.7419705
2022-07-05 06:00:00,45.4421485
2022-07-05 07:00:00,40.0814915
2022-07-05 08:00:00,38.7786975
2022-07-05 09:00:00,38.382893
2022-07-05 10:00:00,40.4924865
2022-07-05 11:00:00,48.701587
2022-07-05 12:00:00,55.1029875
2022-07-05 13:00:00,61.925903000000005
2022-07-05 14:00:00,76.718864
2022-07-05 15:00:00,86.213459
2022-07-05 16:00:00,103.512458
2022-07-05 17:00:00,110.4124235
2022-07-05 18:00:00,126.2838385
2022-07-05 19:00:00,139.7352345
2022-07-05 20:00:00,148.193796
2022-07-05 21:00:00,172.818851
2022-07-05 22:00:00,175.07972949999998
2022-07-05 23:00:00,149.7892785
2022-07-06 00:00:00,130.6505785
2022-07-06 01:00:00,112.8464655
2022-07-06 02:00:00,103.321847
2022-07-06 03:00:00,88.59528499999999
2022-07-06 04:00:00,75.7457475
2022-07-06 05:00:00,67.72125249999999
2022-07-06 06:00:00,57.43397
2022-07-06 07:00:00,53.1018005
2022-07-06 08:00:00,49.632296
2022-07-06 09:00:00,48.649972000000005
2022-07-06 10:00:00,51.3170265
2022-07-06 11:00:00,58.337691
2022-07-06 12:00:00,68.3948855
2022-07-06 13:00:00,75.4998315
2022-07-06 14:00:00,83.8972655
2022-07-06 15:00:00,94.806783
2022-07-06 16:00:00,123.509557
2022-07-06 17:00:00,138.82640650000002
2022-07-06 18:00:00,162.75370800000002
2022-07-06 19:00:00,174.268923
2022-07-06 20:00:00,182.1448295
2022-07-06 21:00:00,188.117909
2022-07-06 22:00:00,183.312537
2022-07-06 23:00:00,159.589998
2022-07-07 00:00:00,132.5566555
2022-07-07 01:00:00,114.6736325
2022-07-07 02:00:00,106.176191
2022-07-07 03:00:00,90.7553165
2022-07-07 04:00:00,79.18319149999999
2022-07-07 05:00:00,71.9291675
2022-07-07 06:00:00,59.3434435
2022-07-07 07:00:00,51.6491925
2022-07-07 08:00:00,47.466888
2022-07-07 09:00:00,47.3932945
2022-07-07 10:00:00,52.371787
2022-07-07 11:00:00,60.2583205
2022-07-07 12:00:00,70.21401850000001
2022-07-07 13:00:00,80.279135
2022-07-07 14:00:00,86.49440899999999
2022-07-07 15:00:00,92.8139095
2022-07-07 16:00:00,117.253773
2022-07-07 17:00:00,122.52766
2022-07-07 18:00:00,123.229061
2022-07-07 19:00:00,135.00493799999998
2022-07-07 20:00:00,144.567993
2022-07-07 21:00:00,154.23035399999998
2022-07-07 22:00:00,154.11987
2022-07-07 23:00:00,134.00384350000002
2022-07-08 00:00:00,122.31372100000002
2022-07-08 01:00:00,114.0036785
2022-07-08 02:00:00,98.0969755
2022-07-08 03:00:00,85.6860905
2022-07-08 04:00:00,76.187198
2022-07-08 05:00:00,65.556731
2022-07-08 06:00:00,58.828124
2022-07-08 07:00:00,48.787987
2022-07-08 08:00:00,44.839331
2022-07-08 09:00:00,45.4034765
2022-07-08 10:00:00,50.421486
2022-07-08 11:00:00,57.9793455
2022-07-08 12:00:00,63.916039
2022-07-08 13:00:00,70.6365205
2022-07-08 14:00:00,75.935371
2022-07-08 15:00:00,86.846313
2022-07-08 16:00:00,94.4007865
2022-07-08 17:00:00,95.203781
2022-07-08 18:00:00,107.5320685
2022-07-08 19:00:00,109.2851795
2022-07-08 20:00:00,112.8878155
2022-07-08 21:00:00,119.012551
2022-07-08 22:00:00,113.7537605
2022-07-08 23:00:00,95.868265
2022-07-09 00:00:00,91.237616
2022-07-09 01:00:00,84.36984100000001
2022-07-09 02:00:00,78.1395025
2022-07-09 03:00:00,69.395936
2022-07-09 04:00:00,60.133677
2022-07-09 05:00:00,57.518099
2022-07-09 06:00:00,53.7070445
2022-07-09 07:00:00,51.8884485
2022-07-09 08:00:00,47.058178
2022-07-09 09:00:00,45.026417
2022-07-09 10:00:00,45.3995075
2022-07-09 11:00:00,43.8106325
2022-07-09 12:00:00,45.657756
2022-07-09 13:00:00,52.97675
2022-07-09 14:00:00,58.333294
2022-07-09 15:00:00,69.301625
2022-07-09 16:00:00,73.3726115
2022-07-09 17:00:00,76.0832715
2022-07-09 18:00:00,80.729389
2022-07-09 19:00:00,78.946264
2022-07-09 20:00:00,82.8609015
2022-07-09 21:00:00,88.20035899999999
2022-07-09 22:00:00,92.5561175
2022-07-09 23:00:00,85.19615250000001
2022-07-10 00:00:00,78.1483695
2022-07-10 01:00:00,74.048733
2022-07-10 02:00:00,71.2982315
2022-07-10 03:00:00,61.436753
2022-07-10 04:00:00,52.3998675
2022-07-11 05:00:00,49.086828
2022-07-11 06:00:00,41.160605
2022-07-11 07:00:00,38.6949085
2022-07-11 08:00:00,37.212010500000005
2022-07-11 09:00:00,36.998382
2022-07-11 10:00:00,38.4329225
2022-07-11 11:00:00,47.0403895
2022-07-11 12:00:00,49.8948995
2022-07-11 13:00:00,53.9438925
2022-07-11 14:00:00,63.916841000000005
2022-07-11 15:00:00,75.3960805
2022-07-11 16:00:00,83.32110850000001
2022-07-11 17:00:00,88.82139000000001
2022-07-11 18:00:00,94.7012575
2022-07-11 19:00:00,96.047583
2022-07-11 20:00:00,106.5130695
2022-07-11 21:00:00,127.1658155
2022-07-11 22:00:00,140.2490105
2022-07-11 23:00:00,128.787074
2022-07-12 00:00:00,110.656499
2022-07-12 01:00:00,101.4131695
2022-07-12 02:00:00,93.156142
2022-07-12 03:00:00,80.608733
2022-07-12 04:00:00,70.51327
2022-07-12 05:00:00,55.866907
2022-07-12 06:00:00,49.3409185
2022-07-12 07:00:00,41.924692500000006
2022-07-12 08:00:00,38.7264565
2022-07-12 09:00:00,38.906234
2022-07-12 10:00:00,44.994659
2022-07-12 11:00:00,51.317691
2022-07-12 12:00:00,52.766566
2022-07-12 13:00:00,61.1468935
2022-07-12 14:00:00,74.0926245
2022-07-12 15:00:00,84.133421
2022-07-12 16:00:00,94.042539
2022-07-12 17:00:00,102.6270945
2022-07-12 18:00:00,106.394781
2022-07-12 19:00:00,116.229358
2022-07-12 20:00:00,129.464021
2022-07-12 21:00:00,146.29560600000002
2022-07-12 22:00:00,150.52950700000002
2022-07-12 23:00:00,137.2397165
2022-07-13 00:00:00,118.82144
2022-07-13 01:00:00,102.357249
2022-07-13 02:00:00,94.0412845
2022-07-13 03:00:00,85.78327200000001
2022-07-13 04:00:00,75.867321
2022-07-13 05:00:00,64.2839565
2022-07-13 06:00:00,56.677615
2022-07-13 07:00:00,51.8300735
2022-07-13 08:00:00,46.050641
2022-07-13 09:00:00,45.601069
2022-07-13 10:00:00,49.603233
2022-07-13 11:00:00,55.957555
2022-07-13 12:00:00,59.806164
2022-07-13 13:00:00,75.986634
2022-07-13 14:00:00,82.02011300000001
2022-07-13 15:00:00,89.781122
2022-07-13 16:00:00,98.76062
2022-07-13 17:00:00,105.410097
2022-07-13 18:00:00,112.6311195
2022-07-13 19:00:00,120.5422425
2022-07-13 20:00:00,139.1944835
2022-07-13 21:00:00,154.056905
2022-07-13 22:00:00,147.933143
2022-07-13 23:00:00,138.4779935
2022-07-14 00:00:00,119.2778385
2022-07-14 01:00:00,103.308913
2022-07-14 02:00:00,99.3433385
2022-07-14 03:00:00,87.6615585
2022-07-14 04:00:00,72.9448235
2022-07-14 05:00:00,62.8945895
2022-07-14 06:00:00,56.2328095
2022-07-14 07:00:00,49.33761
2022-07-14 08:00:00,45.1378615
2022-07-14 09:00:00,44.6116705
2022-07-14 10:00:00,49.3087285
2022-07-14 11:00:00,53.825099
2022-07-14 12:00:00,59.919615
2022-07-14 13:00:00,66.680861
2022-07-14 14:00:00,78.299117
2022-07-14 15:00:00,86.300112
2022-07-14 16:00:00,92.977978
2022-07-14 17:00:00,96.658367
2022-07-14 18:00:00,101.866638
2022-07-14 19:00:00,109.6465815
2022-07-14 20:00:00,125.1109075
2022-07-14 21:00:00,138.3220065
2022-07-14 22:00:00,139.3981595
2022-07-14 23:00:00,126.16189
2022-07-15 00:00:00,106.804508
2022-07-15 01:00:00,95.9612185
2022-07-15 02:00:00,89.96852200000001
2022-07-15 03:00:00,77.653795
2022-07-15 04:00:00,67.656714
2022-07-15 05:00:00,57.7482165
2022-07-15 06:00:00,51.5980605
2022-07-15 07:00:00,47.205646
2022-07-15 08:00:00,44.7493045
2022-07-15 09:00:00,43.8837035
2022-07-15 10:00:00,45.9822165
2022-07-15 11:00:00,50.918625500000005
2022-07-15 12:00:00,54.795297
2022-07-15 13:00:00,59.8827185
2022-07-15 14:00:00,72.62741
2022-07-15 15:00:00,83.201836
2022-07-15 16:00:00,93.0639215
2022-07-15 17:00:00,96.400879
2022-07-15 18:00:00,100.4217175
2022-07-15 19:00:00,105.033752
2022-07-15 20:00:00,116.120265
2022-07-15 21:00:00,130.77872150000002
2022-07-15 22:00:00,129.8705815
2022-07-15 23:00:00,107.58428
2022-07-16 00:00:00,97.385784
2022-07-16 01:00:00,96.711456
2022-07-16 02:00:00,87.692549
2022-07-16 03:00:00,75.788356
2022-07-16 04:00:00,62.0175205
2022-07-16 05:00:00,58.771953
2022-07-16 06:00:00,55.844675
2022-07-16 07:00:00,51.7230385
2022-07-16 08:00:00,47.107183
2022-07-16 09:00:00,44.956995500000005
2022-07-16 10:00:00,44.769217
2022-07-16 11:00:00,45.255880000000005
2022-07-16 12:00:00,46.641066
2022-07-16 13:00:00,53.111978
2022-07-16 14:00:00,60.9332885
2022-07-16 15:00:00,73.64946950000001
2022-07-16 16:00:00,82.9494395
2022-07-16 17:00:00,91.7025975
2022-07-16 18:00:00,91.9898715
2022-07-16 19:00:00,95.9788005
2022-07-16 20:00:00,100.5417675
2022-07-16 21:00:00,107.98922
2022-07-16 22:00:00,112.576583
2022-07-16 23:00:00,105.9806345
2022-07-17 00:00:00,98.3152035
2022-07-17 01:00:00,92.5756015
2022-07-17 02:00:00,90.6762355
2022-07-17 03:00:00,78.0756275
2022-07-17 04:00:00,69.616062
2022-07-17 05:00:00,59.2272625
2022-07-17 06:00:00,58.597788
2022-07-17 07:00:00,55.2449305
2022-07-17 08:00:00,48.5364795
2022-07-17 09:00:00,46.1103665
2022-07-17 10:00:00,45.2994055
2022-07-17 11:00:00,45.045571
2022-07-17 12:00:00,44.71224
2022-07-17 13:00:00,50.4440535
2022-07-17 14:00:00,62.42512
2022-07-17 15:00:00,74.852469
2022-07-17 16:00:00,87.047931
2022-07-17 17:00:00,95.553661
2022-07-17 18:00:00,98.5490095
2022-07-17 19:00:00,101.302332
2022-07-17 20:00:00,103.205366
2022-07-17 21:00:00,118.645078
2022-07-17 22:00:00,134.7262185
2022-07-17 23:00:00,120.105628
2022-07-18 00:00:00,104.824312
2022-07-18 01:00:00,100.951109
2022-07-18 02:00:00,100.4787565
2022-07-18 03:00:00,84.200525
2022-07-18 04:00:00,76.197891
2022-07-18 05:00:00,67.89235400000001
2022-07-18 06:00:00,59.0832255
2022-07-18 07:00:00,50.6138025
2022-07-18 08:00:00,48.40091
2022-07-18 09:00:00,48.277165
2022-07-18 10:00:00,58.188001
2022-07-18 11:00:00,72.003591
2022-07-18 12:00:00,76.639106
2022-07-18 13:00:00,79.777762
2022-07-18 14:00:00,83.5527415
2022-07-18 15:00:00,94.208167
2022-07-18 16:00:00,101.5526445
2022-07-18 17:00:00,109.3420305
2022-07-18 18:00:00,117.798597
2022-07-18 19:00:00,127.0583565
2022-07-18 20:00:00,140.8754335
2022-07-18 21:00:00,148.24926399999998
2022-07-18 22:00:00,154.6227285
2022-07-18 23:00:00,138.9072105
2022-07-19 00:00:00,123.016438
2022-07-19 01:00:00,104.7110325
2022-07-19 02:00:00,98.1713915
2022-07-19 03:00:00,85.98346000000001
2022-07-19 04:00:00,75.71115499999999
2022-07-19 05:00:00,69.12782899999999
2022-07-19 06:00:00,57.8089425
2022-07-19 07:00:00,51.5493185
2022-07-19 08:00:00,47.1699385
2022-07-19 09:00:00,46.8355335
2022-07-19 10:00:00,50.625633500000006
2022-07-19 11:00:00,56.4831245
2022-07-19 12:00:00,61.781039
2022-07-19 13:00:00,71.7188445
2022-07-19 14:00:00,88.6302585
2022-07-19 15:00:00,107.368268
2022-07-19 16:00:00,112.853456
2022-07-19 17:00:00,129.9670725
2022-07-19 18:00:00,135.5649725
2022-07-19 19:00:00,145.310746
2022-07-19 20:00:00,165.521642
2022-07-19 21:00:00,188.40174
2022-07-19 22:00:00,206.247988
2022-07-19 23:00:00,178.88076
2022-07-20 00:00:00,149.2658915
2022-07-20 01:00:00,123.713605
2022-07-20 02:00:00,113.1439275
2022-07-20 03:00:00,100.5762005
2022-07-20 04:00:00,83.255858
2022-07-20 05:00:00,75.7265165
2022-07-20 06:00:00,62.7745635
2022-07-20 07:00:00,60.1298955
2022-07-20 08:00:00,55.5386985
2022-07-20 09:00:00,54.101606
2022-07-20 10:00:00,57.7792345
2022-07-20 11:00:00,63.560965
2022-07-20 12:00:00,78.178504
2022-07-20 13:00:00,86.184736
2022-07-20 14:00:00,101.2452865
2022-07-20 15:00:00,113.8062775
2022-07-20 16:00:00,132.84367400000002
2022-07-20 17:00:00,146.25444149999998
2022-07-20 18:00:00,159.5659735
2022-07-20 19:00:00,171.9593285
2022-07-20 20:00:00,186.331953
2022-07-20 21:00:00,212.9755505
2022-07-20 22:00:00,223.5991455
2022-07-20 23:00:00,197.292726
2022-07-21 00:00:00,165.011862
2022-07-21 01:00:00,138.0445595
2022-07-21 02:00:00,128.587656
2022-07-21 03:00:00,108.360566
2022-07-21 04:00:00,95.1824585
2022-07-21 05:00:00,87.640208
2022-07-21 06:00:00,78.7410835
2022-07-21 07:00:00,69.121213
2022-07-21 08:00:00,62.7491675
2022-07-21 09:00:00,62.677310000000006
2022-07-21 10:00:00,69.114952
2022-07-21 11:00:00,79.33061699999999
2022-07-21 12:00:00,90.5949135
2022-07-21 13:00:00,102.2156425
2022-07-21 14:00:00,112.798313
2022-07-21 15:00:00,121.566728
2022-07-21 16:00:00,146.123757
2022-07-21 17:00:00,172.041114
2022-07-21 18:00:00,184.505926
2022-07-21 19:00:00,197.425058
2022-07-21 20:00:00,206.861095
2022-07-21 21:00:00,232.839806
2022-07-21 22:00:00,232.327699
2022-07-21 23:00:00,208.0109455
2022-07-22 00:00:00,178.7807
2022-07-22 01:00:00,149.259773
2022-07-22 02:00:00,133.27883350000002
2022-07-22 03:00:00,110.666696
2022-07-22 04:00:00,95.9406055
2022-07-22 05:00:00,87.8005435
2022-07-22 06:00:00,73.73677649999999
2022-07-22 07:00:00,60.9197215
2022-07-22 08:00:00,56.7999595
2022-07-22 09:00:00,56.4940625
2022-07-22 10:00:00,62.899806
2022-07-22 11:00:00,72.9690685
2022-07-22 12:00:00,84.7788755
2022-07-22 13:00:00,100.6912535
2022-07-22 14:00:00,107.3529525
2022-07-22 15:00:00,118.111177
2022-07-22 16:00:00,142.86285850000002
2022-07-22 17:00:00,157.62485500000005
2022-07-22 18:00:00,186.345086
2022-07-22 19:00:00,208.5068175
2022-07-22 20:00:00,220.260222
2022-07-22 21:00:00,248.183755
2022-07-22 22:00:00,241.638759
2022-07-22 23:00:00,214.0225505
2022-07-23 00:00:00,178.9041505
2022-07-23 01:00:00,148.86982949999998
2022-07-23 02:00:00,127.33431050000002
2022-07-23 03:00:00,111.5007595
2022-07-23 04:00:00,97.977122
2022-07-23 05:00:00,86.215328
2022-07-23 06:00:00,76.1830305
2022-07-23 07:00:00,66.5931995
2022-07-23 08:00:00,60.3242045
2022-07-23 09:00:00,58.388024
2022-07-23 10:00:00,57.976789
2022-07-23 11:00:00,58.3480725
2022-07-23 12:00:00,60.41629
2022-07-23 13:00:00,68.869891
2022-07-23 14:00:00,88.0255515
2022-07-23 15:00:00,106.6476405
2022-07-23 16:00:00,122.3943705
2022-07-23 17:00:00,132.771986
2022-07-23 18:00:00,144.710025
2022-07-23 19:00:00,167.72607699999998
2022-07-23 20:00:00,178.761217
2022-07-23 21:00:00,198.6540705
2022-07-23 22:00:00,215.458054
2022-07-23 23:00:00,192.4837525
2022-07-24 00:00:00,158.5104445
2022-07-24 01:00:00,125.488647
2022-07-24 02:00:00,121.3663615
2022-07-24 03:00:00,110.5071005
2022-07-24 04:00:00,94.6914275
2022-07-24 05:00:00,83.9456505
2022-07-24 06:00:00,79.869995
2022-07-24 07:00:00,68.7942065
2022-07-24 08:00:00,63.3873085
2022-07-24 09:00:00,60.267447
2022-07-24 10:00:00,58.4461855
2022-07-24 11:00:00,57.0444235
2022-07-24 12:00:00,59.478794
2022-07-24 13:00:00,70.1178705
2022-07-24 14:00:00,86.7091
2022-07-24 15:00:00,99.5111925
2022-07-24 16:00:00,118.786683
2022-07-24 17:00:00,133.1330515
2022-07-24 18:00:00,158.02520900000002
2022-07-24 19:00:00,175.18183549999998
2022-07-24 20:00:00,189.2202525
2022-07-24 21:00:00,207.3523575
2022-07-24 22:00:00,230.896102
2022-07-24 23:00:00,218.5370955
2022-07-25 00:00:00,170.3073325
2022-07-25 01:00:00,141.2703185
2022-07-25 02:00:00,130.79744549999998
2022-07-25 03:00:00,112.774294
2022-07-25 04:00:00,102.39546
2022-07-25 05:00:00,92.5911485
2022-07-25 06:00:00,84.3967025
2022-07-25 07:00:00,79.25822099999999
2022-07-25 08:00:00,73.0358005
2022-07-25 09:00:00,75.805816
2022-07-25 10:00:00,81.643539
2022-07-25 11:00:00,88.66893350000001
2022-07-25 12:00:00,94.615795
2022-07-25 13:00:00,101.7375225
2022-07-25 14:00:00,110.968863
2022-07-25 15:00:00,123.7442455
2022-07-25 16:00:00,138.62249450000002
2022-07-25 17:00:00,152.035353
2022-07-25 18:00:00,164.34912500000002
2022-07-25 19:00:00,174.40756299999998
2022-07-25 20:00:00,180.5630955
2022-07-25 21:00:00,185.08898900000003
2022-07-25 22:00:00,178.0478405
2022-07-25 23:00:00,166.040366
2022-07-26 00:00:00,135.045271
2022-07-26 01:00:00,125.0706
2022-07-26 02:00:00,112.51084
2022-07-26 03:00:00,104.2757625
2022-07-26 04:00:00,90.631156
2022-07-26 05:00:00,81.54123100000001
2022-07-26 06:00:00,76.265492
2022-07-26 07:00:00,66.92135200000001
2022-07-26 08:00:00,61.187995
2022-07-26 09:00:00,62.299130000000005
2022-07-26 10:00:00,70.486531
2022-07-26 11:00:00,79.7036555
2022-07-26 12:00:00,83.7059515
2022-07-26 13:00:00,87.612482
2022-07-26 14:00:00,93.0215435
2022-07-26 15:00:00,101.697417
2022-07-26 16:00:00,110.8653615
2022-07-26 17:00:00,114.850068
2022-07-26 18:00:00,119.6758795
2022-07-26 19:00:00,121.0204285
2022-07-26 20:00:00,128.081606
2022-07-26 21:00:00,134.45022
2022-07-26 22:00:00,135.617363
2022-07-26 23:00:00,121.9969815
2022-07-27 00:00:00,116.3134495
2022-07-27 01:00:00,114.7425815
2022-07-27 02:00:00,110.403845
2022-07-27 03:00:00,96.5410285
2022-07-27 04:00:00,82.584429
2022-07-27 05:00:00,76.549564
2022-07-27 06:00:00,70.0351985
2022-07-27 07:00:00,61.1220395
2022-07-27 08:00:00,56.620088
2022-07-27 09:00:00,56.839163
2022-07-27 10:00:00,65.485236
2022-07-27 11:00:00,78.676338
2022-07-27 12:00:00,79.87587049999999
2022-07-27 13:00:00,83.050892
2022-07-27 14:00:00,91.32498
2022-07-27 15:00:00,100.1236645
2022-07-27 16:00:00,109.3006
2022-07-27 17:00:00,118.324184
2022-07-27 18:00:00,125.4381515
2022-07-27 19:00:00,131.1618505
2022-07-27 20:00:00,132.0961565
2022-07-27 21:00:00,153.20265
2022-07-27 22:00:00,161.1037345
2022-07-27 23:00:00,154.7939835
2022-07-28 00:00:00,133.8102025
2022-07-28 01:00:00,123.360789
2022-07-28 02:00:00,118.5762025
2022-07-28 03:00:00,102.623483
2022-07-28 04:00:00,88.529282
2022-07-28 05:00:00,84.379023
2022-07-28 06:00:00,74.26771199999999
2022-07-28 07:00:00,68.0967945
2022-07-28 08:00:00,61.8170325
2022-07-28 09:00:00,60.99352
2022-07-28 10:00:00,73.4901835
2022-07-28 11:00:00,81.7367295
2022-07-28 12:00:00,83.63911350000001
2022-07-28 13:00:00,89.3091775
2022-07-28 14:00:00,102.5361745
2022-07-28 15:00:00,110.052301
2022-07-28 16:00:00,121.08901
2022-07-28 17:00:00,121.3000125
2022-07-28 18:00:00,138.534565
2022-07-28 19:00:00,141.99323950000002
2022-07-28 20:00:00,156.632342
2022-07-28 21:00:00,178.75280600000002
2022-07-28 22:00:00,180.8667205
2022-07-28 23:00:00,163.011357
2022-07-29 00:00:00,140.5421365
2022-07-29 01:00:00,129.602647
2022-07-29 02:00:00,115.924468
2022-07-29 03:00:00,103.3955215
2022-07-29 04:00:00,89.29606050000001
2022-07-29 05:00:00,83.84567200000001
2022-07-29 06:00:00,75.193872
2022-07-29 07:00:00,62.1956515
2022-07-29 08:00:00,59.257247
2022-07-29 09:00:00,57.65975
2022-07-29 10:00:00,63.283722
2022-07-29 11:00:00,73.81582850000001
2022-07-29 12:00:00,81.000966
2022-07-29 13:00:00,88.2219785
2022-07-29 14:00:00,96.316063
2022-07-29 15:00:00,106.3295625
2022-07-29 16:00:00,112.6422775
2022-07-29 17:00:00,120.7786935
2022-07-29 18:00:00,117.6888245
2022-07-29 19:00:00,123.000049
2022-07-29 20:00:00,137.15504
2022-07-29 21:00:00,138.4896
2022-07-29 22:00:00,156.040191
2022-07-29 23:00:00,135.230391
2022-07-30 00:00:00,124.757993
2022-07-30 01:00:00,111.9759415
2022-07-30 02:00:00,105.216958
2022-07-30 03:00:00,87.5574185
2022-07-30 04:00:00,80.436773
2022-07-30 05:00:00,74.457621
2022-07-30 06:00:00,69.6633895
2022-07-30 07:00:00,60.243236
2022-07-30 08:00:00,56.597704
2022-07-30 09:00:00,54.828272
2022-07-30 10:00:00,54.5333085
2022-07-30 11:00:00,53.987701
2022-07-30 12:00:00,55.929957
2022-07-30 13:00:00,60.746439
2022-07-30 14:00:00,69.686768
2022-07-30 15:00:00,75.271186
2022-07-30 16:00:00,80.46855550000001
2022-07-30 17:00:00,94.3519665
2022-07-30 18:00:00,94.8071865
2022-07-30 19:00:00,99.6113895
2022-07-30 20:00:00,108.5649895
2022-07-30 21:00:00,123.310591
2022-07-30 22:00:00,142.082165
2022-07-30 23:00:00,120.0251675
2022-07-31 00:00:00,106.97251
2022-07-31 01:00:00,99.2139215
2022-07-31 02:00:00,93.237347
2022-07-31 03:00:00,79.170108
2022-07-31 04:00:00,71.8271905
2022-07-31 05:00:00,68.10015
2022-07-31 06:00:00,57.1399455
2022-07-31 07:00:00,55.716629
2022-07-31 08:00:00,54.366714
2022-07-31 09:00:00,52.0289445
2022-07-31 10:00:00,53.173285500000006
2022-07-31 11:00:00,51.231064
2022-07-31 12:00:00,51.9190155
2022-07-31 13:00:00,57.0715005
2022-07-31 14:00:00,60.030655
2022-07-31 15:00:00,72.0620175
2022-07-31 16:00:00,79.864159
2022-07-31 17:00:00,90.6662845
2022-07-31 18:00:00,96.287663
2022-07-31 19:00:00,98.2193445
2022-07-31 20:00:00,103.6665605
2022-07-31 21:00:00,116.1028035
2022-07-31 22:00:00,131.4327525
2022-07-31 23:00:00,121.9050535
2022-08-01 00:00:00,107.1944995
2022-08-01 01:00:00,102.785779
2022-08-01 02:00:00,100.9715625
2022-08-01 03:00:00,81.964774
2022-08-01 04:00:00,79.2052285
2022-08-01 05:00:00,66.107362
2022-08-01 06:00:00,57.94465099999999
2022-08-01 07:00:00,53.8212055
2022-08-01 08:00:00,51.6085165
2022-08-01 09:00:00,51.5051205
2022-08-01 10:00:00,55.562004
2022-08-01 11:00:00,68.72971799999999
2022-08-01 12:00:00,75.684967
2022-08-01 13:00:00,77.25908799999999
2022-08-01 14:00:00,83.564843
2022-08-01 15:00:00,95.1586035
2022-08-01 16:00:00,101.517502
2022-08-01 17:00:00,116.5418285
2022-08-01 18:00:00,119.855452
2022-08-01 19:00:00,126.463245
2022-08-01 20:00:00,133.2752955
2022-08-01 21:00:00,150.1205955
2022-08-01 22:00:00,166.7496815
2022-08-01 23:00:00,154.087064
2022-08-02 00:00:00,143.26865600000002
2022-08-02 01:00:00,134.52135199999998
2022-08-02 02:00:00,127.48612
2022-08-02 03:00:00,107.942697
2022-08-02 04:00:00,94.3825825
2022-08-02 05:00:00,79.1560535
2022-08-02 06:00:00,68.70833
2022-08-02 07:00:00,56.873771000000005
2022-08-02 08:00:00,54.503683
2022-08-02 09:00:00,54.734170000000006
2022-08-02 10:00:00,58.629538
2022-08-02 11:00:00,72.0288815
2022-08-02 12:00:00,78.949798
2022-08-02 13:00:00,82.85187400000001
2022-08-02 14:00:00,94.426689
2022-08-02 15:00:00,105.4920635
2022-08-02 16:00:00,113.6966855
2022-08-02 17:00:00,129.58511
2022-08-02 18:00:00,138.47702850000002
2022-08-02 19:00:00,145.3633805
2022-08-02 20:00:00,153.761664
2022-08-02 21:00:00,169.90866
2022-08-02 22:00:00,183.0785735
2022-08-02 23:00:00,171.95167800000002
2022-08-03 00:00:00,157.177559
2022-08-03 01:00:00,127.250746
2022-08-03 02:00:00,110.995085
2022-08-03 03:00:00,94.4030855
2022-08-03 04:00:00,80.8869275
2022-08-03 05:00:00,72.3303215
2022-08-03 06:00:00,63.4456625
2022-08-03 07:00:00,55.1498615
2022-08-03 08:00:00,51.83251
2022-08-03 09:00:00,50.778351
2022-08-03 10:00:00,53.3075435
2022-08-03 11:00:00,61.0631405
2022-08-03 12:00:00,70.105598
2022-08-03 13:00:00,80.09359950000001
2022-08-03 14:00:00,90.1663825
2022-08-03 15:00:00,96.233013
2022-08-03 16:00:00,103.040694
2022-08-03 17:00:00,129.6286545
2022-08-03 18:00:00,117.575319
2022-08-03 19:00:00,136.668666
2022-08-03 20:00:00,158.738843
2022-08-03 21:00:00,188.0996
2022-08-03 22:00:00,206.314593
2022-08-03 23:00:00,183.8003095
2022-08-04 00:00:00,160.74559449999998
2022-08-04 01:00:00,134.88485400000002
2022-08-04 02:00:00,122.379634
2022-08-04 03:00:00,107.7851335
2022-08-04 04:00:00,97.376837
2022-08-04 05:00:00,84.34401
2022-08-04 06:00:00,72.889382
2022-08-04 07:00:00,62.574699
2022-08-04 08:00:00,56.67429
2022-08-04 09:00:00,55.3987965
2022-08-04 10:00:00,63.277344
2022-08-04 11:00:00,77.0807295
2022-08-04 12:00:00,84.20219449999999
2022-08-04 13:00:00,93.0005075
2022-08-04 14:00:00,107.3012575
2022-08-04 15:00:00,116.833001
2022-08-04 16:00:00,143.8715815
2022-08-04 17:00:00,170.097155
2022-08-04 18:00:00,198.487466
2022-08-04 19:00:00,209.18760250000005
2022-08-04 20:00:00,222.0817775
2022-08-04 21:00:00,233.9616415
2022-08-04 22:00:00,231.556577
2022-08-04 23:00:00,206.457939
2022-08-05 00:00:00,178.6103005
2022-08-05 01:00:00,137.217004
2022-08-05 02:00:00,120.6357205
2022-08-05 03:00:00,100.781699
2022-08-05 04:00:00,91.4811545
2022-08-05 05:00:00,79.06681549999999
2022-08-05 06:00:00,69.48396600000001
2022-08-05 07:00:00,59.264309
2022-08-05 08:00:00,54.883829
2022-08-05 09:00:00,54.30256
2022-08-05 10:00:00,62.9310525
2022-08-05 11:00:00,70.859368
2022-08-05 12:00:00,77.7163345
2022-08-05 13:00:00,86.884133
2022-08-05 14:00:00,93.398084
2022-08-05 15:00:00,101.7747415
2022-08-05 16:00:00,115.3982305
2022-08-05 17:00:00,134.138598
2022-08-05 18:00:00,148.83158
2022-08-05 19:00:00,160.1801985
2022-08-05 20:00:00,170.98332399999998
2022-08-05 21:00:00,176.5571005
2022-08-05 22:00:00,175.68556999999998
2022-08-05 23:00:00,148.7807915
2022-08-06 00:00:00,129.956438
2022-08-06 01:00:00,114.082472
2022-08-06 02:00:00,99.1919385
2022-08-06 03:00:00,90.502396
2022-08-06 04:00:00,78.5799955
2022-08-06 05:00:00,76.2899965
2022-08-06 06:00:00,71.156658
2022-08-06 07:00:00,67.2119715
2022-08-06 08:00:00,61.170773
2022-08-06 09:00:00,56.881094
2022-08-06 10:00:00,56.5659015
2022-08-06 11:00:00,55.403627
2022-08-06 12:00:00,60.7443445
2022-08-06 13:00:00,74.7000905
2022-08-06 14:00:00,85.06622300000001
2022-08-06 15:00:00,97.292011
2022-08-06 16:00:00,110.048033
2022-08-06 17:00:00,118.575035
2022-08-06 18:00:00,125.670822
2022-08-06 19:00:00,136.6457485
2022-08-06 20:00:00,148.1228185
2022-08-06 21:00:00,165.0447945
2022-08-06 22:00:00,165.74339650000002
2022-08-06 23:00:00,145.94707549999998
2022-08-07 00:00:00,127.798535
2022-08-07 01:00:00,113.007766
2022-08-07 02:00:00,101.2288515
2022-08-07 03:00:00,91.114925
2022-08-07 04:00:00,80.56016550000001
2022-08-07 05:00:00,73.1119955
2022-08-07 06:00:00,69.17140549999999
2022-08-07 07:00:00,63.9559335
2022-08-07 08:00:00,58.3389025
2022-08-07 09:00:00,56.0003725
2022-08-07 10:00:00,54.422113
2022-08-07 11:00:00,53.0310685
2022-08-07 12:00:00,56.140628
2022-08-07 13:00:00,67.29894350000001
2022-08-07 14:00:00,78.10934800000001
2022-08-07 15:00:00,95.124954
2022-08-07 16:00:00,109.7080505
2022-08-07 17:00:00,115.3750545
2022-08-07 18:00:00,135.0997745
2022-08-07 19:00:00,139.978043
2022-08-07 20:00:00,149.93822699999998
2022-08-07 21:00:00,186.440173
2022-08-07 22:00:00,194.796095
2022-08-07 23:00:00,172.3828095
2022-08-08 00:00:00,142.315117
2022-08-08 01:00:00,136.853228
2022-08-08 02:00:00,111.663
2022-08-08 03:00:00,97.768431
2022-08-08 04:00:00,84.807339
2022-08-08 05:00:00,75.91489150000001
2022-08-08 06:00:00,71.210775
2022-08-08 07:00:00,63.436673
2022-08-08 08:00:00,59.123467
2022-08-08 09:00:00,58.062459
2022-08-08 10:00:00,66.561827
2022-08-08 11:00:00,75.171931
2022-08-08 12:00:00,84.82719850000001
2022-08-08 13:00:00,91.673557
2022-08-08 14:00:00,99.009368
2022-08-08 15:00:00,112.190444
2022-08-08 16:00:00,129.6501185
2022-08-08 17:00:00,159.575243
2022-08-08 18:00:00,196.6263145
2022-08-08 19:00:00,186.453926
2022-08-08 20:00:00,227.6655045
2022-08-08 21:00:00,244.16904950000003
2022-08-08 22:00:00,255.392596
2022-08-08 23:00:00,195.9110795
2022-08-09 00:00:00,168.45838600000002
2022-08-09 01:00:00,139.683745
2022-08-09 02:00:00,118.2819805
2022-08-09 03:00:00,105.6622445
2022-08-09 04:00:00,91.9681685
2022-08-09 05:00:00,86.51330200000001
2022-08-09 06:00:00,77.374555
2022-08-09 07:00:00,70.977739
2022-08-09 08:00:00,67.5810625
2022-08-09 09:00:00,67.4323495
2022-08-09 10:00:00,74.7641655
2022-08-09 11:00:00,82.2075855
2022-08-09 12:00:00,92.3174735
2022-08-09 13:00:00,97.208397
2022-08-09 14:00:00,107.2382075
2022-08-09 15:00:00,115.08995
2022-08-09 16:00:00,135.5783935
2022-08-09 17:00:00,171.486658
2022-08-09 18:00:00,214.15718550000005
2022-08-09 19:00:00,223.25497
2022-08-09 20:00:00,240.6904435
2022-08-09 21:00:00,265.552686
2022-08-09 22:00:00,272.6174275
2022-08-09 23:00:00,227.8297905
2022-08-10 00:00:00,186.5441505
2022-08-10 01:00:00,141.015552
2022-08-10 02:00:00,121.941067
2022-08-10 03:00:00,99.1704345
2022-08-10 04:00:00,87.89133849999999
2022-08-10 05:00:00,83.3949985
2022-08-10 06:00:00,75.3056895
2022-08-10 07:00:00,69.1713475
2022-08-10 08:00:00,64.573634
2022-08-10 09:00:00,64.52593
2022-08-10 10:00:00,73.041236
2022-08-10 11:00:00,81.82576449999999
2022-08-10 12:00:00,91.194636
2022-08-10 13:00:00,98.1056325
2022-08-10 14:00:00,105.0606055
2022-08-10 15:00:00,112.5409475
2022-08-10 16:00:00,127.877204
2022-08-10 17:00:00,132.805246
2022-08-10 18:00:00,159.7237515
2022-08-10 19:00:00,172.07603
2022-08-10 20:00:00,182.274516
2022-08-10 21:00:00,193.069691
2022-08-10 22:00:00,182.2950955
2022-08-10 23:00:00,168.56249350000002
2022-08-11 00:00:00,149.1255415
2022-08-11 01:00:00,133.3022655
2022-08-11 02:00:00,113.214147
2022-08-11 03:00:00,94.8689535
2022-08-11 04:00:00,80.31340349999999
2022-08-11 05:00:00,74.599297
2022-08-11 06:00:00,68.4090615
2022-08-11 07:00:00,61.438954
2022-08-11 08:00:00,57.8014045
2022-08-11 09:00:00,56.523017
2022-08-11 10:00:00,66.451517
2022-08-11 11:00:00,76.259781
2022-08-11 12:00:00,79.772674
2022-08-11 13:00:00,80.698285
2022-08-11 14:00:00,90.262382
2022-08-11 15:00:00,98.1532105
2022-08-11 16:00:00,105.063219
2022-08-11 17:00:00,110.9617455
2022-08-11 18:00:00,115.167513
2022-08-11 19:00:00,127.738847
2022-08-11 20:00:00,135.4433735
2022-08-11 21:00:00,149.759775
2022-08-11 22:00:00,142.8323435
2022-08-11 23:00:00,119.07734200000002
2022-08-12 00:00:00,106.882301
2022-08-12 01:00:00,101.2103835
2022-08-12 02:00:00,89.0340955
2022-08-12 03:00:00,78.444663
2022-08-12 04:00:00,68.4335035
2022-08-12 05:00:00,70.3677285
2022-08-12 06:00:00,59.8276635
2022-08-12 07:00:00,53.7620385
2022-08-12 08:00:00,51.5174215
2022-08-12 09:00:00,51.0956495
2022-08-12 10:00:00,55.371962
2022-08-12 11:00:00,65.2894225
2022-08-12 12:00:00,71.867688
2022-08-12 13:00:00,72.93561650000001
2022-08-12 14:00:00,74.1609145
2022-08-12 15:00:00,76.676688
2022-08-12 16:00:00,81.607429
2022-08-12 17:00:00,88.632315
2022-08-12 18:00:00,95.0120805
2022-08-12 19:00:00,102.5043745
2022-08-12 20:00:00,106.7197005
2022-08-12 21:00:00,113.104538
2022-08-12 22:00:00,121.4907685
2022-08-12 23:00:00,106.3877805
2022-08-13 00:00:00,92.376756
2022-08-13 01:00:00,87.256868
2022-08-13 02:00:00,82.258218
2022-08-13 03:00:00,74.855538
2022-08-13 04:00:00,67.725031
2022-08-13 05:00:00,60.665461
2022-08-13 06:00:00,56.343798
2022-08-13 07:00:00,54.798433
2022-08-13 08:00:00,53.582026
2022-08-13 09:00:00,51.858955
2022-08-13 10:00:00,51.6449565
2022-08-13 11:00:00,51.337895
2022-08-13 12:00:00,51.9812235
2022-08-13 13:00:00,54.7024045
2022-08-13 14:00:00,56.6300145
2022-08-13 15:00:00,59.5958725
2022-08-13 16:00:00,65.12090549999999
2022-08-13 17:00:00,66.59300350000001
2022-08-13 18:00:00,69.4372035
2022-08-13 19:00:00,70.6372265
2022-08-13 20:00:00,77.1192995
2022-08-13 21:00:00,83.7062855
2022-08-13 22:00:00,89.8876245
2022-08-13 23:00:00,83.71355349999999
2022-08-14 00:00:00,78.114679
2022-08-14 01:00:00,71.41298549999999
2022-08-14 02:00:00,68.70524549999999
2022-08-14 03:00:00,66.2162665
2022-08-14 04:00:00,59.376763
2022-08-14 05:00:00,58.3784805
2022-08-14 06:00:00,56.412147
2022-08-14 07:00:00,55.4028515
2022-08-14 08:00:00,52.9390735
2022-08-14 09:00:00,51.974761
2022-08-14 10:00:00,52.2905315
2022-08-14 11:00:00,49.97498
2022-08-14 12:00:00,49.1469655
2022-08-14 13:00:00,54.240247
2022-08-14 14:00:00,57.6067125
2022-08-14 15:00:00,62.071338
2022-08-14 16:00:00,70.9252055
2022-08-14 17:00:00,73.427549
2022-08-14 18:00:00,77.5411865
2022-08-14 19:00:00,81.87562349999999
2022-08-14 20:00:00,76.9620575
2022-08-14 21:00:00,81.3080285
2022-08-14 22:00:00,86.8179715
2022-08-14 23:00:00,90.773131
2022-08-15 00:00:00,87.111466
2022-08-15 01:00:00,86.919836
2022-08-15 02:00:00,82.48631900000001
2022-08-15 03:00:00,70.8454855
2022-08-15 04:00:00,66.4312835
2022-08-15 05:00:00,66.6953045
2022-08-15 06:00:00,59.661851
2022-08-15 07:00:00,54.677731
2022-08-15 08:00:00,53.397352
2022-08-15 09:00:00,54.3542755
2022-08-15 10:00:00,62.2459165
2022-08-15 11:00:00,75.602328
2022-08-15 12:00:00,73.3050795
2022-08-15 13:00:00,76.58275850000001
2022-08-15 14:00:00,80.5959225
2022-08-15 15:00:00,86.6265145
2022-08-15 16:00:00,94.25461
2022-08-15 17:00:00,101.088091
2022-08-15 18:00:00,100.798836
2022-08-15 19:00:00,101.7865335
2022-08-15 20:00:00,106.9748025
2022-08-15 21:00:00,115.209913
2022-08-15 22:00:00,127.2336705
2022-08-15 23:00:00,107.36966
2022-08-16 00:00:00,103.659235
2022-08-16 01:00:00,102.113991
2022-08-16 02:00:00,98.0253235
2022-08-16 03:00:00,81.9469525
2022-08-16 04:00:00,71.884341
2022-08-16 05:00:00,67.585718
2022-08-16 06:00:00,60.0494255
2022-08-16 07:00:00,55.2193895
2022-08-16 08:00:00,53.0492615
2022-08-16 09:00:00,53.474499
2022-08-16 10:00:00,61.176083000000006
2022-08-16 11:00:00,70.7570805
2022-08-16 12:00:00,72.73467249999999
2022-08-16 13:00:00,75.58908
2022-08-16 14:00:00,80.673147
2022-08-16 15:00:00,88.523098
2022-08-16 16:00:00,94.4662955
2022-08-16 17:00:00,100.3330715
2022-08-16 18:00:00,103.157728
2022-08-16 19:00:00,104.0301275
2022-08-16 20:00:00,112.6029435
2022-08-16 21:00:00,121.7694665
2022-08-16 22:00:00,124.637659
2022-08-16 23:00:00,109.910596
2022-08-17 00:00:00,101.395347
2022-08-17 01:00:00,102.0662005
2022-08-17 02:00:00,93.0881285
2022-08-17 03:00:00,79.639839
2022-08-17 04:00:00,67.69716
2022-08-17 05:00:00,58.8968515
2022-08-17 06:00:00,57.0859665
2022-08-17 07:00:00,53.1238425
2022-08-17 08:00:00,51.975713
2022-08-17 09:00:00,52.567028
2022-08-17 10:00:00,56.906709500000005
2022-08-17 11:00:00,66.6128475
2022-08-17 12:00:00,65.36192349999999
2022-08-17 13:00:00,65.14918399999999
2022-08-17 14:00:00,70.32150899999999
2022-08-17 15:00:00,86.278858
2022-08-17 16:00:00,96.4201615
2022-08-17 17:00:00,103.8346995
2022-08-17 18:00:00,109.138631
2022-08-17 19:00:00,112.7143365
2022-08-17 20:00:00,123.6053595
2022-08-17 21:00:00,132.99386
2022-08-17 22:00:00,139.85097000000002
2022-08-17 23:00:00,126.304696
2022-08-18 00:00:00,114.190627
2022-08-18 01:00:00,109.778364
2022-08-18 02:00:00,106.4111045
2022-08-18 03:00:00,84.3730305
2022-08-18 04:00:00,73.833191
2022-08-18 05:00:00,65.95102750000001
2022-08-18 06:00:00,62.8525715
2022-08-18 07:00:00,57.6012525
2022-08-18 08:00:00,54.970204
2022-08-18 09:00:00,55.9689485
2022-08-18 10:00:00,61.8558455
2022-08-18 11:00:00,74.07923299999999
2022-08-18 12:00:00,73.42886899999999
2022-08-18 13:00:00,70.5645705
2022-08-18 14:00:00,75.587365
2022-08-18 15:00:00,86.5472515
2022-08-18 16:00:00,97.2582735
2022-08-18 17:00:00,107.745182
2022-08-18 18:00:00,114.579043
2022-08-18 19:00:00,123.284019
2022-08-18 20:00:00,136.1717575
2022-08-18 21:00:00,153.943344
2022-08-18 22:00:00,164.57107200000002
2022-08-18 23:00:00,137.7679675
2022-08-19 00:00:00,120.060612
2022-08-19 01:00:00,108.366727
2022-08-19 02:00:00,108.058569
2022-08-19 03:00:00,93.514208
2022-08-19 04:00:00,77.2892435
2022-08-19 05:00:00,66.121231
2022-08-19 06:00:00,62.70998899999999
2022-08-19 07:00:00,57.3655655
2022-08-19 08:00:00,55.3624185
2022-08-19 09:00:00,54.997353
2022-08-19 10:00:00,57.713856500000006
2022-08-19 11:00:00,65.1947385
2022-08-19 12:00:00,69.085866
2022-08-19 13:00:00,72.6426795
2022-08-19 14:00:00,80.667227
2022-08-19 15:00:00,93.3582825
2022-08-19 16:00:00,106.0317875
2022-08-19 17:00:00,114.150308
2022-08-19 18:00:00,126.392299
2022-08-19 19:00:00,139.1049065
2022-08-19 20:00:00,160.4518385
2022-08-19 21:00:00,182.644057
2022-08-19 22:00:00,179.044445
2022-08-19 23:00:00,148.7584345
2022-08-20 00:00:00,126.6032115
2022-08-20 01:00:00,111.152589
2022-08-20 02:00:00,101.4046705
2022-08-20 03:00:00,88.49810049999999
2022-08-20 04:00:00,79.159562
2022-08-20 05:00:00,75.3267685
2022-08-20 06:00:00,74.9712755
2022-08-20 07:00:00,65.1118325
2022-08-20 08:00:00,60.323734
2022-08-20 09:00:00,59.7673015
2022-08-20 10:00:00,59.7603255
2022-08-20 11:00:00,60.798867
2022-08-20 12:00:00,62.179236
2022-08-20 13:00:00,68.306696
2022-08-20 14:00:00,76.2384355
2022-08-20 15:00:00,83.601731
2022-08-20 16:00:00,97.054592
2022-08-20 17:00:00,104.2267
2022-08-20 18:00:00,108.6620295
2022-08-20 19:00:00,114.560711
2022-08-20 20:00:00,128.294939
2022-08-20 21:00:00,136.7505345
2022-08-20 22:00:00,136.807769
2022-08-20 23:00:00,123.4586845
2022-08-21 00:00:00,111.307681
2022-08-21 01:00:00,107.63578
2022-08-21 02:00:00,97.5294825
2022-08-21 03:00:00,83.06275049999999
2022-08-21 04:00:00,79.06820149999999
2022-08-21 05:00:00,73.768467
2022-08-21 06:00:00,68.694221
2022-08-21 07:00:00,61.5054935
2022-08-21 08:00:00,58.746677000000005
2022-08-21 09:00:00,57.4439795
2022-08-21 10:00:00,57.3059705
2022-08-21 11:00:00,57.844825
2022-08-21 12:00:00,57.243082
2022-08-21 13:00:00,64.4807615
2022-08-21 14:00:00,70.9300905
2022-08-21 15:00:00,78.24727250000001
2022-08-21 16:00:00,90.6866595
2022-08-21 17:00:00,97.628936
2022-08-21 18:00:00,98.731849
2022-08-21 19:00:00,100.099324
2022-08-21 20:00:00,106.163082
2022-08-21 21:00:00,113.4489345
2022-08-21 22:00:00,112.162916
2022-08-21 23:00:00,105.3707755
2022-08-22 00:00:00,98.692725
2022-08-22 01:00:00,97.1484385
2022-08-22 02:00:00,93.210012
2022-08-22 03:00:00,79.1980095
2022-08-22 04:00:00,75.9106515
2022-08-22 05:00:00,70.682418
2022-08-22 06:00:00,64.980824
2022-08-22 07:00:00,60.162186
2022-08-22 08:00:00,57.87897
2022-08-22 09:00:00,58.7632265
2022-08-22 10:00:00,64.5901815
2022-08-22 11:00:00,79.839219
2022-08-22 12:00:00,79.502659
2022-08-22 13:00:00,79.612122
2022-08-22 14:00:00,86.2931135
2022-08-22 15:00:00,96.451259
2022-08-22 16:00:00,104.1474545
2022-08-22 17:00:00,109.597086
2022-08-22 18:00:00,113.4578245
2022-08-22 19:00:00,121.101836
2022-08-22 20:00:00,129.55616600000002
2022-08-22 21:00:00,134.83122
2022-08-22 22:00:00,135.759221
2022-08-22 23:00:00,120.2403435
2022-08-23 00:00:00,110.3360445
2022-08-23 01:00:00,108.895676
2022-08-23 02:00:00,96.4210615
2022-08-23 03:00:00,84.174811
2022-08-23 04:00:00,75.9378915
2022-08-23 05:00:00,76.338569
2022-08-23 06:00:00,71.8363475
2022-08-23 07:00:00,61.0352485
2022-08-23 08:00:00,57.668768
2022-08-23 09:00:00,58.0620035
2022-08-23 10:00:00,64.7265265
2022-08-23 11:00:00,77.82904450000001
2022-08-23 12:00:00,79.146073
2022-08-23 13:00:00,80.339841
2022-08-23 14:00:00,83.210652
2022-08-23 15:00:00,97.0366755
2022-08-23 16:00:00,108.113546
2022-08-23 17:00:00,122.5784585
2022-08-23 18:00:00,128.9779035
2022-08-23 19:00:00,138.746151
2022-08-23 20:00:00,150.9682105
2022-08-23 21:00:00,168.688172
2022-08-23 22:00:00,180.581354
2022-08-23 23:00:00,154.9390335
2022-08-24 00:00:00,137.869819
2022-08-24 01:00:00,131.592288
2022-08-24 02:00:00,113.0329045
2022-08-24 03:00:00,93.685231
2022-08-24 04:00:00,81.426121
2022-08-24 05:00:00,80.47363849999999
2022-08-24 06:00:00,71.5654785
2022-08-24 07:00:00,63.238308
2022-08-24 08:00:00,59.670818
2022-08-24 09:00:00,59.7763215
2022-08-24 10:00:00,64.79279249999999
2022-08-24 11:00:00,78.6103795
2022-08-24 12:00:00,80.969754
2022-08-24 13:00:00,81.6824575
2022-08-24 14:00:00,86.5574185
2022-08-24 15:00:00,99.124221
2022-08-24 16:00:00,113.3972685
2022-08-24 17:00:00,127.2360815
2022-08-24 18:00:00,136.58469300000002
2022-08-24 19:00:00,145.483532
2022-08-24 20:00:00,166.7520245
2022-08-24 21:00:00,194.829136
2022-08-24 22:00:00,194.497211
2022-08-24 23:00:00,162.902097
2022-08-25 00:00:00,139.8346275
2022-08-25 01:00:00,126.4353035
2022-08-25 02:00:00,111.8969975
2022-08-25 03:00:00,92.8454505
2022-08-25 04:00:00,85.449423
2022-08-25 05:00:00,79.3609945
2022-08-25 06:00:00,70.9911955
2022-08-25 07:00:00,66.009986
2022-08-25 08:00:00,62.2444165
2022-08-25 09:00:00,62.803076
2022-08-25 10:00:00,67.713876
2022-08-25 11:00:00,79.76398599999999
2022-08-25 12:00:00,80.890216
2022-08-25 13:00:00,80.8583445
2022-08-25 14:00:00,91.208837
2022-08-25 15:00:00,101.161407
2022-08-25 16:00:00,117.3554565
2022-08-25 17:00:00,127.4022485
2022-08-25 18:00:00,137.3496315
2022-08-25 19:00:00,148.6152115
2022-08-25 20:00:00,171.942483
2022-08-25 21:00:00,202.454425
2022-08-25 22:00:00,198.1750235
2022-08-25 23:00:00,161.481257
2022-08-26 00:00:00,139.86823149999998
2022-08-26 01:00:00,130.8841785
2022-08-26 02:00:00,115.729463
2022-08-26 03:00:00,99.5830305
2022-08-26 04:00:00,88.76191349999999
2022-08-26 05:00:00,81.823188
2022-08-26 06:00:00,74.983038
2022-08-26 07:00:00,64.085998
2022-08-26 08:00:00,61.0208445
2022-08-26 09:00:00,61.0965
2022-08-26 10:00:00,65.7862635
2022-08-26 11:00:00,80.2442125
2022-08-26 12:00:00,82.617532
2022-08-26 13:00:00,85.12388999999999
2022-08-26 14:00:00,93.9771445
2022-08-26 15:00:00,107.369423
2022-08-26 16:00:00,121.893176
2022-08-26 17:00:00,125.352625
2022-08-26 18:00:00,143.5011015
2022-08-26 19:00:00,152.5258945
2022-08-26 20:00:00,170.510686
2022-08-26 21:00:00,186.5430005
2022-08-26 22:00:00,171.1381145
2022-08-26 23:00:00,150.5412335
2022-08-27 00:00:00,131.814476
2022-08-27 01:00:00,124.616703
2022-08-27 02:00:00,104.6275115
2022-08-27 03:00:00,90.4358815
2022-08-27 04:00:00,80.979838
2022-08-27 05:00:00,77.67021299999999
2022-08-27 06:00:00,70.370792
2022-08-27 07:00:00,63.060773000000005
2022-08-27 08:00:00,59.8036725
2022-08-27 09:00:00,58.476121500000005
2022-08-27 10:00:00,59.140917
2022-08-27 11:00:00,59.4924405
2022-08-27 12:00:00,61.555571
2022-08-27 13:00:00,65.0574475
2022-08-27 14:00:00,79.16987499999999
2022-08-27 15:00:00,83.9835245
2022-08-27 16:00:00,96.8645435
2022-08-27 17:00:00,104.569725
2022-08-27 18:00:00,108.5562185
2022-08-27 19:00:00,119.202949
2022-08-27 20:00:00,131.0545075
2022-08-27 21:00:00,156.304135
2022-08-27 22:00:00,154.087959
2022-08-27 23:00:00,128.475544
2022-08-28 00:00:00,109.510104
2022-08-28 01:00:00,103.0382425
2022-08-28 02:00:00,93.8096725
2022-08-28 03:00:00,81.618926
2022-08-28 04:00:00,75.2753905
2022-08-28 05:00:00,71.4425675
2022-08-28 06:00:00,66.2155895
2022-08-28 07:00:00,62.9336045
2022-08-28 08:00:00,61.0433465
2022-08-28 09:00:00,58.8323315
2022-08-28 10:00:00,58.1898255
2022-08-28 11:00:00,58.123841
2022-08-28 12:00:00,57.8390775
2022-08-28 13:00:00,62.541674
2022-08-28 14:00:00,71.8901675
2022-08-28 15:00:00,80.5189485
2022-08-28 16:00:00,93.889068
2022-08-28 17:00:00,106.975727
2022-08-28 18:00:00,118.7803315
2022-08-28 19:00:00,129.858991
2022-08-28 20:00:00,135.8024455
2022-08-28 21:00:00,162.1553425
2022-08-28 22:00:00,172.082877
2022-08-28 23:00:00,150.066482
2022-08-29 00:00:00,132.777111
2022-08-29 01:00:00,125.9606915
2022-08-29 02:00:00,102.734642
2022-08-29 03:00:00,88.8595575
2022-08-29 04:00:00,82.955089
2022-08-29 05:00:00,76.719559
2022-08-29 06:00:00,68.083781
2022-08-29 07:00:00,60.9460055
2022-08-29 08:00:00,58.7263245
2022-08-29 09:00:00,58.933268
2022-08-29 10:00:00,66.22842800000001
2022-08-29 11:00:00,80.5572045
2022-08-29 12:00:00,92.2941155
2022-08-29 13:00:00,94.5162885
2022-08-29 14:00:00,107.1257515
2022-08-29 15:00:00,122.216289
2022-08-29 16:00:00,135.3966085
2022-08-29 17:00:00,145.6980555
2022-08-29 18:00:00,176.72683949999998
2022-08-29 19:00:00,179.4228645
2022-08-29 20:00:00,219.485871
2022-08-29 21:00:00,240.737859
2022-08-29 22:00:00,246.802024
2022-08-29 23:00:00,188.1330935
2022-08-30 00:00:00,163.075106
2022-08-30 01:00:00,149.04515750000002
2022-08-30 02:00:00,130.4401
2022-08-30 03:00:00,113.7019665
2022-08-30 04:00:00,92.1623885
2022-08-30 05:00:00,87.68230199999999
2022-08-30 06:00:00,81.0850385
2022-08-30 07:00:00,76.21089649999999
2022-08-30 08:00:00,69.86646
2022-08-30 09:00:00,71.421078
2022-08-30 10:00:00,80.05825899999999
2022-08-30 11:00:00,92.033549
2022-08-30 12:00:00,95.0914895
2022-08-30 13:00:00,96.81805
2022-08-30 14:00:00,103.8683435
2022-08-30 15:00:00,113.886949
2022-08-30 16:00:00,123.3625225
2022-08-30 17:00:00,134.0314095
2022-08-30 18:00:00,162.464616
2022-08-30 19:00:00,171.483665
2022-08-30 20:00:00,198.8512585
2022-08-30 21:00:00,214.9869525
2022-08-30 22:00:00,191.508953
2022-08-30 23:00:00,171.719031
2022-08-31 00:00:00,142.012349
2022-08-31 01:00:00,126.914177
2022-08-31 02:00:00,108.779418
2022-08-31 03:00:00,90.791172
2022-08-31 04:00:00,83.412049
2022-08-31 05:00:00,76.88658000000001
2022-08-31 06:00:00,72.358289
2022-08-31 07:00:00,65.125799
2022-08-31 08:00:00,62.445028
2022-08-31 09:00:00,62.3196785
2022-08-31 10:00:00,67.4039515
2022-08-31 11:00:00,79.382981
2022-08-31 12:00:00,80.6998835
2022-08-31 13:00:00,82.5107625
2022-08-31 14:00:00,87.7268055
2022-08-31 15:00:00,93.953102
2022-08-31 16:00:00,105.520481
2022-08-31 17:00:00,111.3761105
2022-08-31 18:00:00,120.7097275
2022-08-31 19:00:00,132.9258175
2022-08-31 20:00:00,135.492925
2022-08-31 21:00:00,150.4159085
2022-08-31 22:00:00,154.2799425
2022-08-31 23:00:00,132.994547
2022-09-01 00:00:00,122.924656
2022-09-01 01:00:00,114.3422005
2022-09-01 02:00:00,105.3331915
2022-09-01 03:00:00,88.2743825
2022-09-01 04:00:00,79.1758145
2022-09-01 05:00:00,67.24589950000001
2022-09-01 06:00:00,62.144796
2022-09-01 07:00:00,58.102359
2022-09-01 08:00:00,55.9448965
2022-09-01 09:00:00,56.624214
2022-09-01 10:00:00,61.2832765
2022-09-01 11:00:00,75.585048
2022-09-01 12:00:00,74.6794605
2022-09-01 13:00:00,76.9061605
2022-09-01 14:00:00,80.1126525
2022-09-01 15:00:00,89.2318205
2022-09-01 16:00:00,102.9688045
2022-09-01 17:00:00,111.464711
2022-09-01 18:00:00,117.035675
2022-09-01 19:00:00,125.11783
2022-09-01 20:00:00,142.33857
2022-09-01 21:00:00,158.385497
2022-09-01 22:00:00,161.926544
2022-09-01 23:00:00,133.816124
2022-09-02 00:00:00,118.5295475
2022-09-02 01:00:00,114.571921
2022-09-02 02:00:00,108.860673
2022-09-02 03:00:00,90.4584645
2022-09-02 04:00:00,80.306713
2022-09-02 05:00:00,75.8961465
2022-09-02 06:00:00,70.149911
2022-09-02 07:00:00,61.0889025
2022-09-02 08:00:00,58.876577
2022-09-02 09:00:00,58.936276500000005
2022-09-02 10:00:00,64.713612
2022-09-02 11:00:00,74.720816
2022-09-02 12:00:00,74.5697765
2022-09-02 13:00:00,75.728575
2022-09-02 14:00:00,81.6852995
2022-09-02 15:00:00,95.7183885
2022-09-02 16:00:00,103.4369145
2022-09-02 17:00:00,115.878623
2022-09-02 18:00:00,121.8454775
2022-09-02 19:00:00,132.390512
2022-09-02 20:00:00,149.354175
2022-09-02 21:00:00,158.05003950000005
2022-09-02 22:00:00,156.5789765
2022-09-02 23:00:00,134.21387950000002
2022-09-03 00:00:00,119.635792
2022-09-03 01:00:00,116.5742595
2022-09-03 02:00:00,106.592153
2022-09-03 03:00:00,96.624525
2022-09-03 04:00:00,82.830468
2022-09-03 05:00:00,79.2330615
2022-09-03 06:00:00,77.01641699999999
2022-09-03 07:00:00,72.617013
2022-09-03 08:00:00,65.76486650000001
2022-09-03 09:00:00,63.567284
2022-09-03 10:00:00,66.61183299999999
2022-09-03 11:00:00,70.77870999999999
2022-09-03 12:00:00,72.49935199999999
2022-09-03 13:00:00,76.5390285
2022-09-03 14:00:00,82.1766705
2022-09-03 15:00:00,98.9378325
2022-09-03 16:00:00,112.9543115
2022-09-03 17:00:00,113.2449695
2022-09-03 18:00:00,126.5878125
2022-09-03 19:00:00,132.25151
2022-09-03 20:00:00,144.848863
2022-09-03 21:00:00,161.612215
2022-09-03 22:00:00,156.1360325
2022-09-03 23:00:00,129.30515150000002
2022-09-04 00:00:00,119.7767005
2022-09-04 01:00:00,115.2451075
2022-09-04 02:00:00,107.062479
2022-09-04 03:00:00,94.3802485
2022-09-04 04:00:00,79.85158849999999
2022-09-04 05:00:00,74.562926
2022-09-04 06:00:00,70.110793
2022-09-04 07:00:00,63.460311
2022-09-04 08:00:00,58.3827075
2022-09-04 09:00:00,56.8836705
2022-09-04 10:00:00,58.425434
2022-09-04 11:00:00,59.4071385
2022-09-04 12:00:00,58.5477335
2022-09-04 13:00:00,65.0702125
2022-09-04 14:00:00,71.30592150000001
2022-09-04 15:00:00,75.389948
2022-09-04 16:00:00,87.842968
2022-09-04 17:00:00,97.479835
2022-09-04 18:00:00,104.0805545
2022-09-04 19:00:00,109.073821
2022-09-04 20:00:00,120.144444
2022-09-04 21:00:00,130.876367
2022-09-04 22:00:00,134.7121755
2022-09-04 23:00:00,118.049311
2022-09-05 00:00:00,109.9173355
2022-09-05 01:00:00,100.1796255
2022-09-05 02:00:00,93.7446105
2022-09-05 03:00:00,78.1823645
2022-09-05 04:00:00,72.8257155
2022-09-05 05:00:00,73.8466615
2022-09-05 06:00:00,71.65271
2022-09-05 07:00:00,64.43179549999999
2022-09-05 08:00:00,59.938997
2022-09-05 09:00:00,58.823312
2022-09-05 10:00:00,59.334611
2022-09-05 11:00:00,63.585344
2022-09-05 12:00:00,63.302136
2022-09-05 13:00:00,68.6970135
2022-09-05 14:00:00,72.705613
2022-09-05 15:00:00,74.955488
2022-09-05 16:00:00,80.791107
2022-09-05 17:00:00,92.3526515
2022-09-05 18:00:00,97.188686
2022-09-05 19:00:00,100.220685
2022-09-05 20:00:00,108.7458575
2022-09-05 21:00:00,118.835559
2022-09-05 22:00:00,123.715469
2022-09-05 23:00:00,109.070401
2022-09-06 00:00:00,104.7778825
2022-09-06 01:00:00,105.666547
2022-09-06 02:00:00,97.2878905
2022-09-06 03:00:00,78.937117
2022-09-06 04:00:00,75.3669285
2022-09-06 05:00:00,74.50298749999999
2022-09-06 06:00:00,70.292653
2022-09-06 07:00:00,63.1694035
2022-09-06 08:00:00,61.087259
2022-09-06 09:00:00,62.5265535
2022-09-06 10:00:00,73.4475085
2022-09-06 11:00:00,89.57902200000001
2022-09-06 12:00:00,91.0680705
2022-09-06 13:00:00,89.782799
2022-09-06 14:00:00,98.121786
2022-09-06 15:00:00,103.917358
2022-09-06 16:00:00,111.7026855
2022-09-06 17:00:00,115.917241
2022-09-06 18:00:00,119.1704005
2022-09-06 19:00:00,131.0752525
2022-09-06 20:00:00,132.1992925
2022-09-06 21:00:00,153.606723
2022-09-06 22:00:00,153.04734000000002
2022-09-06 23:00:00,127.1002895
2022-09-07 00:00:00,124.9820745
2022-09-07 01:00:00,120.794409
2022-09-07 02:00:00,105.599339
2022-09-07 03:00:00,89.96506550000001
2022-09-07 04:00:00,72.8078465
2022-09-07 05:00:00,72.5963145
2022-09-07 06:00:00,65.000539
2022-09-07 07:00:00,59.2219605
2022-09-07 08:00:00,57.4796715
2022-09-07 09:00:00,58.7017865
2022-09-07 10:00:00,69.624656
2022-09-07 11:00:00,78.115256
2022-09-07 12:00:00,78.5810245
2022-09-07 13:00:00,77.974891
2022-09-07 14:00:00,79.61795599999999
2022-09-07 15:00:00,85.1444465
2022-09-07 16:00:00,93.122554
2022-09-07 17:00:00,97.869912
2022-09-07 18:00:00,101.0083285
2022-09-07 19:00:00,104.223306
2022-09-07 20:00:00,108.901178
2022-09-07 21:00:00,116.2362425
2022-09-07 22:00:00,117.0534085
2022-09-07 23:00:00,104.76072
2022-09-08 00:00:00,100.4924005
2022-09-08 01:00:00,97.6675135
2022-09-08 02:00:00,86.000793
2022-09-08 03:00:00,72.95359400000001
2022-09-08 04:00:00,62.6673605
2022-09-08 05:00:00,64.782242
2022-09-08 06:00:00,59.076474000000005
2022-09-08 07:00:00,56.15954
2022-09-08 08:00:00,54.265484
2022-09-08 09:00:00,55.3312485
2022-09-08 10:00:00,65.8065035
2022-09-08 11:00:00,78.2856905
2022-09-08 12:00:00,77.43372199999999
2022-09-08 13:00:00,75.581147
2022-09-08 14:00:00,78.69957249999999
2022-09-08 15:00:00,82.142277
2022-09-08 16:00:00,91.9166085
2022-09-08 17:00:00,100.2413455
2022-09-08 18:00:00,105.281788
2022-09-08 19:00:00,113.9521465
2022-09-08 20:00:00,127.4380725
2022-09-08 21:00:00,136.04407300000005
2022-09-08 22:00:00,140.02344349999998
2022-09-08 23:00:00,125.6884115
2022-09-09 00:00:00,113.2308515
2022-09-09 01:00:00,102.7607935
2022-09-09 02:00:00,88.8108235
2022-09-09 03:00:00,77.1750675
2022-09-09 04:00:00,67.2153865
2022-09-09 05:00:00,64.787147
2022-09-09 06:00:00,57.9114195
2022-09-09 07:00:00,53.1704405
2022-09-09 08:00:00,51.4561595
2022-09-09 09:00:00,52.418947
2022-09-09 10:00:00,59.1391235
2022-09-09 11:00:00,76.498485
2022-09-09 12:00:00,74.882237
2022-09-09 13:00:00,72.82471899999999
2022-09-09 14:00:00,77.2150665
2022-09-09 15:00:00,82.32126650000001
2022-09-09 16:00:00,95.9943935
2022-09-09 17:00:00,103.0953875
2022-09-09 18:00:00,109.824693
2022-09-09 19:00:00,116.1802725
2022-09-09 20:00:00,136.24067300000002
2022-09-09 21:00:00,146.52860550000003
2022-09-09 22:00:00,144.7382485
2022-09-09 23:00:00,119.304867
2022-09-10 00:00:00,109.156771
2022-09-10 01:00:00,102.480958
2022-09-10 02:00:00,92.613296
2022-09-10 03:00:00,79.535155
2022-09-10 04:00:00,71.565497
2022-09-10 05:00:00,73.81615400000001
2022-09-10 06:00:00,70.8496655
2022-09-10 07:00:00,62.170245
2022-09-10 08:00:00,58.9530635
2022-09-10 09:00:00,56.788491
2022-09-10 10:00:00,57.379809
2022-09-10 11:00:00,63.0350565
2022-09-10 12:00:00,66.72331199999999
2022-09-10 13:00:00,70.335933
2022-09-10 14:00:00,76.1829065
2022-09-10 15:00:00,87.29274649999999
2022-09-10 16:00:00,98.609304
2022-09-10 17:00:00,105.756077
2022-09-10 18:00:00,104.9238545
2022-09-10 19:00:00,106.461126
2022-09-10 20:00:00,114.0425855
2022-09-10 21:00:00,118.3402905
2022-09-10 22:00:00,119.1332095
2022-09-10 23:00:00,114.489353
2022-09-11 00:00:00,111.3757215
2022-09-11 01:00:00,107.0705445
2022-09-11 02:00:00,98.4847635
2022-09-11 03:00:00,88.63374400000001
2022-09-11 04:00:00,77.6341235
2022-09-11 05:00:00,68.1682715
2022-09-11 06:00:00,64.93550049999999
2022-09-11 07:00:00,60.9374715
2022-09-11 08:00:00,55.015444
2022-09-11 09:00:00,55.2728405
2022-09-11 10:00:00,56.9769375
2022-09-11 11:00:00,61.210495
2022-09-11 12:00:00,60.5302105
2022-09-11 13:00:00,62.4449725
2022-09-11 14:00:00,68.11432149999999
2022-09-11 15:00:00,69.5252735
2022-09-11 16:00:00,76.4884375
2022-09-11 17:00:00,83.4055305
2022-09-11 18:00:00,83.6418075
2022-09-11 19:00:00,86.53449549999999
2022-09-11 20:00:00,89.6527695
2022-09-11 21:00:00,96.157797
2022-09-11 22:00:00,100.330084
2022-09-11 23:00:00,98.5670065
2022-09-12 00:00:00,99.0583025
2022-09-12 01:00:00,98.400487
2022-09-12 02:00:00,83.1609725
2022-09-12 03:00:00,71.3096935
2022-09-12 04:00:00,65.3257495
2022-09-12 05:00:00,60.1924945
2022-09-12 06:00:00,58.286335
2022-09-12 07:00:00,52.870815
2022-09-12 08:00:00,51.5561565
2022-09-12 09:00:00,53.290447
2022-09-12 10:00:00,59.4808465
2022-09-12 11:00:00,76.0257135
2022-09-12 12:00:00,81.940799
2022-09-12 13:00:00,78.4278415
2022-09-12 14:00:00,88.45469349999999
2022-09-12 15:00:00,97.39826
2022-09-12 16:00:00,103.749961
2022-09-12 17:00:00,104.166158
2022-09-12 18:00:00,111.2720795
2022-09-12 19:00:00,118.0472165
2022-09-12 20:00:00,126.7633925
2022-09-12 21:00:00,137.218125
2022-09-12 22:00:00,138.96035849999998
2022-09-12 23:00:00,125.7581415
2022-09-13 00:00:00,118.9769155
2022-09-13 01:00:00,114.460545
2022-09-13 02:00:00,94.0118285
2022-09-13 03:00:00,76.312176
2022-09-13 04:00:00,69.568832
2022-09-13 05:00:00,74.13047
2022-09-13 06:00:00,71.9902295
2022-09-13 07:00:00,66.762635
2022-09-13 08:00:00,62.77816849999999
2022-09-13 09:00:00,63.8971705
2022-09-13 10:00:00,72.96855500000001
2022-09-13 11:00:00,94.152848
2022-09-13 12:00:00,91.794104
2022-09-13 13:00:00,83.61225250000001
2022-09-13 14:00:00,89.852777
2022-09-13 15:00:00,100.6291645
2022-09-13 16:00:00,103.4061695
2022-09-13 17:00:00,104.697488
2022-09-13 18:00:00,115.377705
2022-09-13 19:00:00,121.7176265
2022-09-13 20:00:00,128.8857915
2022-09-13 21:00:00,146.7230525
2022-09-13 22:00:00,153.374486
2022-09-13 23:00:00,136.31872950000002
2022-09-14 00:00:00,125.195647
2022-09-14 01:00:00,114.4168565
2022-09-14 02:00:00,99.595995
2022-09-14 03:00:00,88.0185195
2022-09-14 04:00:00,70.78761
2022-09-14 05:00:00,67.055121
2022-09-14 06:00:00,59.356358
2022-09-14 07:00:00,54.391512500000005
2022-09-14 08:00:00,52.0573105
2022-09-14 09:00:00,52.6099875
2022-09-14 10:00:00,61.6152595
2022-09-14 11:00:00,80.04291649999999
2022-09-14 12:00:00,78.3920445
2022-09-14 13:00:00,73.124569
2022-09-14 14:00:00,80.2161505
2022-09-14 15:00:00,89.5418785
2022-09-14 16:00:00,94.1292285
2022-09-14 17:00:00,95.280177
2022-09-14 18:00:00,102.160677
2022-09-14 19:00:00,113.4505255
2022-09-14 20:00:00,121.2134815
2022-09-14 21:00:00,139.5324675
2022-09-14 22:00:00,145.412823
2022-09-14 23:00:00,132.4533445
2022-09-15 00:00:00,125.853941
2022-09-15 01:00:00,114.2807135
2022-09-15 02:00:00,96.8196555
2022-09-15 03:00:00,86.405969
2022-09-15 04:00:00,73.2247
2022-09-15 05:00:00,70.048098
2022-09-15 06:00:00,65.087401
2022-09-15 07:00:00,59.6655355
2022-09-15 08:00:00,57.247854
2022-09-15 09:00:00,58.906665
2022-09-15 10:00:00,73.848115
2022-09-15 11:00:00,96.7787475
2022-09-15 12:00:00,88.502269
2022-09-15 13:00:00,87.214047
2022-09-15 14:00:00,92.9760545
2022-09-15 15:00:00,96.2936315
2022-09-15 16:00:00,102.2187375
2022-09-15 17:00:00,110.848717
2022-09-15 18:00:00,119.6479875
2022-09-15 19:00:00,128.044633
2022-09-15 20:00:00,137.34076199999998
2022-09-15 21:00:00,160.85326650000002
2022-09-15 22:00:00,165.929309
2022-09-15 23:00:00,149.883583
2022-09-16 00:00:00,134.049373
2022-09-16 01:00:00,124.650996
2022-09-16 02:00:00,105.7961295
2022-09-16 03:00:00,92.3437565
2022-09-16 04:00:00,71.98740649999999
2022-09-16 05:00:00,64.880716
2022-09-16 06:00:00,58.884301
2022-09-16 07:00:00,54.862298
2022-09-16 08:00:00,52.892256
2022-09-16 09:00:00,54.5490125
2022-09-16 10:00:00,62.403734
2022-09-16 11:00:00,79.899366
2022-09-16 12:00:00,78.04864850000001
2022-09-16 13:00:00,73.131213
2022-09-16 14:00:00,75.97637950000001
2022-09-16 15:00:00,84.3809305
2022-09-16 16:00:00,92.778838
2022-09-16 17:00:00,104.525527
2022-09-16 18:00:00,110.5597005
2022-09-16 19:00:00,127.557928
2022-09-16 20:00:00,133.319657
2022-09-16 21:00:00,155.3886995
2022-09-16 22:00:00,154.463643
2022-09-16 23:00:00,134.4860815
2022-09-17 00:00:00,120.4709495
2022-09-17 01:00:00,106.8851095
2022-09-17 02:00:00,90.4454275
2022-09-17 03:00:00,83.57153600000001
2022-09-17 04:00:00,69.4069265
2022-09-17 05:00:00,60.908262500000006
2022-09-17 06:00:00,58.172118
2022-09-17 07:00:00,53.875375
2022-09-17 08:00:00,51.01477
2022-09-17 09:00:00,50.8408675
2022-09-17 10:00:00,53.693063
2022-09-17 11:00:00,55.907765
2022-09-17 12:00:00,55.97815
2022-09-17 13:00:00,57.5881715
2022-09-17 14:00:00,67.2563355
2022-09-17 15:00:00,74.70198350000001
2022-09-17 16:00:00,82.570015
2022-09-17 17:00:00,89.8945985
2022-09-17 18:00:00,96.3383225
2022-09-17 19:00:00,101.43069
2022-09-17 20:00:00,116.150729
2022-09-17 21:00:00,128.13136450000002
2022-09-17 22:00:00,138.245959
2022-09-17 23:00:00,118.1773385
2022-09-18 00:00:00,107.564021
2022-09-18 01:00:00,99.191311
2022-09-18 02:00:00,85.138778
2022-09-18 03:00:00,78.96504
2022-09-18 04:00:00,66.876779
2022-09-18 05:00:00,55.019942
2022-09-18 06:00:00,52.4577465
2022-09-18 07:00:00,50.8224895
2022-09-18 08:00:00,48.5802685
2022-09-18 09:00:00,47.5521485
2022-09-18 10:00:00,48.6822405
2022-09-18 11:00:00,48.940352
2022-09-18 12:00:00,49.9448945
2022-09-18 13:00:00,51.8060345
2022-09-18 14:00:00,57.7439675
2022-09-18 15:00:00,65.6567775
2022-09-18 16:00:00,76.3911935
2022-09-18 17:00:00,89.825902
2022-09-18 18:00:00,96.8443055
2022-09-18 19:00:00,112.1113135
2022-09-18 20:00:00,123.186873
2022-09-18 21:00:00,140.2760525
2022-09-18 22:00:00,154.758331
2022-09-18 23:00:00,130.619517
2022-09-19 00:00:00,126.045485
2022-09-19 01:00:00,107.2803525
2022-09-19 02:00:00,96.201309
2022-09-19 03:00:00,82.17638600000001
2022-09-19 04:00:00,70.3660045
2022-09-19 05:00:00,63.443204
2022-09-19 06:00:00,57.087526
2022-09-19 07:00:00,51.5325825
2022-09-19 08:00:00,50.114238
2022-09-19 09:00:00,51.122987
2022-09-19 10:00:00,65.004811
2022-09-19 11:00:00,77.947375
2022-09-19 12:00:00,86.9274465
2022-09-19 13:00:00,82.4229245
2022-09-19 14:00:00,89.992877
2022-09-19 15:00:00,100.509205
2022-09-19 16:00:00,108.5328285
2022-09-19 17:00:00,116.176032
2022-09-19 18:00:00,128.499885
2022-09-19 19:00:00,137.566801
2022-09-19 20:00:00,154.895139
2022-09-19 21:00:00,179.9039195
2022-09-19 22:00:00,190.4944495
2022-09-19 23:00:00,145.15588050000002
2022-09-20 00:00:00,135.5694095
2022-09-20 01:00:00,117.682468
2022-09-20 02:00:00,101.376486
2022-09-20 03:00:00,93.413744
2022-09-20 04:00:00,79.1509625
2022-09-20 05:00:00,69.2445155
2022-09-20 06:00:00,65.0043755
2022-09-20 07:00:00,57.562603
2022-09-20 08:00:00,52.749672
2022-09-20 09:00:00,54.547017
2022-09-20 10:00:00,63.9762305
2022-09-20 11:00:00,85.93714800000001
2022-09-20 12:00:00,90.3650015
2022-09-20 13:00:00,82.1888565
2022-09-20 14:00:00,90.8651365
2022-09-20 15:00:00,99.71025
2022-09-20 16:00:00,107.934749
2022-09-20 17:00:00,110.090594
2022-09-20 18:00:00,121.838632
2022-09-20 19:00:00,133.61807
2022-09-20 20:00:00,148.9416145
2022-09-20 21:00:00,179.3025535
2022-09-20 22:00:00,184.4597585
2022-09-20 23:00:00,146.78860400000002
2022-09-21 00:00:00,129.4539585
2022-09-21 01:00:00,119.695987
2022-09-21 02:00:00,105.1761755
2022-09-21 03:00:00,97.8965195
2022-09-21 04:00:00,75.5095115
2022-09-21 05:00:00,63.3931175
2022-09-21 06:00:00,54.281081
2022-09-21 07:00:00,51.1330915
2022-09-21 08:00:00,49.207554
2022-09-21 09:00:00,49.9745475
2022-09-21 10:00:00,56.125036
2022-09-21 11:00:00,80.17736350000001
2022-09-21 12:00:00,77.57159899999999
2022-09-21 13:00:00,72.136414
2022-09-21 14:00:00,85.50779
2022-09-21 15:00:00,91.3562975
2022-09-21 16:00:00,97.32192
2022-09-21 17:00:00,110.905913
2022-09-21 18:00:00,114.8758375
2022-09-21 19:00:00,127.7093205
2022-09-21 20:00:00,148.451931
2022-09-21 21:00:00,175.331096
2022-09-21 22:00:00,179.743281
2022-09-21 23:00:00,142.779568
2022-09-22 00:00:00,124.357129
2022-09-22 01:00:00,109.6782255
2022-09-22 02:00:00,112.318399
2022-09-22 03:00:00,92.8085755
2022-09-22 04:00:00,77.30129450000001
2022-09-22 05:00:00,68.1781795
2022-09-22 06:00:00,64.7229155
2022-09-22 07:00:00,56.909527
2022-09-22 08:00:00,54.272438
2022-09-22 09:00:00,56.5764865
2022-09-22 10:00:00,69.1383635
2022-09-22 11:00:00,87.2249125
2022-09-22 12:00:00,89.2099125
2022-09-22 13:00:00,83.007386
2022-09-22 14:00:00,93.2514885
2022-09-22 15:00:00,91.9121865
2022-09-22 16:00:00,87.6211005
2022-09-22 17:00:00,89.615851
2022-09-22 18:00:00,95.706311
2022-09-22 19:00:00,99.4384985
2022-09-22 20:00:00,97.54439
2022-09-22 21:00:00,101.370467
2022-09-22 22:00:00,98.2352555
2022-09-22 23:00:00,91.15358
2022-09-23 00:00:00,88.646438
2022-09-23 01:00:00,87.0827905
2022-09-23 02:00:00,78.33086399999999
2022-09-23 03:00:00,68.9710575
2022-09-23 04:00:00,57.346044
2022-09-23 05:00:00,52.0364975
2022-09-23 06:00:00,48.544946
2022-09-23 07:00:00,46.7155185
2022-09-23 08:00:00,46.26704
2022-09-23 09:00:00,47.1205155
2022-09-23 10:00:00,54.0714375
2022-09-23 11:00:00,70.1862365
2022-09-23 12:00:00,71.841731
2022-09-23 13:00:00,61.3572475
2022-09-23 14:00:00,61.8609185
2022-09-23 15:00:00,63.07828
2022-09-23 16:00:00,61.915175000000005
2022-09-23 17:00:00,62.5047045
2022-09-23 18:00:00,64.0637625
2022-09-23 19:00:00,64.699561
2022-09-23 20:00:00,65.08395300000001
2022-09-23 21:00:00,69.59292500000001
2022-09-23 22:00:00,74.4923975
2022-09-23 23:00:00,74.105897
2022-09-24 00:00:00,74.62143499999999
2022-09-24 01:00:00,67.8644235
2022-09-24 02:00:00,60.246584
2022-09-24 03:00:00,57.1414375
2022-09-24 04:00:00,50.571987
2022-09-24 05:00:00,43.121125
2022-09-24 06:00:00,42.4777585
2022-09-24 07:00:00,41.8621625
2022-09-24 08:00:00,41.3454995
2022-09-24 09:00:00,41.541238500000006
2022-09-24 10:00:00,42.290282
2022-09-24 11:00:00,45.095434
2022-09-24 12:00:00,47.772251
2022-09-24 13:00:00,48.602763
2022-09-24 14:00:00,49.518141
2022-09-24 15:00:00,44.3385125
2022-09-24 16:00:00,43.827976
2022-09-24 17:00:00,43.811485000000005
2022-09-24 18:00:00,44.8336535
2022-09-24 19:00:00,46.378863
2022-09-24 20:00:00,46.6709685
2022-09-24 21:00:00,52.3601685
2022-09-24 22:00:00,57.5204515
2022-09-24 23:00:00,59.313202
2022-09-25 00:00:00,60.502761
2022-09-25 01:00:00,58.752861
2022-09-25 02:00:00,50.583439
2022-09-25 03:00:00,46.4790545
2022-09-25 04:00:00,39.0953825
2022-09-25 05:00:00,38.6504405
2022-09-25 06:00:00,37.733586
2022-09-25 07:00:00,33.757221
2022-09-25 08:00:00,31.57722
2022-09-25 09:00:00,31.874685
2022-09-25 10:00:00,32.7145125
2022-09-25 11:00:00,33.6007355
2022-09-25 12:00:00,33.284416
2022-09-25 13:00:00,34.4880905
2022-09-25 14:00:00,36.552433
2022-09-25 15:00:00,38.758017
2022-09-25 16:00:00,41.828659
2022-09-25 17:00:00,43.6692945
2022-09-25 18:00:00,47.816022
2022-09-25 19:00:00,49.9562445
2022-09-25 20:00:00,54.359928
2022-09-25 21:00:00,61.048478
2022-09-25 22:00:00,67.6291215
2022-09-25 23:00:00,63.480008
2022-09-26 00:00:00,74.478736
2022-09-26 01:00:00,61.601397000000006
2022-09-26 02:00:00,53.6613375
2022-09-26 03:00:00,46.0814295
2022-09-26 04:00:00,39.489427
2022-09-26 05:00:00,37.377707
2022-09-26 06:00:00,35.229608
2022-09-26 07:00:00,31.649668
2022-09-26 08:00:00,31.0013015
2022-09-26 09:00:00,33.7582845
2022-09-26 10:00:00,41.4536765
2022-09-26 11:00:00,61.928731
2022-09-26 12:00:00,54.34559
2022-09-26 13:00:00,47.573665
2022-09-26 14:00:00,45.9264695
2022-09-26 15:00:00,47.9165025
2022-09-26 16:00:00,49.559637
2022-09-26 17:00:00,51.1347405
2022-09-26 18:00:00,54.6397355
2022-09-26 19:00:00,55.6724655
2022-09-26 20:00:00,60.337228
2022-09-26 21:00:00,61.9553765
2022-09-26 22:00:00,74.886105
2022-09-26 23:00:00,67.8604115
2022-09-27 00:00:00,83.469172
2022-09-27 01:00:00,66.9734775
2022-09-27 02:00:00,55.8784885
2022-09-27 03:00:00,49.2280565
2022-09-27 04:00:00,43.9883865
2022-09-27 05:00:00,37.893432
2022-09-27 06:00:00,37.161208
2022-09-27 07:00:00,35.023157999999995
2022-09-27 08:00:00,33.2194255
2022-09-27 09:00:00,35.4735745
2022-09-27 10:00:00,43.5982955
2022-09-27 11:00:00,65.3999075
2022-09-27 12:00:00,63.0454895
2022-09-27 13:00:00,53.92321
2022-09-27 14:00:00,50.4947495
2022-09-27 15:00:00,51.4478445
2022-09-27 16:00:00,51.212388
2022-09-27 17:00:00,48.4027435
2022-09-27 18:00:00,49.197590000000005
2022-09-27 19:00:00,51.399414
2022-09-27 20:00:00,53.828216
2022-09-27 21:00:00,57.363474
2022-09-27 22:00:00,63.527673
2022-09-27 23:00:00,65.454632
2022-09-28 00:00:00,81.3729715
2022-09-28 01:00:00,70.128701
2022-09-28 02:00:00,62.8778425
2022-09-28 03:00:00,52.1800355
2022-09-28 04:00:00,46.163081
2022-09-28 05:00:00,41.034886
2022-09-28 06:00:00,39.931456
2022-09-28 07:00:00,37.184431
2022-09-28 08:00:00,36.7973205
2022-09-28 09:00:00,38.7049135
2022-09-28 10:00:00,47.45092
2022-09-28 11:00:00,70.9326535
2022-09-28 12:00:00,73.531103
2022-09-28 13:00:00,60.410064
2022-09-28 14:00:00,58.5470865
2022-09-28 15:00:00,63.9525285
2022-09-28 16:00:00,68.162669
2022-09-28 17:00:00,64.9810035
2022-09-28 18:00:00,67.18596600000001
2022-09-28 19:00:00,62.712962
2022-09-28 20:00:00,63.746285
2022-09-28 21:00:00,70.38277500000001
2022-09-28 22:00:00,75.9950255
2022-09-28 23:00:00,78.190004
2022-09-29 00:00:00,88.67585550000001
2022-09-29 01:00:00,71.13921099999999
2022-09-29 02:00:00,66.0359495
2022-09-29 03:00:00,56.005944
2022-09-29 04:00:00,47.3251295
2022-09-29 05:00:00,43.2175065
2022-09-29 06:00:00,40.607496
2022-09-29 07:00:00,38.149124
2022-09-29 08:00:00,37.3365785
2022-09-29 09:00:00,39.444834
2022-09-29 10:00:00,48.0219755
2022-09-29 11:00:00,69.55194850000001
2022-09-29 12:00:00,69.020736
2022-09-29 13:00:00,59.5297465
2022-09-29 14:00:00,56.241379
2022-09-29 15:00:00,55.778008
2022-09-29 16:00:00,58.3488255
2022-09-29 17:00:00,56.071703
2022-09-29 18:00:00,58.3906095
2022-09-29 19:00:00,57.2189835
2022-09-29 20:00:00,59.7167435
2022-09-29 21:00:00,62.0908545
2022-09-29 22:00:00,68.98886350000001
2022-09-29 23:00:00,68.4058345
2022-09-30 00:00:00,78.20333049999999
2022-09-30 01:00:00,64.388865
2022-09-30 02:00:00,55.191382
2022-09-30 03:00:00,47.370412
2022-09-30 04:00:00,45.4473775
2022-09-30 05:00:00,41.5408105
2022-09-30 06:00:00,39.168963000000005
2022-09-30 07:00:00,37.819244
2022-09-30 08:00:00,37.54374
2022-09-30 09:00:00,39.000277
2022-09-30 10:00:00,44.49952450000001
2022-09-30 11:00:00,63.458899
2022-09-30 12:00:00,67.069411
2022-09-30 13:00:00,64.64459
2022-09-30 14:00:00,66.76682
2022-09-30 15:00:00,67.087643
2022-09-30 16:00:00,64.246364
2022-09-30 17:00:00,65.24136100000001
2022-09-30 18:00:00,64.028758
2022-09-30 19:00:00,63.1003795
2022-09-30 20:00:00,64.10279
2022-09-30 21:00:00,63.9628635
2022-09-30 22:00:00,65.4111185
2022-09-30 23:00:00,65.78273150000001
2022-10-01 00:00:00,68.07690600000001
2022-10-01 01:00:00,58.9501125
2022-10-01 02:00:00,52.7012985
2022-10-01 03:00:00,50.0122845
2022-10-01 04:00:00,43.5708505
2022-10-01 05:00:00,43.438408
2022-10-01 06:00:00,43.763089
2022-10-01 07:00:00,38.6909735
2022-10-01 08:00:00,36.110418
2022-10-01 09:00:00,36.371912
2022-10-01 10:00:00,37.463572
2022-10-01 11:00:00,39.937507
2022-10-01 12:00:00,42.358376
2022-10-01 13:00:00,44.64773649999999
2022-10-01 14:00:00,47.75774
2022-10-01 15:00:00,45.0889535
2022-10-01 16:00:00,45.463846
2022-10-01 17:00:00,44.332876
2022-10-01 18:00:00,43.383587
2022-10-01 19:00:00,41.9091855
2022-10-01 20:00:00,41.3638545
2022-10-01 21:00:00,43.394835
2022-10-01 22:00:00,49.2041185
2022-10-01 23:00:00,48.631507
2022-10-02 00:00:00,61.591098
2022-10-02 01:00:00,47.175341
2022-10-02 02:00:00,43.037124000000006
2022-10-02 03:00:00,39.142409
2022-10-02 04:00:00,36.701072
2022-10-02 05:00:00,36.5985135
2022-10-02 06:00:00,36.36938
2022-10-02 07:00:00,31.681717
2022-10-02 08:00:00,31.3713125
2022-10-02 09:00:00,31.5315585
2022-10-02 10:00:00,32.670357
2022-10-02 11:00:00,34.1783705
2022-10-02 12:00:00,38.012443000000005
2022-10-02 13:00:00,38.1559115
2022-10-02 14:00:00,40.7954815
2022-10-02 15:00:00,45.2414585
2022-10-02 16:00:00,45.274677
2022-10-02 17:00:00,45.5454355
2022-10-02 18:00:00,44.768174
2022-10-02 19:00:00,43.7631165
2022-10-02 20:00:00,43.58377
2022-10-02 21:00:00,47.7956375
2022-10-02 22:00:00,52.1436095
2022-10-02 23:00:00,57.116259
2022-10-03 00:00:00,65.813199
2022-10-03 01:00:00,51.620823
2022-10-03 02:00:00,44.5068595
2022-10-03 03:00:00,40.458948
2022-10-03 04:00:00,37.793342
2022-10-03 05:00:00,37.2238675
2022-10-03 06:00:00,34.075667499999994
2022-10-03 07:00:00,33.278604
2022-10-03 08:00:00,34.075022
2022-10-03 09:00:00,39.256433
2022-10-03 10:00:00,47.5317825
2022-10-03 11:00:00,68.41505699999999
2022-10-03 12:00:00,74.2906665
2022-10-03 13:00:00,71.1769305
2022-10-03 14:00:00,71.7387415
2022-10-03 15:00:00,71.602004
2022-10-03 16:00:00,70.81152399999999
2022-10-03 17:00:00,70.23105100000001
2022-10-03 18:00:00,70.4839605
2022-10-03 19:00:00,70.2819305
2022-10-03 20:00:00,67.39896949999999
2022-10-03 21:00:00,68.910334
2022-10-03 22:00:00,72.8691015
2022-10-03 23:00:00,72.18413699999999
2022-10-04 00:00:00,89.0936725
2022-10-04 01:00:00,68.79809
2022-10-04 02:00:00,66.11047450000001
2022-10-04 03:00:00,50.550284000000005
2022-10-04 04:00:00,47.633271
2022-10-04 05:00:00,47.363721
2022-10-04 06:00:00,47.083275
2022-10-04 07:00:00,45.239924
2022-10-04 08:00:00,46.0197995
2022-10-04 09:00:00,50.871082
2022-10-04 10:00:00,59.5022105
2022-10-04 11:00:00,76.017446
2022-10-04 12:00:00,79.847438
2022-10-04 13:00:00,90.9971835
2022-10-04 14:00:00,77.97092649999999
2022-10-04 15:00:00,77.35646299999999
2022-10-04 16:00:00,83.1726345
2022-10-04 17:00:00,74.548757
2022-10-04 18:00:00,77.287777
2022-10-04 19:00:00,72.832278
2022-10-04 20:00:00,73.59553600000001
2022-10-04 21:00:00,74.5216605
2022-10-04 22:00:00,75.706161
2022-10-04 23:00:00,76.2264475
2022-10-05 00:00:00,88.3642885
2022-10-05 01:00:00,73.76772700000001
2022-10-05 02:00:00,69.1667975
2022-10-05 03:00:00,56.786331
2022-10-05 04:00:00,57.0874135
2022-10-05 05:00:00,46.591039
2022-10-05 06:00:00,43.482690000000005
2022-10-05 07:00:00,40.9382825
2022-10-05 08:00:00,40.7554875
2022-10-05 09:00:00,44.676237
2022-10-05 10:00:00,52.614774
2022-10-05 11:00:00,73.312189
2022-10-05 12:00:00,74.20743250000001
2022-10-05 13:00:00,69.02918700000001
2022-10-05 14:00:00,68.5761605
2022-10-05 15:00:00,68.364222
2022-10-05 16:00:00,67.689319
2022-10-05 17:00:00,67.7812705
2022-10-05 18:00:00,69.344294
2022-10-05 19:00:00,67.98560499999999
2022-10-05 20:00:00,67.7576365
2022-10-05 21:00:00,70.4485155
2022-10-05 22:00:00,76.083531
2022-10-05 23:00:00,80.82864599999999
2022-10-06 00:00:00,93.0062705
2022-10-06 01:00:00,73.5606425
2022-10-06 02:00:00,63.9471135
2022-10-06 03:00:00,55.2146965
2022-10-06 04:00:00,45.7243085
2022-10-06 05:00:00,48.531537
2022-10-06 06:00:00,47.2510865
2022-10-06 07:00:00,42.056621
2022-10-06 08:00:00,41.093681
2022-10-06 09:00:00,46.2092575
2022-10-06 10:00:00,62.0275555
2022-10-06 11:00:00,85.2796395
2022-10-06 12:00:00,85.0359465
2022-10-06 13:00:00,76.15367950000001
2022-10-06 14:00:00,72.70277899999999
2022-10-06 15:00:00,74.054295
2022-10-06 16:00:00,76.938353
2022-10-06 17:00:00,75.563507
2022-10-06 18:00:00,77.4448195
2022-10-06 19:00:00,75.6720945
2022-10-06 20:00:00,75.796291
2022-10-06 21:00:00,77.5174075
2022-10-06 22:00:00,81.3222825
2022-10-06 23:00:00,85.4491045
2022-10-07 00:00:00,107.6730345
2022-10-07 01:00:00,79.1939375
2022-10-07 02:00:00,67.048877
2022-10-07 03:00:00,56.7465845
2022-10-07 04:00:00,48.3693475
2022-10-07 05:00:00,42.62824
2022-10-07 06:00:00,42.699946
2022-10-07 07:00:00,41.385769
2022-10-07 08:00:00,40.7758135
2022-10-07 09:00:00,42.0758985
2022-10-07 10:00:00,49.5639485
2022-10-07 11:00:00,62.463356000000005
2022-10-07 12:00:00,68.8736045
2022-10-07 13:00:00,55.85722
2022-10-07 14:00:00,56.6615265
2022-10-07 15:00:00,61.3829725
2022-10-07 16:00:00,66.425522
2022-10-07 17:00:00,68.2321285
2022-10-07 18:00:00,69.5276715
2022-10-07 19:00:00,68.4104065
2022-10-07 20:00:00,69.2157605
2022-10-07 21:00:00,70.37629949999999
2022-10-07 22:00:00,71.4905275
2022-10-07 23:00:00,78.4884625
2022-10-08 00:00:00,90.9089555
2022-10-08 01:00:00,68.62306699999999
2022-10-08 02:00:00,66.5949325
2022-10-08 03:00:00,61.524968
2022-10-08 04:00:00,51.7436985
2022-10-08 05:00:00,52.9562315
2022-10-08 06:00:00,56.4260665
2022-10-08 07:00:00,49.278961
2022-10-08 08:00:00,47.8590535
2022-10-08 09:00:00,49.4036785
2022-10-08 10:00:00,51.147158
2022-10-08 11:00:00,56.658705
2022-10-08 12:00:00,60.029634
2022-10-08 13:00:00,62.2769675
2022-10-08 14:00:00,57.9727255
2022-10-08 15:00:00,56.7068875
2022-10-08 16:00:00,51.4378075
2022-10-08 17:00:00,49.9169175
2022-10-08 18:00:00,48.9609595
2022-10-08 19:00:00,46.4698345
2022-10-08 20:00:00,45.6887055
2022-10-08 21:00:00,48.6978365
2022-10-08 22:00:00,53.9022445
2022-10-08 23:00:00,73.85360349999999
2022-10-09 00:00:00,86.570349
2022-10-09 01:00:00,64.490925
2022-10-09 02:00:00,52.677194
2022-10-09 03:00:00,51.200163
2022-10-09 04:00:00,44.540482
2022-10-09 05:00:00,43.8343395
2022-10-09 06:00:00,44.279181
2022-10-09 07:00:00,41.200063
2022-10-09 08:00:00,40.9794105
2022-10-09 09:00:00,41.807635000000005
2022-10-09 10:00:00,44.7507735
2022-10-09 11:00:00,46.50472
2022-10-09 12:00:00,51.719143
2022-10-09 13:00:00,51.302045
2022-10-09 14:00:00,47.3901325
2022-10-09 15:00:00,48.6491785
2022-10-09 16:00:00,47.306737
2022-10-09 17:00:00,45.855714500000005
2022-10-09 18:00:00,44.681879
2022-10-09 19:00:00,45.349363
2022-10-09 20:00:00,46.0955915
2022-10-09 21:00:00,52.6165055
2022-10-09 22:00:00,71.542693
2022-10-09 23:00:00,80.661373
2022-10-10 00:00:00,108.5342545
2022-10-10 01:00:00,77.72827799999999
2022-10-10 02:00:00,71.233492
2022-10-10 03:00:00,63.50891
2022-10-10 04:00:00,58.4415565
2022-10-10 05:00:00,57.6581115
2022-10-10 06:00:00,57.9306635
2022-10-10 07:00:00,53.8249265
2022-10-10 08:00:00,57.6869195
2022-10-10 09:00:00,61.699352
2022-10-10 10:00:00,72.63692800000001
2022-10-10 11:00:00,97.98748
2022-10-10 12:00:00,111.58545
2022-10-10 13:00:00,93.895235
2022-10-10 14:00:00,81.36595550000001
2022-10-10 15:00:00,81.71459150000001
2022-10-10 16:00:00,78.369047
2022-10-10 17:00:00,77.852558
2022-10-10 18:00:00,78.624202
2022-10-10 19:00:00,74.08728149999999
2022-10-10 20:00:00,74.8102535
2022-10-10 21:00:00,84.3554445
2022-10-10 22:00:00,99.4910665
2022-10-10 23:00:00,110.887869
2022-10-11 00:00:00,126.4894835
2022-10-11 01:00:00,101.92571
2022-10-11 02:00:00,87.936726
2022-10-11 03:00:00,71.62354
2022-10-11 04:00:00,64.44749949999999
2022-10-11 05:00:00,50.020474500000006
2022-10-11 06:00:00,47.356096
2022-10-11 07:00:00,44.4490295
2022-10-11 08:00:00,44.197332
2022-10-11 09:00:00,51.1413945
2022-10-11 10:00:00,60.796467
2022-10-11 11:00:00,105.847188
2022-10-11 12:00:00,94.5637565
2022-10-11 13:00:00,74.3258635
2022-10-11 14:00:00,62.559172
2022-10-11 15:00:00,59.892952
2022-10-11 16:00:00,61.987279
2022-10-11 17:00:00,61.375608
2022-10-11 18:00:00,61.1044125
2022-10-11 19:00:00,62.130323
2022-10-11 20:00:00,64.98909499999999
2022-10-11 21:00:00,70.200541
2022-10-11 22:00:00,77.79595900000001
2022-10-11 23:00:00,97.7147485
2022-10-12 00:00:00,109.2100115
2022-10-12 01:00:00,84.3620465
2022-10-12 02:00:00,70.003481
2022-10-12 03:00:00,58.9124025
2022-10-12 04:00:00,53.243423
2022-10-12 05:00:00,42.005403
2022-10-12 06:00:00,41.5605005
2022-10-12 07:00:00,40.739441
2022-10-12 08:00:00,40.9922485
2022-10-12 09:00:00,45.7470975
2022-10-12 10:00:00,56.532551
2022-10-12 11:00:00,90.1827325
2022-10-12 12:00:00,93.985431
2022-10-12 13:00:00,71.80404250000001
2022-10-12 14:00:00,63.2690455
2022-10-12 15:00:00,60.5883915
2022-10-12 16:00:00,62.7845225
2022-10-12 17:00:00,65.3294035
2022-10-12 18:00:00,72.993922
2022-10-12 19:00:00,71.136256
2022-10-12 20:00:00,72.11070050000001
2022-10-12 21:00:00,78.487423
2022-10-12 22:00:00,86.2423795
2022-10-12 23:00:00,101.5091535
2022-10-13 00:00:00,115.3424775
2022-10-13 01:00:00,90.131832
2022-10-13 02:00:00,80.03396749999999
2022-10-13 03:00:00,61.7789305
2022-10-13 04:00:00,52.4066725
2022-10-13 05:00:00,51.595293
2022-10-13 06:00:00,52.3359145
2022-10-13 07:00:00,46.856028
2022-10-13 08:00:00,44.4831295
2022-10-13 09:00:00,48.9654975
2022-10-13 10:00:00,57.8954425
2022-10-13 11:00:00,89.607166
2022-10-13 12:00:00,93.383506
2022-10-13 13:00:00,78.9962305
2022-10-13 14:00:00,77.40443400000001
2022-10-13 15:00:00,77.193379
2022-10-13 16:00:00,71.66577950000001
2022-10-13 17:00:00,73.0690345
2022-10-13 18:00:00,75.0384295
2022-10-13 19:00:00,71.1340235
2022-10-13 20:00:00,70.499319
2022-10-13 21:00:00,71.9909265
2022-10-13 22:00:00,86.3292305
2022-10-13 23:00:00,108.9533755
2022-10-14 00:00:00,122.731601
2022-10-14 01:00:00,94.8363735
2022-10-14 02:00:00,83.578589
2022-10-14 03:00:00,66.736775
2022-10-14 04:00:00,53.5081095
2022-10-14 05:00:00,58.690519
2022-10-14 06:00:00,56.4072065
2022-10-14 07:00:00,52.128872
2022-10-14 08:00:00,49.885618
2022-10-14 09:00:00,54.3729305
2022-10-14 10:00:00,61.6159625
2022-10-14 11:00:00,92.084174
2022-10-14 12:00:00,113.275271
2022-10-14 13:00:00,84.9523025
2022-10-14 14:00:00,75.4296445
2022-10-14 15:00:00,72.1721275
2022-10-14 16:00:00,64.3224425
2022-10-14 17:00:00,62.334185
2022-10-14 18:00:00,61.265524
2022-10-14 19:00:00,59.2302725
2022-10-14 20:00:00,60.98978
2022-10-14 21:00:00,60.566497
2022-10-14 22:00:00,77.772512
2022-10-14 23:00:00,97.645791
2022-10-15 00:00:00,96.350893
2022-10-15 01:00:00,82.206155
2022-10-15 02:00:00,68.831658
2022-10-15 03:00:00,60.570136
2022-10-15 04:00:00,51.886691
2022-10-15 05:00:00,55.725676
2022-10-15 06:00:00,54.432807
2022-10-15 07:00:00,47.610866
2022-10-15 08:00:00,47.817198
2022-10-15 09:00:00,49.679714
2022-10-15 10:00:00,53.661972
2022-10-15 11:00:00,57.41848400000001
2022-10-15 12:00:00,69.259986
2022-10-15 13:00:00,67.453014
2022-10-15 14:00:00,68.2562865
2022-10-15 15:00:00,69.89446749999999
2022-10-15 16:00:00,69.03962200000001
2022-10-15 17:00:00,62.44989
2022-10-15 18:00:00,57.9087325
2022-10-15 19:00:00,57.533202
2022-10-15 20:00:00,57.177882
2022-10-15 21:00:00,68.319694
2022-10-15 22:00:00,73.005456
2022-10-15 23:00:00,87.172369
2022-10-16 00:00:00,94.944015
2022-10-16 01:00:00,77.08251899999999
2022-10-16 02:00:00,69.060664
2022-10-16 03:00:00,63.238618
2022-10-16 04:00:00,57.5176235
2022-10-16 05:00:00,56.1794355
2022-10-16 06:00:00,53.344978
2022-10-16 07:00:00,46.6524635
2022-10-16 08:00:00,45.025642000000005
2022-10-16 09:00:00,47.939069
2022-10-16 10:00:00,49.6477555
2022-10-16 11:00:00,55.3776445
2022-10-16 12:00:00,54.971518
2022-10-16 13:00:00,55.3221215
2022-10-16 14:00:00,54.223487500000005
2022-10-16 15:00:00,55.2101325
2022-10-16 16:00:00,54.26538
2022-10-16 17:00:00,52.1013575
2022-10-16 18:00:00,50.701459
2022-10-16 19:00:00,49.6816635
2022-10-16 20:00:00,52.3340705
2022-10-16 21:00:00,55.893266
2022-10-16 22:00:00,67.12417350000001
2022-10-16 23:00:00,76.3934095
2022-10-17 00:00:00,95.874413
2022-10-17 01:00:00,71.2797105
2022-10-17 02:00:00,63.994033
2022-10-17 03:00:00,58.704861
2022-10-17 04:00:00,51.734176
2022-10-17 05:00:00,43.7908645
2022-10-17 06:00:00,43.208848
2022-10-17 07:00:00,41.814913
2022-10-17 08:00:00,41.216598
2022-10-17 09:00:00,42.169479
2022-10-17 10:00:00,53.785178
2022-10-17 11:00:00,76.294288
2022-10-17 12:00:00,91.61605
2022-10-17 13:00:00,80.5892265
2022-10-17 14:00:00,78.34346450000001
2022-10-17 15:00:00,77.7642165
2022-10-17 16:00:00,74.71301349999999
2022-10-17 17:00:00,71.5813805
2022-10-17 18:00:00,71.77938
2022-10-17 19:00:00,71.2558065
2022-10-17 20:00:00,71.47701599999999
2022-10-17 21:00:00,75.439847
2022-10-17 22:00:00,90.9828555
2022-10-17 23:00:00,110.970309
2022-10-18 00:00:00,122.4029085
2022-10-18 01:00:00,89.37357850000001
2022-10-18 02:00:00,81.05114549999999
2022-10-18 03:00:00,75.1927435
2022-10-18 04:00:00,67.52988400000001
2022-10-18 05:00:00,52.027101
2022-10-18 06:00:00,54.5347555
2022-10-18 07:00:00,50.178076
2022-10-18 08:00:00,52.198849
2022-10-18 09:00:00,59.7608925
2022-10-18 10:00:00,73.774855
2022-10-18 11:00:00,98.209463
2022-10-18 12:00:00,122.761853
2022-10-18 13:00:00,91.8466115
2022-10-18 14:00:00,85.4707375
2022-10-18 15:00:00,77.9313855
2022-10-18 16:00:00,73.9725345
2022-10-18 17:00:00,69.68519749999999
2022-10-18 18:00:00,68.30341899999999
2022-10-18 19:00:00,64.661969
2022-10-18 20:00:00,64.9388635
2022-10-18 21:00:00,68.316058
2022-10-18 22:00:00,85.59950950000001
2022-10-18 23:00:00,107.1268295
2022-10-19 00:00:00,116.7646455
2022-10-19 01:00:00,91.733654
2022-10-19 02:00:00,85.510404
2022-10-19 03:00:00,71.94846749999999
2022-10-19 04:00:00,66.362762
2022-10-19 05:00:00,55.5713115
2022-10-19 06:00:00,54.9104255
2022-10-19 07:00:00,53.711204
2022-10-19 08:00:00,54.9222705
2022-10-19 09:00:00,59.256825000000006
2022-10-19 10:00:00,72.34442899999999
2022-10-19 11:00:00,106.7607625
2022-10-19 12:00:00,139.3644615
2022-10-19 13:00:00,91.7624495
2022-10-19 14:00:00,85.79218700000001
2022-10-19 15:00:00,80.587355
2022-10-19 16:00:00,79.7225575
2022-10-19 17:00:00,72.65814549999999
2022-10-19 18:00:00,68.92165800000001
2022-10-19 19:00:00,64.90829049999999
2022-10-19 20:00:00,61.794353
2022-10-19 21:00:00,64.173355
2022-10-19 22:00:00,81.063532
2022-10-19 23:00:00,112.864726
2022-10-20 00:00:00,118.9774925
2022-10-20 01:00:00,96.584143
2022-10-20 02:00:00,86.960818
2022-10-20 03:00:00,77.1561165
2022-10-20 04:00:00,69.50607249999999
2022-10-20 05:00:00,60.1809165
2022-10-20 06:00:00,59.818622000000005
2022-10-20 07:00:00,58.9088705
2022-10-20 08:00:00,58.9362255
2022-10-20 09:00:00,66.0945895
2022-10-20 10:00:00,82.7919725
2022-10-20 11:00:00,123.151721
2022-10-20 12:00:00,155.831796
2022-10-20 13:00:00,98.196681
2022-10-20 14:00:00,80.723357
2022-10-20 15:00:00,71.97726399999999
2022-10-20 16:00:00,68.026256
2022-10-20 17:00:00,60.755513500000006
2022-10-20 18:00:00,57.856108500000005
2022-10-20 19:00:00,56.495896
2022-10-20 20:00:00,56.67303
2022-10-20 21:00:00,60.2171295
2022-10-20 22:00:00,76.489013
2022-10-20 23:00:00,110.643693
2022-10-21 00:00:00,110.405725
2022-10-21 01:00:00,86.5615415
2022-10-21 02:00:00,77.22172800000001
2022-10-21 03:00:00,67.120969
2022-10-21 04:00:00,60.613420000000005
2022-10-21 05:00:00,56.593178
2022-10-21 06:00:00,53.447825
2022-10-21 07:00:00,52.47368
2022-10-21 08:00:00,54.671683
2022-10-21 09:00:00,59.758569
2022-10-21 10:00:00,74.214901
2022-10-21 11:00:00,99.6607945
2022-10-21 12:00:00,131.7098345
2022-10-21 13:00:00,81.916507
2022-10-21 14:00:00,72.4377895
2022-10-21 15:00:00,61.2537035
2022-10-21 16:00:00,57.7192225
2022-10-21 17:00:00,52.320194
2022-10-21 18:00:00,51.0891075
2022-10-21 19:00:00,50.1701775
2022-10-21 20:00:00,50.301786500000006
2022-10-21 21:00:00,51.11362
2022-10-21 22:00:00,61.819481
2022-10-21 23:00:00,76.752657
2022-10-22 00:00:00,77.277457
2022-10-22 01:00:00,64.29237649999999
2022-10-22 02:00:00,59.290874
2022-10-22 03:00:00,51.638831
2022-10-22 04:00:00,46.0926465
2022-10-22 05:00:00,45.0912325
2022-10-22 06:00:00,43.8455555
2022-10-22 07:00:00,42.491793
2022-10-22 08:00:00,42.0602695
2022-10-22 09:00:00,43.3613625
2022-10-22 10:00:00,46.2640675
2022-10-22 11:00:00,58.6053295
2022-10-22 12:00:00,65.090356
2022-10-22 13:00:00,56.245589
2022-10-22 14:00:00,46.630281
2022-10-22 15:00:00,44.05687
2022-10-22 16:00:00,43.447177
2022-10-22 17:00:00,42.2393445
2022-10-22 18:00:00,42.53629050000001
2022-10-22 19:00:00,42.404899
2022-10-22 20:00:00,42.20688749999999
2022-10-22 21:00:00,45.4827115
2022-10-22 22:00:00,53.148664
2022-10-22 23:00:00,66.3451065
2022-10-23 00:00:00,63.992751
2022-10-23 01:00:00,54.047837
2022-10-23 02:00:00,44.8657305
2022-10-23 03:00:00,40.461607
2022-10-23 04:00:00,37.7672835
2022-10-23 05:00:00,37.8449105
2022-10-23 06:00:00,36.7617135
2022-10-23 07:00:00,33.202994000000004
2022-10-23 08:00:00,32.6129035
2022-10-23 09:00:00,33.8516265
2022-10-23 10:00:00,38.2029665
2022-10-23 11:00:00,37.4193945
2022-10-23 12:00:00,43.643849
2022-10-23 13:00:00,47.113656000000006
2022-10-23 14:00:00,44.363125
2022-10-23 15:00:00,40.9183055
2022-10-23 16:00:00,40.6055555
2022-10-23 17:00:00,42.8314545
2022-10-23 18:00:00,43.2878455
2022-10-23 19:00:00,44.00623950000001
2022-10-23 20:00:00,46.2635045
2022-10-23 21:00:00,50.1733635
2022-10-23 22:00:00,54.7918305
2022-10-23 23:00:00,76.1354345
2022-10-24 00:00:00,74.44539599999999
2022-10-24 01:00:00,56.58601
2022-10-24 02:00:00,46.5937805
2022-10-24 03:00:00,40.91866
2022-10-24 04:00:00,37.1476845
2022-10-24 05:00:00,30.863765
2022-10-24 06:00:00,30.131173500000003
2022-10-24 07:00:00,28.5284795
2022-10-24 08:00:00,29.3212765
2022-10-24 09:00:00,30.8960075
2022-10-24 10:00:00,40.4129375
2022-10-24 11:00:00,54.4463585
2022-10-24 12:00:00,67.771443
2022-10-24 13:00:00,62.7412155
2022-10-24 14:00:00,54.1552145
2022-10-24 15:00:00,54.279062
2022-10-24 16:00:00,53.3469745
2022-10-24 17:00:00,54.408639
2022-10-24 18:00:00,57.2443595
2022-10-24 19:00:00,58.7861385
2022-10-24 20:00:00,60.56639
2022-10-24 21:00:00,57.5921805
2022-10-24 22:00:00,62.7875235
2022-10-24 23:00:00,81.36162300000001
2022-10-25 00:00:00,73.5296955
2022-10-25 01:00:00,63.177237000000005
2022-10-25 02:00:00,53.1210715
2022-10-25 03:00:00,48.1957785
2022-10-25 04:00:00,40.002363
2022-10-25 05:00:00,37.760861
2022-10-25 06:00:00,33.537921999999995
2022-10-25 07:00:00,31.107686
2022-10-25 08:00:00,32.3837935
2022-10-25 09:00:00,34.909105499999995
2022-10-25 10:00:00,43.888388000000006
2022-10-25 11:00:00,63.5198045
2022-10-25 12:00:00,65.6046005
2022-10-25 13:00:00,61.969969500000005
2022-10-25 14:00:00,58.5597165
2022-10-25 15:00:00,60.2395765
2022-10-25 16:00:00,58.062595
2022-10-25 17:00:00,60.707932
2022-10-25 18:00:00,63.285278
2022-10-25 19:00:00,64.8642935
2022-10-25 20:00:00,63.631519
2022-10-25 21:00:00,64.316107
2022-10-25 22:00:00,70.92217
2022-10-25 23:00:00,91.801373
2022-10-26 00:00:00,75.79703649999999
2022-10-26 01:00:00,64.2176385
2022-10-26 02:00:00,58.0293325
2022-10-26 03:00:00,48.79602
2022-10-26 04:00:00,42.0698365
2022-10-26 05:00:00,38.434044
2022-10-26 06:00:00,36.943996
2022-10-26 07:00:00,33.7768755
2022-10-26 08:00:00,33.410980499999994
2022-10-26 09:00:00,35.869537
2022-10-26 10:00:00,43.865179
2022-10-26 11:00:00,66.0276815
2022-10-26 12:00:00,69.955234
2022-10-26 13:00:00,66.4849455
2022-10-26 14:00:00,60.2055355
2022-10-26 15:00:00,61.479408500000005
2022-10-26 16:00:00,58.4827395
2022-10-26 17:00:00,58.726769
2022-10-26 18:00:00,58.8563095
2022-10-26 19:00:00,54.7161985
2022-10-26 20:00:00,53.1883615
2022-10-26 21:00:00,56.257701
2022-10-26 22:00:00,67.059314
2022-10-26 23:00:00,99.1031805
2022-10-27 00:00:00,91.801867
2022-10-27 01:00:00,70.44675649999999
2022-10-27 02:00:00,64.1285555
2022-10-27 03:00:00,55.9707595
2022-10-27 04:00:00,48.9694375
2022-10-27 05:00:00,44.400814
2022-10-27 06:00:00,41.1600665
2022-10-27 07:00:00,39.1277155
2022-10-27 08:00:00,39.6216155
2022-10-27 09:00:00,43.8417475
2022-10-27 10:00:00,50.8981265
2022-10-27 11:00:00,75.6681165
2022-10-27 12:00:00,91.2242555
2022-10-27 13:00:00,73.963415
2022-10-27 14:00:00,61.9315015
2022-10-27 15:00:00,62.727407
2022-10-27 16:00:00,58.969621
2022-10-27 17:00:00,59.824589
2022-10-27 18:00:00,60.2170935
2022-10-27 19:00:00,56.921503
2022-10-27 20:00:00,55.7541005
2022-10-27 21:00:00,59.667371
2022-10-27 22:00:00,67.968608
2022-10-27 23:00:00,87.652316
2022-10-28 00:00:00,80.037784
2022-10-28 01:00:00,64.903756
2022-10-28 02:00:00,57.410812
2022-10-28 03:00:00,51.7363835
2022-10-28 04:00:00,45.120680500000006
2022-10-28 05:00:00,41.751697
2022-10-28 06:00:00,39.8880625
2022-10-28 07:00:00,38.330756
2022-10-28 08:00:00,39.203397
2022-10-28 09:00:00,43.1713885
2022-10-28 10:00:00,51.6354515
2022-10-28 11:00:00,83.70590200000001
2022-10-28 12:00:00,98.661877
2022-10-28 13:00:00,76.118308
2022-10-28 14:00:00,66.87366349999999
2022-10-28 15:00:00,67.785285
2022-10-28 16:00:00,62.7994365
2022-10-28 17:00:00,63.2440085
2022-10-28 18:00:00,62.9374015
2022-10-28 19:00:00,58.138059
2022-10-28 20:00:00,55.9430775
2022-10-28 21:00:00,55.716755
2022-10-28 22:00:00,63.17504100000001
2022-10-28 23:00:00,79.1910325
2022-10-29 00:00:00,72.05235
2022-10-29 01:00:00,57.125615
2022-10-29 02:00:00,54.220554
2022-10-29 03:00:00,49.379518
2022-10-29 04:00:00,44.254995
2022-10-29 05:00:00,43.234468500000006
2022-10-29 06:00:00,43.865304
2022-10-29 07:00:00,41.207522
2022-10-29 08:00:00,40.627354
2022-10-29 09:00:00,42.2258945
2022-10-29 10:00:00,43.4209615
2022-10-29 11:00:00,53.6672525
2022-10-29 12:00:00,61.880302
2022-10-29 13:00:00,60.9656495
2022-10-29 14:00:00,51.395678
2022-10-29 15:00:00,45.8005025
2022-10-29 16:00:00,43.0060895
2022-10-29 17:00:00,42.297401
2022-10-29 18:00:00,40.397463
2022-10-29 19:00:00,40.826544
2022-10-29 20:00:00,40.4660785
2022-10-29 21:00:00,42.218153
2022-10-29 22:00:00,49.1391115
2022-10-29 23:00:00,59.3391375
2022-10-30 00:00:00,55.59822
2022-10-30 01:00:00,49.4047905
2022-10-30 02:00:00,46.844519000000005
2022-10-30 03:00:00,42.753773
2022-10-30 04:00:00,39.3775235
2022-10-30 05:00:00,40.6148775
2022-10-30 06:00:00,40.6890205
2022-10-30 07:00:00,37.915802
2022-10-30 08:00:00,38.188681
2022-10-30 09:00:00,40.336132500000005
2022-10-30 10:00:00,41.791429
2022-10-30 11:00:00,45.088819
2022-10-30 12:00:00,49.5320035
2022-10-30 13:00:00,52.7204435
2022-10-30 14:00:00,44.8175795
2022-10-30 15:00:00,45.247844
2022-10-30 16:00:00,47.430094
2022-10-30 17:00:00,45.353756
2022-10-30 18:00:00,44.527606000000006
2022-10-30 19:00:00,45.34238
2022-10-30 20:00:00,44.683187
2022-10-30 21:00:00,45.372604
2022-10-30 22:00:00,54.994852
2022-10-30 23:00:00,74.330569
2022-10-31 00:00:00,67.561112
2022-10-31 01:00:00,56.2733715
2022-10-31 02:00:00,51.343744
2022-10-31 03:00:00,45.4252485
2022-10-31 04:00:00,43.824101
2022-10-31 05:00:00,38.665152500000005
2022-10-31 06:00:00,37.844625
2022-10-31 07:00:00,36.5786335
2022-10-31 08:00:00,37.2088315
2022-10-31 09:00:00,40.1757385
2022-10-31 10:00:00,45.13511
2022-10-31 11:00:00,70.941016
2022-10-31 12:00:00,81.464962
2022-10-31 13:00:00,76.6139555
2022-10-31 14:00:00,73.21399149999999
2022-10-31 15:00:00,71.70040449999999
2022-10-31 16:00:00,71.4801715
2022-10-31 17:00:00,71.5876335
2022-10-31 18:00:00,73.2015825
2022-10-31 19:00:00,66.2433035
2022-10-31 20:00:00,64.76185699999999
2022-10-31 21:00:00,65.59954350000001
2022-10-31 22:00:00,71.39861450000001
2022-10-31 23:00:00,83.81322800000001
2022-11-01 00:00:00,75.604285
2022-11-01 01:00:00,66.98697100000001
2022-11-01 02:00:00,63.436492
2022-11-01 03:00:00,52.7661855
2022-11-01 04:00:00,41.7911795
2022-11-01 05:00:00,38.506629
2022-11-01 06:00:00,35.394412
2022-11-01 07:00:00,32.831055
2022-11-01 08:00:00,32.6299935
2022-11-01 09:00:00,34.7882685
2022-11-01 10:00:00,40.2588305
2022-11-01 11:00:00,55.0787665
2022-11-01 12:00:00,65.576438
2022-11-01 13:00:00,62.507994
2022-11-01 14:00:00,58.207286
2022-11-01 15:00:00,58.0544665
2022-11-01 16:00:00,56.624699
2022-11-01 17:00:00,56.5531665
2022-11-01 18:00:00,54.657684
2022-11-01 19:00:00,49.618191
2022-11-01 20:00:00,48.9939785
2022-11-01 21:00:00,52.466426
2022-11-01 22:00:00,62.331731
2022-11-01 23:00:00,79.6923195
2022-11-02 00:00:00,68.8663405
2022-11-02 01:00:00,57.7793055
2022-11-02 02:00:00,50.232246
2022-11-02 03:00:00,44.362811
2022-11-02 04:00:00,38.857971
2022-11-02 05:00:00,36.885407
2022-11-02 06:00:00,34.998228
2022-11-02 07:00:00,32.9985565
2022-11-02 08:00:00,33.069162
2022-11-02 09:00:00,36.199954000000005
2022-11-02 10:00:00,40.2065145
2022-11-02 11:00:00,59.171652
2022-11-02 12:00:00,70.989485
2022-11-02 13:00:00,57.53094350000001
2022-11-02 14:00:00,54.207433
2022-11-02 15:00:00,54.144077
2022-11-02 16:00:00,53.022683
2022-11-02 17:00:00,54.1064335
2022-11-02 18:00:00,55.4423195
2022-11-02 19:00:00,52.864801
2022-11-02 20:00:00,55.450595500000006
2022-11-02 21:00:00,57.473113
2022-11-02 22:00:00,60.2470285
2022-11-02 23:00:00,75.882151
2022-11-03 00:00:00,63.538424
2022-11-03 01:00:00,56.027519
2022-11-03 02:00:00,46.6673635
2022-11-03 03:00:00,39.2818685
2022-11-03 04:00:00,36.0853595
2022-11-03 05:00:00,30.6280425
2022-11-03 06:00:00,27.544948
2022-11-03 07:00:00,26.495975
2022-11-03 08:00:00,26.270882
2022-11-03 09:00:00,31.239258
2022-11-03 10:00:00,33.733436
2022-11-03 11:00:00,56.4216805
2022-11-03 12:00:00,66.20999599999999
2022-11-03 13:00:00,50.4016145
2022-11-03 14:00:00,47.4302945
2022-11-03 15:00:00,46.776874
2022-11-03 16:00:00,44.3367955
2022-11-03 17:00:00,43.9178185
2022-11-03 18:00:00,42.5563575
2022-11-03 19:00:00,41.746691
2022-11-03 20:00:00,40.1856235
2022-11-03 21:00:00,41.739231
2022-11-03 22:00:00,50.460047
2022-11-03 23:00:00,60.2093075
2022-11-04 00:00:00,52.636109000000005
2022-11-04 01:00:00,45.0593505
2022-11-04 02:00:00,39.590913
2022-11-04 03:00:00,34.7567715
2022-11-04 04:00:00,32.4240115
2022-11-04 05:00:00,27.0199915
2022-11-04 06:00:00,25.280961
2022-11-04 07:00:00,24.017813500000003
2022-11-04 08:00:00,24.2879005
2022-11-04 09:00:00,26.7781225
2022-11-04 10:00:00,33.0858645
2022-11-04 11:00:00,47.24607
2022-11-04 12:00:00,47.793006
2022-11-04 13:00:00,43.2105965
2022-11-04 14:00:00,41.298651
2022-11-04 15:00:00,40.6490205
2022-11-04 16:00:00,40.095621
2022-11-04 17:00:00,41.6816055
2022-11-04 18:00:00,41.964273
2022-11-04 19:00:00,41.1006365
2022-11-04 20:00:00,41.0511455
2022-11-04 21:00:00,42.4144745
2022-11-04 22:00:00,47.3956845
2022-11-04 23:00:00,53.609782
2022-11-05 00:00:00,46.6393795
2022-11-05 01:00:00,39.9814095
2022-11-05 02:00:00,35.49958650000001
2022-11-05 03:00:00,33.383792
2022-11-05 04:00:00,29.973921500000003
2022-11-05 05:00:00,23.3988935
2022-11-05 06:00:00,20.5300565
2022-11-05 07:00:00,19.5546765
2022-11-05 08:00:00,18.513602
2022-11-05 09:00:00,20.0822615
2022-11-05 10:00:00,20.951576
2022-11-05 11:00:00,27.0732215
2022-11-05 12:00:00,31.1569445
2022-11-05 13:00:00,31.3359845
2022-11-05 14:00:00,32.588746
2022-11-05 15:00:00,29.7081465
2022-11-05 16:00:00,29.178516
2022-11-05 17:00:00,28.877072
2022-11-05 18:00:00,28.898456000000003
2022-11-05 19:00:00,28.6981445
2022-11-05 20:00:00,29.282379
2022-11-05 21:00:00,32.71848
2022-11-05 22:00:00,35.6903905
2022-11-05 23:00:00,46.266004
2022-11-06 00:00:00,41.248805
2022-11-06 01:00:00,38.1578435
2022-11-06 02:00:00,33.0085445
2022-11-06 03:00:00,30.1545385
2022-11-06 04:00:00,25.6331795
2022-11-06 05:00:00,24.1514075
2022-11-06 06:00:00,20.745827
2022-11-06 07:00:00,16.989632
2022-11-06 08:00:00,17.5314035
2022-11-06 09:00:00,16.0482315
2022-11-06 10:00:00,17.495577
2022-11-06 11:00:00,19.3885335
2022-11-06 12:00:00,21.3222225
2022-11-06 13:00:00,23.352947
2022-11-06 14:00:00,28.111014
2022-11-06 15:00:00,32.3666785
2022-11-06 16:00:00,35.606472
2022-11-06 17:00:00,36.222068500000006
2022-11-06 18:00:00,36.6307985
2022-11-06 19:00:00,37.935829
2022-11-06 20:00:00,40.1419265
2022-11-06 21:00:00,43.8293325
2022-11-06 22:00:00,56.951108
2022-11-06 23:00:00,82.7173045
2022-11-07 00:00:00,63.3716375
2022-11-07 01:00:00,57.763819
2022-11-07 02:00:00,50.8795835
2022-11-07 03:00:00,41.175323000000006
2022-11-07 04:00:00,38.861078
2022-11-07 05:00:00,31.031368
2022-11-07 06:00:00,23.2298095
2022-11-07 07:00:00,21.014084
2022-11-07 08:00:00,17.9398045
2022-11-07 09:00:00,18.824188
2022-11-07 10:00:00,22.939584
2022-11-07 11:00:00,34.597361500000005
2022-11-07 12:00:00,47.2702035
2022-11-07 13:00:00,44.5482995
2022-11-07 14:00:00,44.0873375
2022-11-07 15:00:00,48.1881995
2022-11-07 16:00:00,49.587913
2022-11-07 17:00:00,50.0778485
2022-11-07 18:00:00,38.913352
2022-11-07 19:00:00,42.921041
2022-11-07 20:00:00,39.193116
2022-11-07 21:00:00,43.9744125
2022-11-07 22:00:00,52.8075545
2022-11-07 23:00:00,95.5502595
2022-11-08 00:00:00,58.2576345
2022-11-08 01:00:00,47.2343675
2022-11-08 02:00:00,42.156656
2022-11-08 03:00:00,33.7425905
2022-11-08 04:00:00,30.410052
2022-11-08 05:00:00,25.6451175
2022-11-08 06:00:00,23.2477315
2022-11-08 07:00:00,21.703919
2022-11-08 08:00:00,19.993563
2022-11-08 09:00:00,19.93231
2022-11-08 10:00:00,24.291717
2022-11-08 11:00:00,33.203036
2022-11-08 12:00:00,50.261684
2022-11-08 13:00:00,44.708593500000006
2022-11-08 14:00:00,43.003110500000005
2022-11-08 15:00:00,42.327181
2022-11-08 16:00:00,44.131668
2022-11-08 17:00:00,42.0313205
2022-11-08 18:00:00,41.863241
2022-11-08 19:00:00,39.4692405
2022-11-08 20:00:00,40.388669
2022-11-08 21:00:00,42.077223
2022-11-08 22:00:00,51.7388355
2022-11-08 23:00:00,91.4993735
2022-11-09 00:00:00,69.49431
2022-11-09 01:00:00,53.4277845
2022-11-09 02:00:00,45.9016925
2022-11-09 03:00:00,41.2212055
2022-11-09 04:00:00,36.717168
2022-11-09 05:00:00,34.314958000000004
2022-11-09 06:00:00,35.195533999999995
2022-11-09 07:00:00,34.0512425
2022-11-09 08:00:00,33.5902725
2022-11-09 09:00:00,35.058667
2022-11-09 10:00:00,36.001476
2022-11-09 11:00:00,49.1187415
2022-11-09 12:00:00,85.2079315
2022-11-09 13:00:00,84.3685045
2022-11-09 14:00:00,60.4608255
2022-11-09 15:00:00,53.5163055
2022-11-09 16:00:00,51.9836905
2022-11-09 17:00:00,50.970687
2022-11-09 18:00:00,48.058489
2022-11-09 19:00:00,49.4923075
2022-11-09 20:00:00,47.06095500000001
2022-11-09 21:00:00,51.955397
2022-11-09 22:00:00,57.491259
2022-11-09 23:00:00,93.614895
2022-11-10 00:00:00,67.6085195
2022-11-10 01:00:00,59.0725545
2022-11-10 02:00:00,49.303752
2022-11-10 03:00:00,36.568571
2022-11-10 04:00:00,35.130376
2022-11-10 05:00:00,31.3076735
2022-11-10 06:00:00,24.773612
2022-11-10 07:00:00,23.5831245
2022-11-10 08:00:00,22.553348
2022-11-10 09:00:00,23.03464
2022-11-10 10:00:00,25.0133435
2022-11-10 11:00:00,28.4780265
2022-11-10 12:00:00,50.1094075
2022-11-10 13:00:00,41.2500865
2022-11-10 14:00:00,36.3528285
2022-11-10 15:00:00,35.203413
2022-11-10 16:00:00,34.334237
2022-11-10 17:00:00,31.340659
2022-11-10 18:00:00,34.163579
2022-11-10 19:00:00,33.7691155
2022-11-10 20:00:00,33.565095
2022-11-10 21:00:00,33.5510585
2022-11-10 22:00:00,36.9611385
2022-11-10 23:00:00,61.3375335
2022-11-11 00:00:00,45.012473
2022-11-11 01:00:00,36.433890000000005
2022-11-11 02:00:00,32.606305500000005
2022-11-11 03:00:00,30.2631045
2022-11-11 04:00:00,27.303068000000003
2022-11-11 05:00:00,23.0956455
2022-11-11 06:00:00,28.558553000000003
2022-11-11 07:00:00,27.871373
2022-11-11 08:00:00,25.3556215
2022-11-11 09:00:00,26.0860525
2022-11-11 10:00:00,29.0158785
2022-11-11 11:00:00,32.556739
2022-11-11 12:00:00,41.108924
2022-11-11 13:00:00,44.319209
2022-11-11 14:00:00,45.7350895
2022-11-11 15:00:00,50.8161175
2022-11-11 16:00:00,50.9505925
2022-11-11 17:00:00,49.5676915
2022-11-11 18:00:00,49.8548125
2022-11-11 19:00:00,49.490481
2022-11-11 20:00:00,47.686876
2022-11-11 21:00:00,44.4655215
2022-11-11 22:00:00,48.072336
2022-11-11 23:00:00,59.582706
2022-11-12 00:00:00,50.9098825
2022-11-12 01:00:00,45.4141375
2022-11-12 02:00:00,45.3319285
2022-11-12 03:00:00,43.177242500000006
2022-11-12 04:00:00,41.284988
2022-11-12 05:00:00,38.0292985
2022-11-12 06:00:00,38.925728500000005
2022-11-12 07:00:00,36.7363695
2022-11-12 08:00:00,31.354566
2022-11-12 09:00:00,29.8501365
2022-11-12 10:00:00,31.608296000000003
2022-11-12 11:00:00,35.820052000000004
2022-11-12 12:00:00,38.1838415
2022-11-12 13:00:00,38.494608
2022-11-12 14:00:00,38.6806725
2022-11-12 15:00:00,39.769908
2022-11-12 16:00:00,42.870992
2022-11-12 17:00:00,43.233953
2022-11-12 18:00:00,41.39045
2022-11-12 19:00:00,39.01854
2022-11-12 20:00:00,36.890302
2022-11-12 21:00:00,38.891162
2022-11-12 22:00:00,45.736826
2022-11-12 23:00:00,56.8027655
2022-11-13 00:00:00,50.841517
2022-11-13 01:00:00,48.2991465
2022-11-13 02:00:00,48.27306
2022-11-13 03:00:00,41.7114765
2022-11-13 04:00:00,41.836209
2022-11-13 05:00:00,37.080177500000005
2022-11-13 06:00:00,42.036883
2022-11-13 07:00:00,40.8851205
2022-11-13 08:00:00,40.6530465
2022-11-13 09:00:00,40.949205
2022-11-13 10:00:00,40.0849795
2022-11-13 11:00:00,41.506574
2022-11-13 12:00:00,42.8173255
2022-11-13 13:00:00,50.20267
2022-11-13 14:00:00,52.919888
2022-11-13 15:00:00,49.4080315
2022-11-13 16:00:00,53.006006
2022-11-13 17:00:00,48.909656
2022-11-13 18:00:00,46.3823955
2022-11-13 19:00:00,44.684527
2022-11-13 20:00:00,43.1132885
2022-11-13 21:00:00,47.2058145
2022-11-13 22:00:00,68.293571
2022-11-13 23:00:00,100.7789825
2022-11-14 00:00:00,83.421363
2022-11-14 01:00:00,78.2503925
2022-11-14 02:00:00,74.5913805
2022-11-14 03:00:00,65.094488
2022-11-14 04:00:00,60.667104
2022-11-14 05:00:00,55.3404225
2022-11-14 06:00:00,52.5903865
2022-11-14 07:00:00,54.2773525
2022-11-14 08:00:00,51.4989785
2022-11-14 09:00:00,50.821108
2022-11-14 10:00:00,54.9897385
2022-11-14 11:00:00,80.993729
2022-11-14 12:00:00,127.704538
2022-11-14 13:00:00,155.19734699999998
2022-11-14 14:00:00,97.8179995
2022-11-14 15:00:00,74.077248
2022-11-14 16:00:00,73.4117635
2022-11-14 17:00:00,66.645609
2022-11-14 18:00:00,62.3911605
2022-11-14 19:00:00,60.7767915
2022-11-14 20:00:00,61.616757
2022-11-14 21:00:00,62.093803
2022-11-14 22:00:00,88.629789
2022-11-14 23:00:00,141.283306
2022-11-15 00:00:00,109.301404
2022-11-15 01:00:00,94.2447215
2022-11-15 02:00:00,82.081412
2022-11-15 03:00:00,69.964275
2022-11-15 04:00:00,57.312921
2022-11-15 05:00:00,48.61535
2022-11-15 06:00:00,70.3947995
2022-11-15 07:00:00,65.49741399999999
2022-11-15 08:00:00,61.159004
2022-11-15 09:00:00,62.605799000000005
2022-11-15 10:00:00,64.81350599999999
2022-11-15 11:00:00,78.8548295
2022-11-15 12:00:00,114.4669425
2022-11-15 13:00:00,120.1329745
2022-11-15 14:00:00,106.7885975
2022-11-15 15:00:00,103.636898
2022-11-15 16:00:00,100.6957745
2022-11-15 17:00:00,103.04456
2022-11-15 18:00:00,102.217001
2022-11-15 19:00:00,99.910871
2022-11-15 20:00:00,95.177
2022-11-15 21:00:00,95.16758
2022-11-15 22:00:00,105.921702
2022-11-15 23:00:00,146.189685
2022-11-16 00:00:00,111.187911
2022-11-16 01:00:00,103.894408
2022-11-16 02:00:00,95.255201
2022-11-16 03:00:00,90.697155
2022-11-16 04:00:00,80.88091499999999
2022-11-16 05:00:00,69.0056295
2022-11-16 06:00:00,60.7492805
2022-11-16 07:00:00,57.987009
2022-11-16 08:00:00,54.3680995
2022-11-16 09:00:00,54.802646
2022-11-16 10:00:00,59.041288
2022-11-16 11:00:00,62.9207945
2022-11-16 12:00:00,95.4218065
2022-11-16 13:00:00,105.5180835
2022-11-16 14:00:00,87.716451
2022-11-16 15:00:00,82.3335385
2022-11-16 16:00:00,77.5465295
2022-11-16 17:00:00,71.563892
2022-11-16 18:00:00,69.07227850000001
2022-11-16 19:00:00,67.988601
2022-11-16 20:00:00,65.15391149999999
2022-11-16 21:00:00,68.1650595
2022-11-16 22:00:00,83.97317749999999
2022-11-16 23:00:00,118.4748175
2022-11-17 00:00:00,96.433482
2022-11-17 01:00:00,91.851108
2022-11-17 02:00:00,86.2684385
2022-11-17 03:00:00,77.309506
2022-11-17 04:00:00,67.75995950000001
2022-11-17 05:00:00,60.909007
2022-11-17 06:00:00,61.043224
2022-11-17 07:00:00,62.0390905
2022-11-17 08:00:00,59.4730155
2022-11-17 09:00:00,61.8005845
2022-11-17 10:00:00,67.80407199999999
2022-11-17 11:00:00,85.3307005
2022-11-17 12:00:00,129.7650495
2022-11-17 13:00:00,126.263193
2022-11-17 14:00:00,93.4060825
2022-11-17 15:00:00,81.3003655
2022-11-17 16:00:00,76.068629
2022-11-17 17:00:00,72.87172749999999
2022-11-17 18:00:00,67.133715
2022-11-17 19:00:00,65.85114300000001
2022-11-17 20:00:00,66.773167
2022-11-17 21:00:00,69.8862005
2022-11-17 22:00:00,91.0297545
2022-11-17 23:00:00,133.3336475
2022-11-18 00:00:00,109.680856
2022-11-18 01:00:00,100.84002
2022-11-18 02:00:00,88.745052
2022-11-18 03:00:00,80.714761
2022-11-18 04:00:00,72.0743925
2022-11-18 05:00:00,65.73812799999999
2022-11-18 06:00:00,64.0676545
2022-11-18 07:00:00,64.6270835
2022-11-18 08:00:00,63.825851
2022-11-18 09:00:00,65.71189050000001
2022-11-18 10:00:00,73.6938035
2022-11-18 11:00:00,95.4772505
2022-11-18 12:00:00,153.6112875
2022-11-18 13:00:00,138.3428315
2022-11-18 14:00:00,94.112139
2022-11-18 15:00:00,80.0769325
2022-11-18 16:00:00,76.664794
2022-11-18 17:00:00,72.202436
2022-11-18 18:00:00,70.1161915
2022-11-18 19:00:00,68.187085
2022-11-18 20:00:00,66.720116
2022-11-18 21:00:00,71.285869
2022-11-18 22:00:00,88.122604
2022-11-18 23:00:00,123.417716
2022-11-19 00:00:00,87.667013
2022-11-19 01:00:00,83.967705
2022-11-19 02:00:00,77.74908300000001
2022-11-19 03:00:00,73.472444
2022-11-19 04:00:00,70.6372495
2022-11-19 05:00:00,66.1138125
2022-11-19 06:00:00,67.57090500000001
2022-11-19 07:00:00,64.95782249999999
2022-11-19 08:00:00,61.4361085
2022-11-19 09:00:00,63.0153285
2022-11-19 10:00:00,66.754986
2022-11-19 11:00:00,75.29043300000001
2022-11-19 12:00:00,86.41780800000001
2022-11-19 13:00:00,95.1919735
2022-11-19 14:00:00,84.9057165
2022-11-19 15:00:00,67.50490450000001
2022-11-19 16:00:00,65.01900499999999
2022-11-19 17:00:00,60.8447925
2022-11-19 18:00:00,57.9875265
2022-11-19 19:00:00,55.862085
2022-11-19 20:00:00,55.0564895
2022-11-19 21:00:00,58.4466975
2022-11-19 22:00:00,69.09853000000001
2022-11-19 23:00:00,83.401788
2022-11-20 00:00:00,77.91474500000001
2022-11-20 01:00:00,72.86596449999999
2022-11-20 02:00:00,69.27276850000001
2022-11-20 03:00:00,67.84138999999999
2022-11-20 04:00:00,64.4061385
2022-11-20 05:00:00,61.680717
2022-11-20 06:00:00,56.926033
2022-11-20 07:00:00,56.0153825
2022-11-20 08:00:00,56.018219
2022-11-20 09:00:00,56.987364
2022-11-20 10:00:00,57.315765
2022-11-20 11:00:00,62.640306
2022-11-20 12:00:00,71.008561
2022-11-20 13:00:00,74.7977585
2022-11-20 14:00:00,69.8244175
2022-11-20 15:00:00,66.667949
2022-11-20 16:00:00,67.0641565
2022-11-20 17:00:00,61.768082500000006
2022-11-20 18:00:00,58.381358
2022-11-20 19:00:00,58.2921865
2022-11-20 20:00:00,58.1667075
2022-11-20 21:00:00,60.6618175
2022-11-20 22:00:00,76.8436805
2022-11-20 23:00:00,100.8782775
2022-11-21 00:00:00,96.3037475
2022-11-21 01:00:00,87.5495085
2022-11-21 02:00:00,83.6823105
2022-11-21 03:00:00,76.6932995
2022-11-21 04:00:00,73.846554
2022-11-21 05:00:00,69.8756535
2022-11-21 06:00:00,67.17786699999999
2022-11-21 07:00:00,67.951516
2022-11-21 08:00:00,66.00506
2022-11-21 09:00:00,68.640907
2022-11-21 10:00:00,75.77997049999999
2022-11-21 11:00:00,90.512241
2022-11-21 12:00:00,133.527678
2022-11-21 13:00:00,130.431017
2022-11-21 14:00:00,78.8585295
2022-11-21 15:00:00,70.235733
2022-11-21 16:00:00,66.928087
2022-11-21 17:00:00,65.124112
2022-11-21 18:00:00,61.221174000000005
2022-11-21 19:00:00,60.2386155
2022-11-21 20:00:00,59.059044
2022-11-21 21:00:00,66.143202
2022-11-21 22:00:00,76.177041
2022-11-21 23:00:00,100.5438215
2022-11-22 00:00:00,107.7443415
2022-11-22 01:00:00,90.486796
2022-11-22 02:00:00,84.404816
2022-11-22 03:00:00,80.302377
2022-11-22 04:00:00,76.023107
2022-11-22 05:00:00,67.4814835
2022-11-22 06:00:00,67.534122
2022-11-22 07:00:00,69.02646
2022-11-22 08:00:00,67.9202555
2022-11-22 09:00:00,66.9743545
2022-11-22 10:00:00,72.4442905
2022-11-22 11:00:00,83.80299600000001
2022-11-22 12:00:00,118.3402375
2022-11-22 13:00:00,116.812467
2022-11-22 14:00:00,83.824005
2022-11-22 15:00:00,71.58619949999999
2022-11-22 16:00:00,64.8151225
2022-11-22 17:00:00,58.469247
2022-11-22 18:00:00,55.7605635
2022-11-22 19:00:00,55.331066
2022-11-22 20:00:00,54.646301
2022-11-22 21:00:00,55.60242
2022-11-22 22:00:00,63.1610735
2022-11-22 23:00:00,76.1817055
2022-11-23 00:00:00,71.2347025
2022-11-23 01:00:00,65.601981
2022-11-23 02:00:00,61.492103
2022-11-23 03:00:00,57.30143
2022-11-23 04:00:00,52.8933955
2022-11-23 05:00:00,52.3642275
2022-11-23 06:00:00,49.163588
2022-11-23 07:00:00,48.5443495
2022-11-23 08:00:00,48.8432405
2022-11-23 09:00:00,49.6966735
2022-11-23 10:00:00,54.44116150000001
2022-11-23 11:00:00,62.7169265
2022-11-23 12:00:00,78.42285150000001
2022-11-23 13:00:00,86.5479645
2022-11-23 14:00:00,65.56093200000001
2022-11-23 15:00:00,60.8136595
2022-11-23 16:00:00,56.00328
2022-11-23 17:00:00,54.4663715
2022-11-23 18:00:00,50.827674
2022-11-23 19:00:00,49.5516145
2022-11-23 20:00:00,48.043829
2022-11-23 21:00:00,50.4085745
2022-11-23 22:00:00,57.506214
2022-11-23 23:00:00,70.9479815
2022-11-24 00:00:00,63.941685
2022-11-24 01:00:00,60.121975
2022-11-24 02:00:00,60.566315
2022-11-24 03:00:00,55.347724
2022-11-24 04:00:00,51.7250745
2022-11-24 05:00:00,52.233559
2022-11-24 06:00:00,52.597416
2022-11-24 07:00:00,52.085775
2022-11-24 08:00:00,49.8982905
2022-11-24 09:00:00,50.3230375
2022-11-24 10:00:00,51.242948
2022-11-24 11:00:00,54.230504
2022-11-24 12:00:00,57.3624035
2022-11-24 13:00:00,59.783827
2022-11-24 14:00:00,55.5258225
2022-11-24 15:00:00,51.0882015
2022-11-24 16:00:00,50.264165
2022-11-24 17:00:00,49.9814005
2022-11-24 18:00:00,46.6223495
2022-11-24 19:00:00,46.5639325
2022-11-24 20:00:00,44.446775
2022-11-24 21:00:00,46.3688715
2022-11-24 22:00:00,50.148441000000005
2022-11-24 23:00:00,56.5748725
2022-11-25 00:00:00,54.9530405
2022-11-25 01:00:00,52.187535
2022-11-25 02:00:00,49.6911815
2022-11-25 03:00:00,48.008604
2022-11-25 04:00:00,45.299357
2022-11-25 05:00:00,44.7489
2022-11-25 06:00:00,42.889295
2022-11-25 07:00:00,41.429357
2022-11-25 08:00:00,40.5890695
2022-11-25 09:00:00,40.6073385
2022-11-25 10:00:00,42.1927745
2022-11-25 11:00:00,44.17449
2022-11-25 12:00:00,47.053389
2022-11-25 13:00:00,49.62644349999999
2022-11-25 14:00:00,54.3041635
2022-11-25 15:00:00,53.5740665
2022-11-25 16:00:00,56.0346045
2022-11-25 17:00:00,53.3050975
2022-11-25 18:00:00,50.432893
2022-11-25 19:00:00,47.0247915
2022-11-25 20:00:00,46.059364
2022-11-25 21:00:00,46.5151255
2022-11-25 22:00:00,50.575779
2022-11-25 23:00:00,58.926765
2022-11-26 00:00:00,54.9411805
2022-11-26 01:00:00,54.14361
2022-11-26 02:00:00,51.0831065
2022-11-26 03:00:00,49.468456
2022-11-26 04:00:00,49.05043
2022-11-26 05:00:00,47.285682
2022-11-26 06:00:00,46.9622325
2022-11-26 07:00:00,46.165196
2022-11-26 08:00:00,44.646259
2022-11-26 09:00:00,45.589887
2022-11-26 10:00:00,46.208683
2022-11-26 11:00:00,49.634311
2022-11-26 12:00:00,53.0905895
2022-11-26 13:00:00,55.4856955
2022-11-26 14:00:00,53.321959
2022-11-26 15:00:00,48.460284
2022-11-26 16:00:00,46.7183675
2022-11-26 17:00:00,44.481419
2022-11-26 18:00:00,43.663296
2022-11-26 19:00:00,42.783252000000005
2022-11-26 20:00:00,42.2166025
2022-11-26 21:00:00,43.6542195
2022-11-26 22:00:00,48.440249
2022-11-26 23:00:00,55.613994000000005
2022-11-27 00:00:00,54.0651825
2022-11-27 01:00:00,50.818902
2022-11-27 02:00:00,48.3628405
2022-11-27 03:00:00,46.8648135
2022-11-27 04:00:00,46.078811
2022-11-27 05:00:00,44.732771
2022-11-27 06:00:00,46.2988005
2022-11-27 07:00:00,45.891504
2022-11-27 08:00:00,43.572512
2022-11-27 09:00:00,43.1532595
2022-11-27 10:00:00,42.9565065
2022-11-27 11:00:00,44.154698
2022-11-27 12:00:00,42.884513
2022-11-27 13:00:00,43.7119565
2022-11-27 14:00:00,45.6447985
2022-11-27 15:00:00,45.885468
2022-11-27 16:00:00,47.113159
2022-11-27 17:00:00,45.897055
2022-11-27 18:00:00,47.181739
2022-11-27 19:00:00,44.3758765
2022-11-27 20:00:00,43.5913535
2022-11-27 21:00:00,43.662281
2022-11-27 22:00:00,47.850847
2022-11-27 23:00:00,57.6791775
2022-11-28 00:00:00,55.129776
2022-11-28 01:00:00,52.8168465
2022-11-28 02:00:00,50.524703
2022-11-28 03:00:00,47.5074705
2022-11-28 04:00:00,46.1674175
2022-11-28 05:00:00,43.888706
2022-11-28 06:00:00,43.219584
2022-11-28 07:00:00,43.965782
2022-11-28 08:00:00,43.3942995
2022-11-28 09:00:00,44.109503
2022-11-28 10:00:00,45.863099000000005
2022-11-28 11:00:00,51.000318
2022-11-28 12:00:00,64.260081
2022-11-28 13:00:00,73.160597
2022-11-28 14:00:00,64.363557
2022-11-28 15:00:00,60.866158
2022-11-28 16:00:00,60.3535795
2022-11-28 17:00:00,59.274063
2022-11-28 18:00:00,58.9948695
2022-11-28 19:00:00,58.524302000000006
2022-11-28 20:00:00,57.5187835
2022-11-28 21:00:00,59.0568835
2022-11-28 22:00:00,72.171693
2022-11-28 23:00:00,86.39244500000001
2022-11-29 00:00:00,71.4275625
2022-11-29 01:00:00,68.6535215
2022-11-29 02:00:00,62.88885
2022-11-29 03:00:00,56.712984000000006
2022-11-29 04:00:00,51.536553
2022-11-29 05:00:00,48.9780165
2022-11-29 06:00:00,46.221396
2022-11-29 07:00:00,46.2810515
2022-11-29 08:00:00,45.176417
2022-11-29 09:00:00,45.942271
2022-11-29 10:00:00,49.0744565
2022-11-29 11:00:00,56.769388
2022-11-29 12:00:00,80.885065
2022-11-29 13:00:00,83.9620005
2022-11-29 14:00:00,57.1585705
2022-11-29 15:00:00,53.013118000000006
2022-11-29 16:00:00,50.5813355
2022-11-29 17:00:00,48.151299
2022-11-29 18:00:00,48.559873
2022-11-29 19:00:00,46.726304
2022-11-29 20:00:00,46.5137875
2022-11-29 21:00:00,46.423937
2022-11-29 22:00:00,61.060201
2022-11-29 23:00:00,80.8338905
2022-11-30 00:00:00,63.404985
2022-11-30 01:00:00,58.9885775
2022-11-30 02:00:00,54.1384915
2022-11-30 03:00:00,48.561521
2022-11-30 04:00:00,44.506933
2022-11-30 05:00:00,41.915251
2022-11-30 06:00:00,40.4106645
2022-11-30 07:00:00,38.974832500000005
2022-11-30 08:00:00,37.7645855
2022-11-30 09:00:00,38.3132655
2022-11-30 10:00:00,40.2144935
2022-11-30 11:00:00,44.2833685
2022-11-30 12:00:00,54.2604145
2022-11-30 13:00:00,64.2553915
2022-11-30 14:00:00,58.85996
2022-11-30 15:00:00,59.307111
2022-11-30 16:00:00,62.052196
2022-11-30 17:00:00,59.119891
2022-11-30 18:00:00,58.4542745
2022-11-30 19:00:00,58.1000545
2022-11-30 20:00:00,55.131983
2022-11-30 21:00:00,55.193372
2022-11-30 22:00:00,63.836638
2022-11-30 23:00:00,83.9411935
2022-12-01 00:00:00,71.91655349999999
2022-12-01 01:00:00,67.07534799999999
2022-12-01 02:00:00,67.853496
2022-12-01 03:00:00,66.079588
2022-12-01 04:00:00,59.9918265
2022-12-01 05:00:00,52.584673
2022-12-01 06:00:00,53.4188485
2022-12-01 07:00:00,53.182093
2022-12-01 08:00:00,52.7082585
2022-12-01 09:00:00,55.0865325
2022-12-01 10:00:00,58.0725285
2022-12-01 11:00:00,66.955478
2022-12-01 12:00:00,87.5782825
2022-12-01 13:00:00,108.522689
2022-12-01 14:00:00,75.4138495
2022-12-01 15:00:00,65.511409
2022-12-01 16:00:00,64.8208005
2022-12-01 17:00:00,63.4769785
2022-12-01 18:00:00,60.6108585
2022-12-01 19:00:00,58.874653
2022-12-01 20:00:00,57.273894
2022-12-01 21:00:00,58.646015000000006
2022-12-01 22:00:00,72.9507475
2022-12-01 23:00:00,109.50261
2022-12-02 00:00:00,86.0324765
2022-12-02 01:00:00,73.7664625
2022-12-02 02:00:00,72.259636
2022-12-02 03:00:00,66.315327
2022-12-02 04:00:00,61.746009
2022-12-02 05:00:00,58.3425625
2022-12-02 06:00:00,57.679779
2022-12-02 07:00:00,56.395502
2022-12-02 08:00:00,53.48086
2022-12-02 09:00:00,53.9892595
2022-12-02 10:00:00,55.6127765
2022-12-02 11:00:00,71.10251
2022-12-02 12:00:00,102.0290795
2022-12-02 13:00:00,108.873058
2022-12-02 14:00:00,75.722385
2022-12-02 15:00:00,61.021479
2022-12-02 16:00:00,52.204045
2022-12-02 17:00:00,49.0687915
2022-12-02 18:00:00,46.478168
2022-12-02 19:00:00,45.883457500000006
2022-12-02 20:00:00,45.3731995
2022-12-02 21:00:00,44.664465
2022-12-02 22:00:00,51.4471755
2022-12-02 23:00:00,63.272219
2022-12-03 00:00:00,61.642563
2022-12-03 01:00:00,55.316285
2022-12-03 02:00:00,51.553613
2022-12-03 03:00:00,46.526202
2022-12-03 04:00:00,44.648201
2022-12-03 05:00:00,41.759032000000005
2022-12-03 06:00:00,41.309611
2022-12-03 07:00:00,39.273393
2022-12-03 08:00:00,38.52425100000001
2022-12-03 09:00:00,36.486214
2022-12-03 10:00:00,38.6992245
2022-12-03 11:00:00,40.2763655
2022-12-03 12:00:00,43.1035795
2022-12-03 13:00:00,45.531364
2022-12-03 14:00:00,47.1065515
2022-12-03 15:00:00,49.752122
2022-12-03 16:00:00,45.0121535
2022-12-03 17:00:00,43.364117500000006
2022-12-03 18:00:00,42.054167500000005
2022-12-03 19:00:00,41.645792
2022-12-03 20:00:00,40.2207225
2022-12-03 21:00:00,40.9566565
2022-12-03 22:00:00,48.896294
2022-12-03 23:00:00,66.636798
2022-12-04 00:00:00,54.8753495
2022-12-04 01:00:00,50.969022
2022-12-04 02:00:00,50.300878
2022-12-04 03:00:00,49.206761
2022-12-04 04:00:00,46.9730035
2022-12-04 05:00:00,44.215527
2022-12-04 06:00:00,46.0558425
2022-12-04 07:00:00,45.8197105
2022-12-04 08:00:00,46.229215
2022-12-04 09:00:00,46.359418
2022-12-04 10:00:00,46.26964
2022-12-04 11:00:00,48.6557575
2022-12-04 12:00:00,54.5883195
2022-12-04 13:00:00,55.026892
2022-12-04 14:00:00,49.5008925
2022-12-04 15:00:00,46.9440985
2022-12-04 16:00:00,43.5257865
2022-12-04 17:00:00,42.4031555
2022-12-04 18:00:00,44.4680455
2022-12-04 19:00:00,43.2502055
2022-12-04 20:00:00,42.763657
2022-12-04 21:00:00,43.6036485
2022-12-04 22:00:00,54.4177145
2022-12-04 23:00:00,77.532357
2022-12-05 00:00:00,66.543489
2022-12-05 01:00:00,62.706915
2022-12-05 02:00:00,60.358307
2022-12-05 03:00:00,56.476309
2022-12-05 04:00:00,48.30095
2022-12-05 05:00:00,50.866628
2022-12-05 06:00:00,50.488877
2022-12-05 07:00:00,50.29614
2022-12-05 08:00:00,49.657837
2022-12-05 09:00:00,50.782126
2022-12-05 10:00:00,54.36881
2022-12-05 11:00:00,64.84018449999999
2022-12-05 12:00:00,98.3550185
2022-12-05 13:00:00,97.6825295
2022-12-05 14:00:00,68.158769
2022-12-05 15:00:00,59.882393
2022-12-05 16:00:00,56.4664165
2022-12-05 17:00:00,54.674887
2022-12-05 18:00:00,50.574353
2022-12-05 19:00:00,52.759249
2022-12-05 20:00:00,52.447561500000006
2022-12-05 21:00:00,55.4109485
2022-12-05 22:00:00,63.2070755
2022-12-05 23:00:00,86.67638149999999
2022-12-06 00:00:00,66.01684399999999
2022-12-06 01:00:00,57.3157255
2022-12-06 02:00:00,56.7571815
2022-12-06 03:00:00,48.9931565
2022-12-06 04:00:00,43.8499695
2022-12-06 05:00:00,44.482574
2022-12-06 06:00:00,50.277887
2022-12-06 07:00:00,48.992047
2022-12-06 08:00:00,47.038852
2022-12-06 09:00:00,46.1759935
2022-12-06 10:00:00,46.8639455
2022-12-06 11:00:00,50.7608005
2022-12-06 12:00:00,62.953696
2022-12-06 13:00:00,67.8002985
2022-12-06 14:00:00,64.3129155
2022-12-06 15:00:00,65.1702085
2022-12-06 16:00:00,58.8819755
2022-12-06 17:00:00,56.7513315
2022-12-06 18:00:00,56.0400205
2022-12-06 19:00:00,54.667163
2022-12-06 20:00:00,50.234878
2022-12-06 21:00:00,52.8483065
2022-12-06 22:00:00,60.821561
2022-12-06 23:00:00,68.3537825
2022-12-07 00:00:00,62.7969
2022-12-07 01:00:00,60.5518215
2022-12-07 02:00:00,52.4299355
2022-12-07 03:00:00,49.021814
2022-12-07 04:00:00,43.5304725
2022-12-07 05:00:00,38.012484
2022-12-07 06:00:00,38.7201595
2022-12-07 07:00:00,36.6762705
2022-12-07 08:00:00,35.38914
2022-12-07 09:00:00,35.5172695
2022-12-07 10:00:00,35.858239
2022-12-07 11:00:00,38.63983
2022-12-07 12:00:00,48.377893
2022-12-07 13:00:00,58.0215465
2022-12-07 14:00:00,58.6985195
2022-12-07 15:00:00,56.760774
2022-12-07 16:00:00,58.129928
2022-12-07 17:00:00,55.8035165
2022-12-07 18:00:00,54.985909500000005
2022-12-07 19:00:00,52.2604695
2022-12-07 20:00:00,48.66201
2022-12-07 21:00:00,50.271968
2022-12-07 22:00:00,57.7058225
2022-12-07 23:00:00,65.5279465
2022-12-08 00:00:00,59.008507
2022-12-08 01:00:00,56.3858575
2022-12-08 02:00:00,51.4075265
2022-12-08 03:00:00,45.010765500000005
2022-12-08 04:00:00,41.1742785
2022-12-08 05:00:00,36.791897000000006
2022-12-08 06:00:00,38.382499
2022-12-08 07:00:00,36.9751215
2022-12-08 08:00:00,34.9335045
2022-12-08 09:00:00,34.996797
2022-12-08 10:00:00,36.4660415
2022-12-08 11:00:00,39.19337
2022-12-08 12:00:00,48.811308
2022-12-08 13:00:00,60.973051
2022-12-08 14:00:00,58.337222
2022-12-08 15:00:00,55.1449085
2022-12-08 16:00:00,56.2928065
2022-12-08 17:00:00,54.125492
2022-12-08 18:00:00,53.216329
2022-12-08 19:00:00,52.5762115
2022-12-08 20:00:00,50.885298000000006
2022-12-08 21:00:00,54.1212615
2022-12-08 22:00:00,61.5215705
2022-12-08 23:00:00,77.0129845
2022-12-09 00:00:00,67.265042
2022-12-09 01:00:00,62.7010545
2022-12-09 02:00:00,57.6485555
2022-12-09 03:00:00,49.803467
2022-12-09 04:00:00,44.5735125
2022-12-09 05:00:00,41.550732
2022-12-09 06:00:00,41.220735
2022-12-09 07:00:00,39.8284875
2022-12-09 08:00:00,38.484879500000005
2022-12-09 09:00:00,39.107666
2022-12-09 10:00:00,41.31884
2022-12-09 11:00:00,46.21838
2022-12-09 12:00:00,57.541982
2022-12-09 13:00:00,67.407826
2022-12-09 14:00:00,59.4928845
2022-12-09 15:00:00,57.1352055
2022-12-09 16:00:00,53.984517
2022-12-09 17:00:00,53.945803
2022-12-09 18:00:00,52.6043275
2022-12-09 19:00:00,53.1363225
2022-12-09 20:00:00,52.128485
2022-12-09 21:00:00,55.6839625
2022-12-09 22:00:00,66.75332
2022-12-09 23:00:00,82.32593750000001
2022-12-10 00:00:00,70.3665695
2022-12-10 01:00:00,66.80310850000001
2022-12-10 02:00:00,62.576704
2022-12-10 03:00:00,58.0729715
2022-12-10 04:00:00,51.2429465
2022-12-10 05:00:00,47.71124
2022-12-10 06:00:00,47.284429
2022-12-10 07:00:00,46.743683
2022-12-10 08:00:00,45.419423
2022-12-10 09:00:00,45.17796
2022-12-10 10:00:00,46.8397055
2022-12-10 11:00:00,47.1934635
2022-12-10 12:00:00,52.3342185
2022-12-10 13:00:00,59.087129
2022-12-10 14:00:00,58.8131645
2022-12-10 15:00:00,59.4583895
2022-12-10 16:00:00,55.573741
2022-12-10 17:00:00,53.743613
2022-12-10 18:00:00,51.350017
2022-12-10 19:00:00,51.2049045
2022-12-10 20:00:00,50.619582
2022-12-10 21:00:00,51.8053965
2022-12-10 22:00:00,64.6739
2022-12-10 23:00:00,75.4694155
2022-12-11 00:00:00,64.921607
2022-12-11 01:00:00,61.792227
2022-12-11 02:00:00,57.243584
2022-12-11 03:00:00,54.20664
2022-12-11 04:00:00,49.095253
2022-12-11 05:00:00,48.9157115
2022-12-11 06:00:00,46.8454655
2022-12-11 07:00:00,45.906309500000006
2022-12-11 08:00:00,43.8100195
2022-12-11 09:00:00,42.970169
2022-12-11 10:00:00,43.529081000000005
2022-12-11 11:00:00,44.835622
2022-12-11 12:00:00,46.3968955
2022-12-11 13:00:00,48.5304165
2022-12-11 14:00:00,50.8988795
2022-12-11 15:00:00,54.66867
2022-12-11 16:00:00,56.464287
2022-12-11 17:00:00,54.971364
2022-12-11 18:00:00,51.611606
2022-12-11 19:00:00,50.266534
2022-12-11 20:00:00,49.7251915
2022-12-11 21:00:00,50.882582
2022-12-11 22:00:00,61.4689515
2022-12-11 23:00:00,75.832153
2022-12-12 00:00:00,64.9751795
2022-12-12 01:00:00,64.0992455
2022-12-12 02:00:00,60.054460000000006
2022-12-12 03:00:00,57.2693
2022-12-12 04:00:00,51.587465
2022-12-12 05:00:00,48.113048
2022-12-12 06:00:00,47.207548
2022-12-12 07:00:00,46.722067
2022-12-12 08:00:00,45.7381135
2022-12-12 09:00:00,47.5406975
2022-12-12 10:00:00,50.294297
2022-12-12 11:00:00,56.3700005
2022-12-12 12:00:00,77.0387725
2022-12-12 13:00:00,89.9677795
2022-12-12 14:00:00,71.435731
2022-12-12 15:00:00,64.3432375
2022-12-12 16:00:00,63.791513
2022-12-12 17:00:00,64.167091
2022-12-12 18:00:00,60.865958500000005
2022-12-12 19:00:00,60.5602945
2022-12-12 20:00:00,59.431607
2022-12-12 21:00:00,61.6498535
2022-12-12 22:00:00,76.6050635
2022-12-12 23:00:00,107.402698
2022-12-13 00:00:00,80.523221
2022-12-13 01:00:00,74.42945850000001
2022-12-13 02:00:00,71.3569145
2022-12-13 03:00:00,64.178606
2022-12-13 04:00:00,58.533258
2022-12-13 05:00:00,59.406655
2022-12-13 06:00:00,70.753556
2022-12-13 07:00:00,69.568802
2022-12-13 08:00:00,67.41736750000001
2022-12-13 09:00:00,68.278956
2022-12-13 10:00:00,73.27873149999999
2022-12-13 11:00:00,85.573284
2022-12-13 12:00:00,122.644385
2022-12-13 13:00:00,130.4714095
2022-12-13 14:00:00,89.672429
2022-12-13 15:00:00,73.63421199999999
2022-12-13 16:00:00,71.09554499999999
2022-12-13 17:00:00,70.213874
2022-12-13 18:00:00,68.6310905
2022-12-13 19:00:00,66.26598200000001
2022-12-13 20:00:00,65.33224
2022-12-13 21:00:00,68.876451
2022-12-13 22:00:00,83.893079
2022-12-13 23:00:00,126.9097745
2022-12-14 00:00:00,115.5633685
2022-12-14 01:00:00,95.623682
2022-12-14 02:00:00,88.446154
2022-12-14 03:00:00,83.635444
2022-12-14 04:00:00,81.64361650000001
2022-12-14 05:00:00,74.2968645
2022-12-14 06:00:00,82.79599350000001
2022-12-14 07:00:00,76.6874125
2022-12-14 08:00:00,74.8412075
2022-12-14 09:00:00,76.702348
2022-12-14 10:00:00,79.82724049999999
2022-12-14 11:00:00,95.576847
2022-12-14 12:00:00,139.215657
2022-12-14 13:00:00,140.410245
2022-12-14 14:00:00,92.6117585
2022-12-14 15:00:00,88.337445
2022-12-14 16:00:00,87.1039925
2022-12-14 17:00:00,80.874123
2022-12-14 18:00:00,78.84729949999999
2022-12-14 19:00:00,79.49974499999999
2022-12-14 20:00:00,79.608454
2022-12-14 21:00:00,81.41352549999999
2022-12-14 22:00:00,96.791504
2022-12-14 23:00:00,131.137986
2022-12-15 00:00:00,111.162309
2022-12-15 01:00:00,102.410068
2022-12-15 02:00:00,91.156869
2022-12-15 03:00:00,86.9768435
2022-12-15 04:00:00,76.8779475
2022-12-15 05:00:00,71.9671975
2022-12-15 06:00:00,77.2762025
2022-12-15 07:00:00,75.4358595
2022-12-15 08:00:00,74.5161615
2022-12-15 09:00:00,74.61544
2022-12-15 10:00:00,75.7406505
2022-12-15 11:00:00,79.57878
2022-12-15 12:00:00,102.344795
2022-12-15 13:00:00,107.658199
2022-12-15 14:00:00,100.014242
2022-12-15 15:00:00,94.314305
2022-12-15 16:00:00,85.8472395
2022-12-15 17:00:00,80.743016
2022-12-15 18:00:00,79.15535
2022-12-15 19:00:00,76.91447600000001
2022-12-15 20:00:00,75.763943
2022-12-15 21:00:00,77.14996450000001
2022-12-15 22:00:00,91.6570185
2022-12-15 23:00:00,108.682503
2022-12-16 00:00:00,96.635415
2022-12-16 01:00:00,84.8740315
2022-12-16 02:00:00,79.4116085
2022-12-16 03:00:00,70.0814335
2022-12-16 04:00:00,65.041507
2022-12-16 05:00:00,60.816724
2022-12-16 06:00:00,61.1160975
2022-12-16 07:00:00,59.545076
2022-12-16 08:00:00,58.74268
2022-12-16 09:00:00,59.568304
2022-12-16 10:00:00,64.3521565
2022-12-16 11:00:00,71.2272485
2022-12-16 12:00:00,87.165948
2022-12-16 13:00:00,99.0281255
2022-12-16 14:00:00,88.5878765
2022-12-16 15:00:00,76.541114
2022-12-16 16:00:00,74.754699
2022-12-16 17:00:00,70.1938785
2022-12-16 18:00:00,68.8925295
2022-12-16 19:00:00,69.196695
2022-12-16 20:00:00,68.3626575
2022-12-16 21:00:00,69.19269800000001
2022-12-16 22:00:00,77.459524
2022-12-16 23:00:00,97.3603165
2022-12-17 00:00:00,89.793691
2022-12-17 01:00:00,86.814356
2022-12-17 02:00:00,79.833213
2022-12-17 03:00:00,72.678844
2022-12-17 04:00:00,68.9596295
2022-12-17 05:00:00,65.3452905
2022-12-17 06:00:00,64.782932
2022-12-17 07:00:00,63.2110105
2022-12-17 08:00:00,60.408162
2022-12-17 09:00:00,60.335078
2022-12-17 10:00:00,62.130503
2022-12-17 11:00:00,65.3211845
2022-12-17 12:00:00,59.4616975
2022-12-17 13:00:00,65.9611755
2022-12-17 14:00:00,64.4342065
2022-12-17 15:00:00,63.529206
2022-12-17 16:00:00,75.613669
2022-12-17 17:00:00,73.9995395
2022-12-17 18:00:00,66.7590445
2022-12-17 19:00:00,67.468762
2022-12-17 20:00:00,67.3240825
2022-12-17 21:00:00,69.5167175
2022-12-17 22:00:00,94.5905445
2022-12-17 23:00:00,109.82796
2022-12-18 00:00:00,92.740757
2022-12-18 01:00:00,92.3243985
2022-12-18 02:00:00,90.801289
2022-12-18 03:00:00,89.693238
2022-12-18 04:00:00,83.2632295
2022-12-18 05:00:00,81.445126
2022-12-18 06:00:00,66.0683205
2022-12-18 07:00:00,66.539856
2022-12-18 08:00:00,65.4151695
2022-12-18 09:00:00,64.890667
2022-12-18 10:00:00,66.12847
2022-12-18 11:00:00,67.458245
2022-12-18 12:00:00,74.9974
2022-12-18 13:00:00,81.7817675
2022-12-18 14:00:00,75.06195149999999
2022-12-18 15:00:00,66.61652000000001
2022-12-18 16:00:00,70.438706
2022-12-18 17:00:00,67.8463145
2022-12-18 18:00:00,67.2326475
2022-12-18 19:00:00,66.915485
2022-12-18 20:00:00,66.269202
2022-12-18 21:00:00,70.24976749999999
2022-12-18 22:00:00,88.48751999999999
2022-12-18 23:00:00,117.69111
2022-12-19 00:00:00,100.2380485
2022-12-19 01:00:00,95.6110515
2022-12-19 02:00:00,95.7443345
2022-12-19 03:00:00,91.538165
2022-12-19 04:00:00,81.8774385
2022-12-19 05:00:00,75.94547349999999
2022-12-19 06:00:00,78.3204465
2022-12-19 07:00:00,80.5529665
2022-12-19 08:00:00,72.534678
2022-12-19 09:00:00,76.822638
2022-12-19 10:00:00,79.36801750000001
2022-12-19 11:00:00,85.939029
2022-12-19 12:00:00,121.1701005
2022-12-19 13:00:00,162.353139
2022-12-19 14:00:00,108.400975
2022-12-19 15:00:00,95.2492465
2022-12-19 16:00:00,91.734713
2022-12-19 17:00:00,87.280689
2022-12-19 18:00:00,84.66998050000001
2022-12-19 19:00:00,84.336122
2022-12-19 20:00:00,83.9372385
2022-12-19 21:00:00,88.24407049999999
2022-12-19 22:00:00,108.541753
2022-12-19 23:00:00,144.6904765
2022-12-20 00:00:00,116.8603165
2022-12-20 01:00:00,111.7503495
2022-12-20 02:00:00,102.7629305
2022-12-20 03:00:00,93.9179905
2022-12-20 04:00:00,89.03034099999999
2022-12-20 05:00:00,80.7074045
2022-12-20 06:00:00,88.9840615
2022-12-20 07:00:00,83.1137075
2022-12-20 08:00:00,81.726281
2022-12-20 09:00:00,83.0791735
2022-12-20 10:00:00,90.191368
2022-12-20 11:00:00,101.8998855
2022-12-20 12:00:00,128.3123105
2022-12-20 13:00:00,157.5096115
2022-12-20 14:00:00,110.774006
2022-12-20 15:00:00,97.2969065
2022-12-20 16:00:00,80.4374465
2022-12-20 17:00:00,76.06232299999999
2022-12-20 18:00:00,72.01687799999999
2022-12-20 19:00:00,69.777931
2022-12-20 20:00:00,68.7457435
2022-12-20 21:00:00,72.2241415
2022-12-20 22:00:00,87.6996035
2022-12-20 23:00:00,125.2928605
2022-12-21 00:00:00,106.860013
2022-12-21 01:00:00,107.778834
2022-12-21 02:00:00,99.0365045
2022-12-21 03:00:00,92.940843
2022-12-21 04:00:00,83.044428
2022-12-21 05:00:00,77.263498
2022-12-21 06:00:00,69.42588549999999
2022-12-21 07:00:00,68.2545935
2022-12-21 08:00:00,67.1681135
2022-12-21 09:00:00,68.12560450000001
2022-12-21 10:00:00,71.1647215
2022-12-21 11:00:00,72.0495205
2022-12-21 12:00:00,96.403371
2022-12-21 13:00:00,118.063936
2022-12-21 14:00:00,84.90056799999999
2022-12-21 15:00:00,72.67863399999999
2022-12-21 16:00:00,65.9876615
2022-12-21 17:00:00,62.652728
2022-12-21 18:00:00,61.7587345
2022-12-21 19:00:00,59.8117785
2022-12-21 20:00:00,57.783653
2022-12-21 21:00:00,59.27937
2022-12-21 22:00:00,65.493276
2022-12-21 23:00:00,85.043969
2022-12-22 00:00:00,74.232779
2022-12-22 01:00:00,71.2081615
2022-12-22 02:00:00,67.0624195
2022-12-22 03:00:00,63.2490865
2022-12-22 04:00:00,57.442131
2022-12-22 05:00:00,55.0811475
2022-12-22 06:00:00,53.7206135
2022-12-22 07:00:00,53.3454245
2022-12-22 08:00:00,51.895431
2022-12-22 09:00:00,50.992556
2022-12-22 10:00:00,53.558727000000005
2022-12-22 11:00:00,57.2461515
2022-12-22 12:00:00,65.7310865
2022-12-22 13:00:00,74.0227255
2022-12-22 14:00:00,71.7899275
2022-12-22 15:00:00,72.56750550000001
2022-12-22 16:00:00,73.0276235
2022-12-22 17:00:00,71.0605235
2022-12-22 18:00:00,67.8653905
2022-12-22 19:00:00,66.206998
2022-12-22 20:00:00,63.1688455
2022-12-22 21:00:00,61.1207455
2022-12-22 22:00:00,64.5222605
2022-12-22 23:00:00,73.90163150000001
2022-12-23 00:00:00,66.3758125
2022-12-23 01:00:00,61.1503795
2022-12-23 02:00:00,56.451951
2022-12-23 03:00:00,53.5153065
2022-12-23 04:00:00,50.804167500000005
2022-12-23 05:00:00,44.9229785
2022-12-23 06:00:00,40.723974
2022-12-23 07:00:00,40.6436595
2022-12-23 08:00:00,40.266449
2022-12-23 09:00:00,40.5839785
2022-12-23 10:00:00,43.466272
2022-12-23 11:00:00,49.5351115
2022-12-23 12:00:00,58.345535
2022-12-23 13:00:00,73.793898
2022-12-23 14:00:00,73.615055
2022-12-23 15:00:00,73.918509
2022-12-23 16:00:00,132.8149415
2022-12-23 17:00:00,144.77628099999998
2022-12-23 18:00:00,121.484416
2022-12-23 19:00:00,139.595614
2022-12-23 20:00:00,145.7003805
2022-12-23 21:00:00,162.17492
2022-12-23 22:00:00,187.823559
2022-12-23 23:00:00,227.316995
2022-12-24 00:00:00,230.74223
2022-12-24 01:00:00,229.256794
2022-12-24 02:00:00,216.9603805
2022-12-24 03:00:00,211.6991615
2022-12-24 04:00:00,212.175171
2022-12-24 05:00:00,245.8072775
2022-12-24 06:00:00,265.8729015
2022-12-24 07:00:00,259.02358
2022-12-24 08:00:00,229.223995
2022-12-24 09:00:00,226.8831205
2022-12-24 10:00:00,231.5004955
2022-12-24 11:00:00,246.4889325
2022-12-24 12:00:00,262.310318
2022-12-24 13:00:00,241.293556
2022-12-24 14:00:00,252.1580165
2022-12-24 15:00:00,238.93891
2022-12-24 16:00:00,216.742101
2022-12-24 17:00:00,183.268437
2022-12-24 18:00:00,168.419289
2022-12-24 19:00:00,157.5584945
2022-12-24 20:00:00,155.81896999999998
2022-12-24 21:00:00,159.0006805
2022-12-24 22:00:00,192.25187
2022-12-24 23:00:00,237.2618955
2022-12-25 00:00:00,227.6821115
2022-12-25 01:00:00,218.8686525
2022-12-25 02:00:00,202.191153
2022-12-25 03:00:00,188.2193905
2022-12-25 04:00:00,181.8667985
2022-12-25 05:00:00,202.7269655
2022-12-25 06:00:00,389.431974
2022-12-25 07:00:00,343.63572150000005
2022-12-25 08:00:00,334.1939305
2022-12-25 09:00:00,341.1032735
2022-12-25 10:00:00,350.0971705
2022-12-25 11:00:00,350.4053875
2022-12-25 12:00:00,400.677303
2022-12-25 13:00:00,441.948214
2022-12-25 14:00:00,450.956346
2022-12-25 15:00:00,411.6412445
2022-12-25 16:00:00,341.0423155
2022-12-25 17:00:00,324.68033849999995
2022-12-25 18:00:00,299.1670125
2022-12-25 19:00:00,297.2555065
2022-12-25 20:00:00,288.0698475
2022-12-25 21:00:00,298.1081805
2022-12-25 22:00:00,323.42577700000004
2022-12-25 23:00:00,480.8791745
2022-12-26 00:00:00,424.2084305
2022-12-26 01:00:00,427.7091935
2022-12-26 02:00:00,399.1905815
2022-12-26 03:00:00,459.4637255
2022-12-26 04:00:00,372.8205805
2022-12-26 05:00:00,349.29777950000005
2022-12-26 06:00:00,236.2936505
2022-12-26 07:00:00,247.2953795
2022-12-26 08:00:00,226.9024905
2022-12-26 09:00:00,251.3685345
2022-12-26 10:00:00,273.949726
2022-12-26 11:00:00,288.4677465
2022-12-26 12:00:00,328.4685525
2022-12-26 13:00:00,411.0465425
2022-12-26 14:00:00,338.9647415
2022-12-26 15:00:00,316.420984
2022-12-26 16:00:00,264.6489755
2022-12-26 17:00:00,231.6121935
2022-12-26 18:00:00,215.145306
2022-12-26 19:00:00,214.2550655
2022-12-26 20:00:00,206.719328
2022-12-26 21:00:00,214.753844
2022-12-26 22:00:00,240.920446
2022-12-26 23:00:00,323.371767
2022-12-27 00:00:00,332.7110365
2022-12-27 01:00:00,317.28116550000004
2022-12-27 02:00:00,296.836272
2022-12-27 03:00:00,227.77543
2022-12-27 04:00:00,217.9101265
2022-12-27 05:00:00,202.733545
2022-12-27 06:00:00,198.3442305
2022-12-27 07:00:00,183.6773785
2022-12-27 08:00:00,175.9531265
2022-12-27 09:00:00,187.1448725
2022-12-27 10:00:00,193.798952
2022-12-27 11:00:00,210.561484
2022-12-27 12:00:00,243.4164545
2022-12-27 13:00:00,319.687833
2022-12-27 14:00:00,242.0361425
2022-12-27 15:00:00,214.844352
2022-12-27 16:00:00,182.8896205
2022-12-27 17:00:00,174.441963
2022-12-27 18:00:00,170.274052
2022-12-27 19:00:00,161.1456205
2022-12-27 20:00:00,151.9642035
2022-12-27 21:00:00,155.752367
2022-12-27 22:00:00,196.461662
2022-12-27 23:00:00,240.748071
2022-12-28 00:00:00,212.0757145
2022-12-28 01:00:00,218.6750845
2022-12-28 02:00:00,209.7981825
2022-12-28 03:00:00,189.009476
2022-12-28 04:00:00,201.534918
2022-12-28 05:00:00,162.5728885
2022-12-28 06:00:00,84.8960165
2022-12-28 07:00:00,84.97267450000001
2022-12-28 08:00:00,83.829552
2022-12-28 09:00:00,82.79370499999999
2022-12-28 10:00:00,90.2034025
2022-12-28 11:00:00,101.2403255
2022-12-28 12:00:00,127.0123215
2022-12-28 13:00:00,182.675774
2022-12-28 14:00:00,125.8664405
2022-12-28 15:00:00,102.280751
2022-12-28 16:00:00,69.5510105
2022-12-28 17:00:00,65.23622850000001
2022-12-28 18:00:00,62.3144575
2022-12-28 19:00:00,58.3992315
2022-12-28 20:00:00,56.722682500000005
2022-12-28 21:00:00,57.5548755
2022-12-28 22:00:00,63.48546
2022-12-28 23:00:00,79.898176
2022-12-29 00:00:00,78.58546000000001
2022-12-29 01:00:00,75.313273
2022-12-29 02:00:00,70.875755
2022-12-29 03:00:00,70.3004445
2022-12-29 04:00:00,63.9305925
2022-12-29 05:00:00,59.051164
2022-12-29 06:00:00,50.1302015
2022-12-29 07:00:00,46.586573
2022-12-29 08:00:00,45.8007125
2022-12-29 09:00:00,47.0739035
2022-12-29 10:00:00,51.852776000000006
2022-12-29 11:00:00,56.737519
2022-12-29 12:00:00,67.7681535
2022-12-29 13:00:00,70.058392
2022-12-29 14:00:00,62.385028
2022-12-29 15:00:00,55.3246995
2022-12-29 16:00:00,45.623842
2022-12-29 17:00:00,42.969388
2022-12-29 18:00:00,42.6416415
2022-12-29 19:00:00,41.989067
2022-12-29 20:00:00,41.426781
2022-12-29 21:00:00,42.8845485
2022-12-29 22:00:00,47.566447
2022-12-29 23:00:00,57.527387
2022-12-30 00:00:00,55.8798345
2022-12-30 01:00:00,54.9098975
2022-12-30 02:00:00,50.775057
2022-12-30 03:00:00,44.154719
2022-12-30 04:00:00,40.7739795
2022-12-30 05:00:00,39.7378595
2022-12-30 06:00:00,37.3086315
2022-12-30 07:00:00,36.6426625
2022-12-30 08:00:00,36.338102500000005
2022-12-30 09:00:00,36.39782
2022-12-30 10:00:00,37.6893855
2022-12-30 11:00:00,38.8871575
2022-12-30 12:00:00,48.333497
2022-12-30 13:00:00,50.1175065
2022-12-30 14:00:00,49.6443245
2022-12-30 15:00:00,45.88011349999999
2022-12-30 16:00:00,41.444479
2022-12-30 17:00:00,38.6697765
2022-12-30 18:00:00,38.149611500000006
2022-12-30 19:00:00,38.2069175
2022-12-30 20:00:00,38.0573965
2022-12-30 21:00:00,38.2569755
2022-12-30 22:00:00,46.2617805
2022-12-30 23:00:00,51.7198805
2022-12-31 00:00:00,51.5320835
2022-12-31 01:00:00,51.1052385
2022-12-31 02:00:00,43.8958145
2022-12-31 03:00:00,39.3366355
2022-12-31 04:00:00,39.2357615
2022-12-31 05:00:00,35.0438535
2022-12-31 06:00:00,31.0308195
2022-12-31 07:00:00,29.312155
2022-12-31 08:00:00,28.2983775
2022-12-31 09:00:00,28.034367000000003
2022-12-31 10:00:00,27.899906
2022-12-31 11:00:00,28.0648195
2022-12-31 12:00:00,31.4478385
2022-12-31 13:00:00,31.825041
2022-12-31 14:00:00,35.4259465
2022-12-31 15:00:00,38.2459935
2022-12-31 16:00:00,38.328968
2022-12-31 17:00:00,37.7041465
2022-12-31 18:00:00,35.668985
2022-12-31 19:00:00,34.1568045
2022-12-31 20:00:00,33.378785
2022-12-31 21:00:00,33.3064555
2022-12-31 22:00:00,38.7715505
2022-12-31 23:00:00,41.1995885
2023-01-01 00:00:00,39.1089545
2023-01-01 01:00:00,37.822389
2023-01-01 02:00:00,32.7259445
2023-01-01 03:00:00,31.073348000000003
2023-01-01 04:00:00,29.626064
2023-01-01 05:00:00,29.288870000000003
2023-01-01 06:00:00,24.3316855
2023-01-01 07:00:00,23.6703835
2023-01-01 08:00:00,23.020873
2023-01-01 09:00:00,22.824516
2023-01-01 10:00:00,22.599622
2023-01-01 11:00:00,22.8236105
2023-01-01 12:00:00,24.6248205
2023-01-01 13:00:00,27.6940585
2023-01-01 14:00:00,28.659421
2023-01-01 15:00:00,29.5313605
2023-01-01 16:00:00,27.7543635
2023-01-01 17:00:00,27.909205
2023-01-01 18:00:00,26.66076
2023-01-01 19:00:00,25.8636805
2023-01-01 20:00:00,25.9100745
2023-01-01 21:00:00,26.6064515
2023-01-01 22:00:00,30.049705000000003
2023-01-01 23:00:00,35.1611105
2023-01-02 00:00:00,34.4431165
2023-01-02 01:00:00,33.909037999999995
2023-01-02 02:00:00,32.546238
2023-01-02 03:00:00,29.559496
2023-01-02 04:00:00,28.8054365
2023-01-02 05:00:00,28.441564
2023-01-02 06:00:00,24.1518885
2023-01-02 07:00:00,22.825853
2023-01-02 08:00:00,22.00043
2023-01-02 09:00:00,22.0154945
2023-01-02 10:00:00,22.111837
2023-01-02 11:00:00,23.533071
2023-01-02 12:00:00,27.4094505
2023-01-02 13:00:00,29.003751
2023-01-02 14:00:00,28.846263
2023-01-02 15:00:00,28.2498005
2023-01-02 16:00:00,29.5021635
2023-01-02 17:00:00,28.6755545
2023-01-02 18:00:00,28.2189895
2023-01-02 19:00:00,27.6658175
2023-01-02 20:00:00,27.099716
2023-01-02 21:00:00,27.255814
2023-01-02 22:00:00,28.5586205
2023-01-02 23:00:00,31.1879395
2023-01-03 00:00:00,29.852291
2023-01-03 01:00:00,30.373485
2023-01-03 02:00:00,28.7795795
2023-01-03 03:00:00,26.447402500000003
2023-01-03 04:00:00,24.1373
2023-01-03 05:00:00,22.7499615
2023-01-03 06:00:00,23.903811
2023-01-03 07:00:00,21.7460715
2023-01-03 08:00:00,20.6642495
2023-01-03 09:00:00,20.6683655
2023-01-03 10:00:00,21.334855
2023-01-03 11:00:00,23.8185545
2023-01-03 12:00:00,33.0596435
2023-01-03 13:00:00,36.207726
2023-01-03 14:00:00,35.171142
2023-01-03 15:00:00,33.419429
2023-01-03 16:00:00,33.975243
2023-01-03 17:00:00,32.6455835
2023-01-03 18:00:00,31.575684
2023-01-03 19:00:00,31.278076
2023-01-03 20:00:00,31.2567715
2023-01-03 21:00:00,30.6946575
2023-01-03 22:00:00,33.6266615
2023-01-03 23:00:00,38.0729545
2023-01-04 00:00:00,36.3755385
2023-01-04 01:00:00,34.9037165
2023-01-04 02:00:00,33.073048
2023-01-04 03:00:00,29.5854615
2023-01-04 04:00:00,27.058676
2023-01-04 05:00:00,24.3582865
2023-01-04 06:00:00,24.378966
2023-01-04 07:00:00,23.329645
2023-01-04 08:00:00,22.565196
2023-01-04 09:00:00,23.2413935
2023-01-04 10:00:00,24.085518
2023-01-04 11:00:00,28.1837695
2023-01-04 12:00:00,33.722907
2023-01-04 13:00:00,40.0607285
2023-01-04 14:00:00,42.0254385
2023-01-04 15:00:00,40.3559875
2023-01-04 16:00:00,40.180361000000005
2023-01-04 17:00:00,39.531886
2023-01-04 18:00:00,38.9133325
2023-01-04 19:00:00,37.3961555
2023-01-04 20:00:00,36.3043355
2023-01-04 21:00:00,34.755686
2023-01-04 22:00:00,38.8402045
2023-01-04 23:00:00,45.3558035
2023-01-05 00:00:00,40.7638735
2023-01-05 01:00:00,37.8780405
2023-01-05 02:00:00,37.8031455
2023-01-05 03:00:00,33.406686
2023-01-05 04:00:00,29.7200645
2023-01-05 05:00:00,27.328627
2023-01-05 06:00:00,27.959146
2023-01-05 07:00:00,26.0321425
2023-01-05 08:00:00,24.617927
2023-01-05 09:00:00,26.0021825
2023-01-05 10:00:00,27.7014935
2023-01-05 11:00:00,30.736715
2023-01-05 12:00:00,46.35979
2023-01-05 13:00:00,47.772558
2023-01-05 14:00:00,44.771513
2023-01-05 15:00:00,42.046417000000005
2023-01-05 16:00:00,41.379757
2023-01-05 17:00:00,37.82519
2023-01-05 18:00:00,36.363265
2023-01-05 19:00:00,36.0371675
2023-01-05 20:00:00,34.807886
2023-01-05 21:00:00,35.9196585
2023-01-05 22:00:00,44.732738
2023-01-05 23:00:00,59.012271
2023-01-06 00:00:00,49.0379455
2023-01-06 01:00:00,44.8802995
2023-01-06 02:00:00,43.6740695
2023-01-06 03:00:00,39.3820205
2023-01-06 04:00:00,34.5980725
2023-01-06 05:00:00,32.9966735
2023-01-06 06:00:00,29.8260995
2023-01-06 07:00:00,30.2790665
2023-01-06 08:00:00,29.690344000000003
2023-01-06 09:00:00,30.95665
2023-01-06 10:00:00,32.697435
2023-01-06 11:00:00,36.487664
2023-01-06 12:00:00,46.770569
2023-01-06 13:00:00,52.1467215
2023-01-06 14:00:00,46.8910245
2023-01-06 15:00:00,42.6255805
2023-01-06 16:00:00,39.9257625
2023-01-06 17:00:00,38.4652375
2023-01-06 18:00:00,37.6229455
2023-01-06 19:00:00,37.0088625
2023-01-06 20:00:00,36.139602
2023-01-06 21:00:00,37.101478
2023-01-06 22:00:00,42.5895275
2023-01-06 23:00:00,60.830562
2023-01-07 00:00:00,48.4754215
2023-01-07 01:00:00,47.0009625
2023-01-07 02:00:00,45.5565245
2023-01-07 03:00:00,41.168185
2023-01-07 04:00:00,37.894562
2023-01-07 05:00:00,37.3697865
2023-01-07 06:00:00,38.6091465
2023-01-07 07:00:00,37.9105935
2023-01-07 08:00:00,36.743456
2023-01-07 09:00:00,36.912735
2023-01-07 10:00:00,36.6033015
2023-01-07 11:00:00,37.3902305
2023-01-07 12:00:00,42.241794
2023-01-07 13:00:00,47.792513
2023-01-07 14:00:00,47.091427
2023-01-07 15:00:00,42.285421
2023-01-07 16:00:00,40.2883155
2023-01-07 17:00:00,37.290007
2023-01-07 18:00:00,36.5949835
2023-01-07 19:00:00,36.0059075
2023-01-07 20:00:00,35.352055
2023-01-07 21:00:00,35.999851
2023-01-07 22:00:00,40.6993545
2023-01-07 23:00:00,53.937756
2023-01-08 00:00:00,49.6474535
2023-01-08 01:00:00,48.0362315
2023-01-08 02:00:00,46.8939425
2023-01-08 03:00:00,45.063371
2023-01-08 04:00:00,41.044261500000005
2023-01-08 05:00:00,37.949543
2023-01-08 06:00:00,37.7047785
2023-01-08 07:00:00,36.5330575
2023-01-08 08:00:00,36.8595005
2023-01-08 09:00:00,36.875572
2023-01-08 10:00:00,37.4439835
2023-01-08 11:00:00,37.670037
2023-01-08 12:00:00,41.87132
2023-01-08 13:00:00,46.3432755
2023-01-08 14:00:00,44.1540835
2023-01-08 15:00:00,39.957765
2023-01-08 16:00:00,39.5902315
2023-01-08 17:00:00,37.864551
2023-01-08 18:00:00,37.470673000000005
2023-01-08 19:00:00,37.3238045
2023-01-08 20:00:00,37.692459
2023-01-08 21:00:00,38.064689
2023-01-08 22:00:00,45.311932
2023-01-08 23:00:00,61.1165895
2023-01-09 00:00:00,55.8055615
2023-01-09 01:00:00,53.2306875
2023-01-09 02:00:00,49.741225
2023-01-09 03:00:00,44.0289695
2023-01-09 04:00:00,39.981678
2023-01-09 05:00:00,38.0696655
2023-01-09 06:00:00,31.5174235
2023-01-09 07:00:00,30.7759915
2023-01-09 08:00:00,30.8174165
2023-01-09 09:00:00,30.771001
2023-01-09 10:00:00,31.01304
2023-01-09 11:00:00,37.733500500000005
2023-01-09 12:00:00,48.7759585
2023-01-09 13:00:00,58.769658500000006
2023-01-09 14:00:00,55.565225
2023-01-09 15:00:00,47.732386
2023-01-09 16:00:00,45.335162
2023-01-09 17:00:00,38.791456
2023-01-09 18:00:00,37.114666
2023-01-09 19:00:00,37.151929
2023-01-09 20:00:00,36.016438
2023-01-09 21:00:00,36.1816305
2023-01-09 22:00:00,41.347080000000005
2023-01-09 23:00:00,61.9528455
2023-01-10 00:00:00,51.481277000000006
2023-01-10 01:00:00,48.199239
2023-01-10 02:00:00,46.1242615
2023-01-10 03:00:00,41.656739
2023-01-10 04:00:00,38.9239315
2023-01-10 05:00:00,34.9099715
2023-01-10 06:00:00,38.6670585
2023-01-10 07:00:00,36.720876
2023-01-10 08:00:00,36.3697425
2023-01-10 09:00:00,37.5337095
2023-01-10 10:00:00,38.2942245
2023-01-10 11:00:00,49.2048315
2023-01-10 12:00:00,69.451596
2023-01-10 13:00:00,92.760374
2023-01-10 14:00:00,66.530012
2023-01-10 15:00:00,52.5048105
2023-01-10 16:00:00,55.0523265
2023-01-10 17:00:00,45.011679
2023-01-10 18:00:00,40.0639195
2023-01-10 19:00:00,39.789355
2023-01-10 20:00:00,40.6493155
2023-01-10 21:00:00,40.713248
2023-01-10 22:00:00,48.8505945
2023-01-10 23:00:00,65.2443545
2023-01-11 00:00:00,57.310619
2023-01-11 01:00:00,57.3361845
2023-01-11 02:00:00,54.4157865
2023-01-11 03:00:00,46.0221345
2023-01-11 04:00:00,41.54299
2023-01-11 05:00:00,39.314569
2023-01-11 06:00:00,40.182336
2023-01-11 07:00:00,38.505202
2023-01-11 08:00:00,38.500112
2023-01-11 09:00:00,38.4402965
2023-01-11 10:00:00,39.4262185
2023-01-11 11:00:00,48.209933
2023-01-11 12:00:00,65.6570405
2023-01-11 13:00:00,90.528805
2023-01-11 14:00:00,57.922876
2023-01-11 15:00:00,46.992369
2023-01-11 16:00:00,47.692526
2023-01-11 17:00:00,43.830313
2023-01-11 18:00:00,40.3859505
2023-01-11 19:00:00,39.4818755
2023-01-11 20:00:00,39.218734
2023-01-11 21:00:00,38.934494
2023-01-11 22:00:00,46.3961305
2023-01-11 23:00:00,61.306344
2023-01-12 00:00:00,50.481367500000005
2023-01-12 01:00:00,50.074256000000005
2023-01-12 02:00:00,46.471155
2023-01-12 03:00:00,40.873856
2023-01-12 04:00:00,38.817671
2023-01-12 05:00:00,32.3084595
2023-01-12 06:00:00,30.9355255
2023-01-12 07:00:00,30.8045585
2023-01-12 08:00:00,29.663881
2023-01-12 09:00:00,29.640714
2023-01-12 10:00:00,30.8482205
2023-01-12 11:00:00,32.860245500000005
2023-01-12 12:00:00,43.115639
2023-01-12 13:00:00,47.7840565
2023-01-12 14:00:00,44.286867
2023-01-12 15:00:00,40.2147555
2023-01-12 16:00:00,39.436026
2023-01-12 17:00:00,39.7426005
2023-01-12 18:00:00,38.3816665
2023-01-12 19:00:00,36.9052845
2023-01-12 20:00:00,33.3879405
2023-01-12 21:00:00,32.490838499999995
2023-01-12 22:00:00,37.968514
2023-01-12 23:00:00,44.347738
2023-01-13 00:00:00,39.963556
2023-01-13 01:00:00,38.59961
2023-01-13 02:00:00,35.1806725
2023-01-13 03:00:00,33.1356315
2023-01-13 04:00:00,30.642499
2023-01-13 05:00:00,28.4496195
2023-01-13 06:00:00,27.0419155
2023-01-13 07:00:00,26.363971
2023-01-13 08:00:00,25.1671405
2023-01-13 09:00:00,26.138237
2023-01-13 10:00:00,28.178543
2023-01-13 11:00:00,33.858367
2023-01-13 12:00:00,40.9110615
2023-01-13 13:00:00,48.466326
2023-01-13 14:00:00,47.8357685
2023-01-13 15:00:00,44.569034
2023-01-13 16:00:00,45.220006
2023-01-13 17:00:00,44.059783
2023-01-13 18:00:00,43.01377
2023-01-13 19:00:00,43.549769
2023-01-13 20:00:00,41.7848235
2023-01-13 21:00:00,42.394122
2023-01-13 22:00:00,46.0687165
2023-01-13 23:00:00,60.995000000000005
2023-01-14 00:00:00,55.9668275
2023-01-14 01:00:00,54.747487
2023-01-14 02:00:00,49.867891
2023-01-14 03:00:00,48.0050965
2023-01-14 04:00:00,45.026901
2023-01-14 05:00:00,41.243269
2023-01-14 06:00:00,39.2053305
2023-01-14 07:00:00,38.370894
2023-01-14 08:00:00,37.86473
2023-01-14 09:00:00,37.4197895
2023-01-14 10:00:00,38.419535
2023-01-14 11:00:00,38.5269145
2023-01-14 12:00:00,46.399038
2023-01-14 13:00:00,49.8362345
2023-01-14 14:00:00,54.103589
2023-01-14 15:00:00,49.1044255
2023-01-14 16:00:00,50.2797585
2023-01-14 17:00:00,45.062847000000005
2023-01-14 18:00:00,41.2219605
2023-01-14 19:00:00,41.601135
2023-01-14 20:00:00,39.6508535
2023-01-14 21:00:00,40.354397000000006
2023-01-14 22:00:00,45.282346
2023-01-14 23:00:00,71.97495649999999
2023-01-15 00:00:00,63.365631
2023-01-15 01:00:00,58.83661
2023-01-15 02:00:00,55.072355
2023-01-15 03:00:00,54.3202655
2023-01-15 04:00:00,49.586182
2023-01-15 05:00:00,46.8987515
2023-01-15 06:00:00,52.945067
2023-01-15 07:00:00,51.0170385
2023-01-15 08:00:00,46.6765455
2023-01-15 09:00:00,46.5967535
2023-01-15 10:00:00,48.890709
2023-01-15 11:00:00,48.6524105
2023-01-15 12:00:00,55.3166035
2023-01-15 13:00:00,58.8123145
2023-01-15 14:00:00,50.796505
2023-01-15 15:00:00,42.710703
2023-01-15 16:00:00,40.414617
2023-01-15 17:00:00,38.407721
2023-01-15 18:00:00,37.036189500000006
2023-01-15 19:00:00,33.497516000000005
2023-01-15 20:00:00,32.7588905
2023-01-15 21:00:00,34.914814
2023-01-15 22:00:00,39.4874315
2023-01-15 23:00:00,61.1869295
2023-01-16 00:00:00,53.5561585
2023-01-16 01:00:00,54.4343575
2023-01-16 02:00:00,53.164228
2023-01-16 03:00:00,48.4976615
2023-01-16 04:00:00,43.0112645
2023-01-16 05:00:00,43.019111
2023-01-16 06:00:00,43.077396500000006
2023-01-16 07:00:00,42.4007715
2023-01-16 08:00:00,42.190633000000005
2023-01-16 09:00:00,43.0772575
2023-01-16 10:00:00,46.781705
2023-01-16 11:00:00,53.366867
2023-01-16 12:00:00,70.610228
2023-01-16 13:00:00,89.811241
2023-01-16 14:00:00,64.903969
2023-01-16 15:00:00,51.658711
2023-01-16 16:00:00,48.4680455
2023-01-16 17:00:00,42.2106575
2023-01-16 18:00:00,39.699389
2023-01-16 19:00:00,39.1844245
2023-01-16 20:00:00,38.972173
2023-01-16 21:00:00,38.973595
2023-01-16 22:00:00,40.6910695
2023-01-16 23:00:00,52.3311345
2023-01-17 00:00:00,49.683574
2023-01-17 01:00:00,50.4472005
2023-01-17 02:00:00,45.5219335
2023-01-17 03:00:00,41.22692
2023-01-17 04:00:00,38.646686
2023-01-17 05:00:00,37.6710035
2023-01-17 06:00:00,39.546732000000006
2023-01-17 07:00:00,39.517936500000005
2023-01-17 08:00:00,38.80721
2023-01-17 09:00:00,38.889952
2023-01-17 10:00:00,39.4193225
2023-01-17 11:00:00,45.4370045
2023-01-17 12:00:00,60.522835
2023-01-17 13:00:00,66.328878
2023-01-17 14:00:00,57.9360615
2023-01-17 15:00:00,51.4561025
2023-01-17 16:00:00,49.863334
2023-01-17 17:00:00,47.7996055
2023-01-17 18:00:00,44.720253
2023-01-17 19:00:00,41.891578
2023-01-17 20:00:00,40.2064065
2023-01-17 21:00:00,38.364403
2023-01-17 22:00:00,47.48213
2023-01-17 23:00:00,55.264312
2023-01-18 00:00:00,52.4421785
2023-01-18 01:00:00,52.4646855
2023-01-18 02:00:00,45.955674
2023-01-18 03:00:00,42.7658495
2023-01-18 04:00:00,40.3008565
2023-01-18 05:00:00,37.3167705
2023-01-18 06:00:00,35.796246999999994
2023-01-18 07:00:00,34.4738555
2023-01-18 08:00:00,33.610730000000004
2023-01-18 09:00:00,34.114224500000006
2023-01-18 10:00:00,36.042614
2023-01-18 11:00:00,40.7614705
2023-01-18 12:00:00,53.4158395
2023-01-18 13:00:00,62.622996
2023-01-18 14:00:00,52.915865
2023-01-18 15:00:00,51.425576
2023-01-18 16:00:00,51.017790000000005
2023-01-18 17:00:00,46.372001
2023-01-18 18:00:00,43.732905
2023-01-18 19:00:00,40.132393
2023-01-18 20:00:00,38.486987
2023-01-18 21:00:00,36.997284
2023-01-18 22:00:00,40.5503215
2023-01-18 23:00:00,47.8151835
2023-01-19 00:00:00,45.605663
2023-01-19 01:00:00,41.734453
2023-01-19 02:00:00,40.5164975
2023-01-19 03:00:00,37.816459
2023-01-19 04:00:00,35.6255075
2023-01-19 05:00:00,33.8914665
2023-01-19 06:00:00,27.7152435
2023-01-19 07:00:00,26.7867755
2023-01-19 08:00:00,26.4841485
2023-01-19 09:00:00,26.690625
2023-01-19 10:00:00,28.306963
2023-01-19 11:00:00,31.0181385
2023-01-19 12:00:00,39.191244
2023-01-19 13:00:00,41.253088000000005
2023-01-19 14:00:00,39.806714
2023-01-19 15:00:00,38.96925
2023-01-19 16:00:00,38.2188535
2023-01-19 17:00:00,36.898163
2023-01-19 18:00:00,34.740842
2023-01-19 19:00:00,32.657545
2023-01-19 20:00:00,31.8034005
2023-01-19 21:00:00,30.7647445
2023-01-19 22:00:00,33.532656
2023-01-19 23:00:00,41.1191425
2023-01-20 00:00:00,38.8490865
2023-01-20 01:00:00,35.233834
2023-01-20 02:00:00,33.6131485
2023-01-20 03:00:00,31.789628
2023-01-20 04:00:00,30.0776005
2023-01-20 05:00:00,28.0727135
2023-01-20 06:00:00,25.278815
2023-01-20 07:00:00,24.7357015
2023-01-20 08:00:00,24.095739
2023-01-20 09:00:00,24.7786495
2023-01-20 10:00:00,25.641072
2023-01-20 11:00:00,29.076475
2023-01-20 12:00:00,38.8102415
2023-01-20 13:00:00,43.48505299999999
2023-01-20 14:00:00,39.4549725
2023-01-20 15:00:00,37.16374
2023-01-20 16:00:00,39.196076000000005
2023-01-20 17:00:00,39.9786535
2023-01-20 18:00:00,38.6459505
2023-01-20 19:00:00,38.677796
2023-01-20 20:00:00,37.384757
2023-01-20 21:00:00,41.083837
2023-01-20 22:00:00,47.695544
2023-01-20 23:00:00,52.118362000000005
2023-01-21 00:00:00,49.61875
2023-01-21 01:00:00,48.798225
2023-01-21 02:00:00,46.438558
2023-01-21 03:00:00,46.6525145
2023-01-21 04:00:00,39.8611105
2023-01-21 05:00:00,38.188685500000005
2023-01-21 06:00:00,34.1697445
2023-01-21 07:00:00,33.0800285
2023-01-21 08:00:00,32.383002
2023-01-21 09:00:00,32.21328
2023-01-21 10:00:00,33.0739875
2023-01-21 11:00:00,34.831607
2023-01-21 12:00:00,39.3398365
2023-01-21 13:00:00,42.4973995
2023-01-21 14:00:00,42.807766
2023-01-21 15:00:00,39.5274635
2023-01-21 16:00:00,38.476126
2023-01-21 17:00:00,37.341767
2023-01-21 18:00:00,34.7500065
2023-01-21 19:00:00,33.6738385
2023-01-21 20:00:00,32.488487500000005
2023-01-21 21:00:00,33.344975
2023-01-21 22:00:00,37.873024
2023-01-21 23:00:00,47.672012
2023-01-22 00:00:00,45.6750885
2023-01-22 01:00:00,43.983446
2023-01-22 02:00:00,40.9503565
2023-01-22 03:00:00,38.8511225
2023-01-22 04:00:00,38.075922
2023-01-22 05:00:00,35.999867
2023-01-22 06:00:00,31.5385515
2023-01-22 07:00:00,30.3654025
2023-01-22 08:00:00,29.9829505
2023-01-22 09:00:00,29.9510065
2023-01-22 10:00:00,30.0005005
2023-01-22 11:00:00,30.318366
2023-01-22 12:00:00,32.309889
2023-01-22 13:00:00,37.7263555
2023-01-22 14:00:00,41.387913
2023-01-22 15:00:00,41.7378325
2023-01-22 16:00:00,41.9205345
2023-01-22 17:00:00,41.215348000000006
2023-01-22 18:00:00,40.296664
2023-01-22 19:00:00,39.080153
2023-01-22 20:00:00,38.8125965
2023-01-22 21:00:00,38.0410345
2023-01-22 22:00:00,39.7676565
2023-01-22 23:00:00,49.774868
2023-01-23 00:00:00,44.235341
2023-01-23 01:00:00,43.2176295
2023-01-23 02:00:00,39.9669755
2023-01-23 03:00:00,35.701913
2023-01-23 04:00:00,33.426388
2023-01-23 05:00:00,32.2601895
2023-01-23 06:00:00,32.381774500000006
2023-01-23 07:00:00,31.6422145
2023-01-23 08:00:00,30.643331
2023-01-23 09:00:00,31.141845
2023-01-23 10:00:00,33.4595265
2023-01-23 11:00:00,34.8230705
2023-01-23 12:00:00,46.5762125
2023-01-23 13:00:00,54.4686415
2023-01-23 14:00:00,52.8907665
2023-01-23 15:00:00,49.804838
2023-01-23 16:00:00,49.093162500000005
2023-01-23 17:00:00,48.2361525
2023-01-23 18:00:00,41.0558565
2023-01-23 19:00:00,40.0313075
2023-01-23 20:00:00,37.8416805
2023-01-23 21:00:00,38.2892215
2023-01-23 22:00:00,40.67150650000001
2023-01-23 23:00:00,53.464023
2023-01-24 00:00:00,50.1167285
2023-01-24 01:00:00,47.54477249999999
2023-01-24 02:00:00,42.757344
2023-01-24 03:00:00,39.2735215
2023-01-24 04:00:00,36.478328
2023-01-24 05:00:00,32.827718000000004
2023-01-24 06:00:00,30.564356
2023-01-24 07:00:00,29.6383145
2023-01-24 08:00:00,29.2964365
2023-01-24 09:00:00,30.5631505
2023-01-24 10:00:00,34.1814065
2023-01-24 11:00:00,39.0587305
2023-01-24 12:00:00,59.929201
2023-01-24 13:00:00,71.947406
2023-01-24 14:00:00,47.904938
2023-01-24 15:00:00,43.473253
2023-01-24 16:00:00,44.165739
2023-01-24 17:00:00,40.8366935
2023-01-24 18:00:00,37.033615
2023-01-24 19:00:00,37.241378
2023-01-24 20:00:00,37.116506
2023-01-24 21:00:00,37.492417
2023-01-24 22:00:00,41.388099
2023-01-24 23:00:00,52.774006
2023-01-25 00:00:00,52.6137665
2023-01-25 01:00:00,50.6360925
2023-01-25 02:00:00,48.108602
2023-01-25 03:00:00,43.091401000000005
2023-01-25 04:00:00,39.72247
2023-01-25 05:00:00,34.0426885
2023-01-25 06:00:00,32.548422
2023-01-25 07:00:00,31.937405
2023-01-25 08:00:00,31.2115825
2023-01-25 09:00:00,30.9364685
2023-01-25 10:00:00,31.170687
2023-01-25 11:00:00,34.096317
2023-01-25 12:00:00,44.982384
2023-01-25 13:00:00,48.101387
2023-01-25 14:00:00,45.1174975
2023-01-25 15:00:00,44.071951
2023-01-25 16:00:00,44.775963
2023-01-25 17:00:00,42.918466
2023-01-25 18:00:00,41.8363795
2023-01-25 19:00:00,41.237874
2023-01-25 20:00:00,40.309085
2023-01-25 21:00:00,40.002558
2023-01-25 22:00:00,39.997701
2023-01-25 23:00:00,44.157501
2023-01-26 00:00:00,41.514127
2023-01-26 01:00:00,39.5812235
2023-01-26 02:00:00,35.908683
2023-01-26 03:00:00,33.177242500000006
2023-01-26 04:00:00,28.996805
2023-01-26 05:00:00,27.378275
2023-01-26 06:00:00,25.2396045
2023-01-26 07:00:00,23.863100000000003
2023-01-26 08:00:00,23.959296
2023-01-26 09:00:00,24.4108795
2023-01-26 10:00:00,26.324171
2023-01-26 11:00:00,30.289357
2023-01-26 12:00:00,41.016168
2023-01-26 13:00:00,42.5406895
2023-01-26 14:00:00,39.5874845
2023-01-26 15:00:00,35.7394085
2023-01-26 16:00:00,37.5804465
2023-01-26 17:00:00,37.451114
2023-01-26 18:00:00,35.330104
2023-01-26 19:00:00,36.062396
2023-01-26 20:00:00,35.3343445
2023-01-26 21:00:00,34.259769500000004
2023-01-26 22:00:00,36.76145150000001
2023-01-26 23:00:00,45.063275
2023-01-27 00:00:00,40.321053500000005
2023-01-27 01:00:00,38.9440545
2023-01-27 02:00:00,37.8799985
2023-01-27 03:00:00,37.172329
2023-01-27 04:00:00,33.2050215
2023-01-27 05:00:00,31.588238500000003
2023-01-27 06:00:00,30.2485025
2023-01-27 07:00:00,28.7234135
2023-01-27 08:00:00,28.18591
2023-01-27 09:00:00,29.414818500000003
2023-01-27 10:00:00,32.2731405
2023-01-27 11:00:00,37.302448
2023-01-27 12:00:00,46.9377835
2023-01-27 13:00:00,55.61722
2023-01-27 14:00:00,42.094672
2023-01-27 15:00:00,36.027745
2023-01-27 16:00:00,30.488891
2023-01-27 17:00:00,29.32896
2023-01-27 18:00:00,25.861938
2023-01-27 19:00:00,26.5840185
2023-01-27 20:00:00,25.9497725
2023-01-27 21:00:00,26.5282745
2023-01-27 22:00:00,29.12376
2023-01-27 23:00:00,36.443886500000005
2023-01-28 00:00:00,37.5552165
2023-01-28 01:00:00,34.621923
2023-01-28 02:00:00,34.3082745
2023-01-28 03:00:00,31.1359555
2023-01-28 04:00:00,30.0077065
2023-01-28 05:00:00,27.8328575
2023-01-28 06:00:00,26.6867225
2023-01-28 07:00:00,25.2679445
2023-01-28 08:00:00,24.867761
2023-01-28 09:00:00,25.559182
2023-01-28 10:00:00,26.4526395
2023-01-28 11:00:00,29.5708735
2023-01-28 12:00:00,32.250737
2023-01-28 13:00:00,33.871055
2023-01-28 14:00:00,33.36343050000001
2023-01-28 15:00:00,29.7506645
2023-01-28 16:00:00,27.908467
2023-01-28 17:00:00,26.3281085
2023-01-28 18:00:00,24.1928705
2023-01-28 19:00:00,23.6904845
2023-01-28 20:00:00,23.469158
2023-01-28 21:00:00,23.232471
2023-01-28 22:00:00,23.7565955
2023-01-28 23:00:00,31.08227
2023-01-29 00:00:00,31.682716
2023-01-29 01:00:00,29.124053
2023-01-29 02:00:00,27.216255500000003
2023-01-29 03:00:00,25.182545
2023-01-29 04:00:00,23.6336685
2023-01-29 05:00:00,23.045637
2023-01-29 06:00:00,21.840583
2023-01-29 07:00:00,21.6325095
2023-01-29 08:00:00,20.634009
2023-01-29 09:00:00,20.4376495
2023-01-29 10:00:00,20.958876
2023-01-29 11:00:00,21.828654
2023-01-29 12:00:00,22.350238
2023-01-29 13:00:00,23.708818
2023-01-29 14:00:00,24.1108745
2023-01-29 15:00:00,23.976099
2023-01-29 16:00:00,24.285022
2023-01-29 17:00:00,24.2214265
2023-01-29 18:00:00,24.8021095
2023-01-29 19:00:00,25.27797
2023-01-29 20:00:00,24.9255405
2023-01-29 21:00:00,25.7087955
2023-01-29 22:00:00,30.1841065
2023-01-29 23:00:00,36.09473
2023-01-30 00:00:00,34.6445055
2023-01-30 01:00:00,33.369069499999995
2023-01-30 02:00:00,32.85165000000001
2023-01-30 03:00:00,29.665348
2023-01-30 04:00:00,26.480086
2023-01-30 05:00:00,24.852501
2023-01-30 06:00:00,22.755989
2023-01-30 07:00:00,21.2580185
2023-01-30 08:00:00,21.2870625
2023-01-30 09:00:00,21.277659
2023-01-30 10:00:00,23.0322
2023-01-30 11:00:00,26.939116
2023-01-30 12:00:00,37.778808
2023-01-30 13:00:00,46.9636185
2023-01-30 14:00:00,46.72746
2023-01-30 15:00:00,44.586126
2023-01-30 16:00:00,43.7437105
2023-01-30 17:00:00,39.200201
2023-01-30 18:00:00,37.7930265
2023-01-30 19:00:00,37.130462
2023-01-30 20:00:00,36.273964
2023-01-30 21:00:00,37.276257
2023-01-30 22:00:00,39.521977500000006
2023-01-30 23:00:00,52.479468
2023-01-31 00:00:00,50.788889
2023-01-31 01:00:00,47.9612215
2023-01-31 02:00:00,44.391761
2023-01-31 03:00:00,38.2018155
2023-01-31 04:00:00,34.389213
2023-01-31 05:00:00,30.9237635
2023-01-31 06:00:00,27.43813
2023-01-31 07:00:00,27.482263
2023-01-31 08:00:00,27.54522
2023-01-31 09:00:00,27.700160500000003
2023-01-31 10:00:00,29.6669115
2023-01-31 11:00:00,34.1157415
2023-01-31 12:00:00,45.388471
2023-01-31 13:00:00,53.532111
2023-01-31 14:00:00,48.150022
2023-01-31 15:00:00,49.110492
2023-01-31 16:00:00,46.9344735
2023-01-31 17:00:00,44.75532
2023-01-31 18:00:00,41.4235045
2023-01-31 19:00:00,40.203627
2023-01-31 20:00:00,39.0954255
2023-01-31 21:00:00,38.462973000000005
2023-01-31 22:00:00,39.2781895
2023-01-31 23:00:00,49.472879
2023-02-01 00:00:00,49.676122500000005
2023-02-01 01:00:00,45.991973
2023-02-01 02:00:00,45.9466705
2023-02-01 03:00:00,40.4935425
2023-02-01 04:00:00,37.9096835
2023-02-01 05:00:00,35.377372
2023-02-01 06:00:00,31.3710655
2023-02-01 07:00:00,30.8224315
2023-02-01 08:00:00,30.6509025
2023-02-01 09:00:00,30.528322
2023-02-01 10:00:00,31.511624500000003
2023-02-01 11:00:00,35.571080499999994
2023-02-01 12:00:00,45.94878
2023-02-01 13:00:00,49.721244
2023-02-01 14:00:00,47.9111945
2023-02-01 15:00:00,44.7151
2023-02-01 16:00:00,44.250238
2023-02-01 17:00:00,41.5826975
2023-02-01 18:00:00,39.3010915
2023-02-01 19:00:00,36.704479500000005
2023-02-01 20:00:00,36.28626
2023-02-01 21:00:00,35.97252
2023-02-01 22:00:00,41.974253
2023-02-01 23:00:00,49.714063
2023-02-02 00:00:00,51.687086
2023-02-02 01:00:00,48.51192
2023-02-02 02:00:00,46.8985085
2023-02-02 03:00:00,44.0090025
2023-02-02 04:00:00,41.792969
2023-02-02 05:00:00,38.025463
2023-02-02 06:00:00,36.099677
2023-02-02 07:00:00,34.5655085
2023-02-02 08:00:00,33.7211135
2023-02-02 09:00:00,34.6391905
2023-02-02 10:00:00,36.40476700000001
2023-02-02 11:00:00,40.916663
2023-02-02 12:00:00,53.035586
2023-02-02 13:00:00,62.0716765
2023-02-02 14:00:00,50.754283
2023-02-02 15:00:00,44.711784
2023-02-02 16:00:00,42.8478065
2023-02-02 17:00:00,41.4087765
2023-02-02 18:00:00,36.6991705
2023-02-02 19:00:00,34.868958
2023-02-02 20:00:00,34.322041
2023-02-02 21:00:00,36.071607
2023-02-02 22:00:00,36.1849865
2023-02-02 23:00:00,43.2198895
2023-02-03 00:00:00,43.5817645
2023-02-03 01:00:00,40.165406
2023-02-03 02:00:00,38.2203505
2023-02-03 03:00:00,36.1653545
2023-02-03 04:00:00,33.850239
2023-02-03 05:00:00,33.2542775
2023-02-03 06:00:00,33.1134055
2023-02-03 07:00:00,32.8833355
2023-02-03 08:00:00,32.2688765
2023-02-03 09:00:00,33.499384
2023-02-03 10:00:00,35.9421665
2023-02-03 11:00:00,41.8308735
2023-02-03 12:00:00,50.8866035
2023-02-03 13:00:00,65.763854
2023-02-03 14:00:00,65.03071
2023-02-03 15:00:00,60.640654
2023-02-03 16:00:00,103.4794525
2023-02-03 17:00:00,96.7024335
2023-02-03 18:00:00,94.0215695
2023-02-03 19:00:00,89.357835
2023-02-03 20:00:00,86.223116
2023-02-03 21:00:00,90.2828195
2023-02-03 22:00:00,114.7237405
2023-02-03 23:00:00,155.8068285
2023-02-04 00:00:00,199.054865
2023-02-04 01:00:00,186.175255
2023-02-04 02:00:00,175.8305445
2023-02-04 03:00:00,165.001448
2023-02-04 04:00:00,153.0116945
2023-02-04 05:00:00,138.814797
2023-02-04 06:00:00,105.113964
2023-02-04 07:00:00,114.259029
2023-02-04 08:00:00,107.6204045
2023-02-04 09:00:00,108.7182435
2023-02-04 10:00:00,114.2620255
2023-02-04 11:00:00,121.305821
2023-02-04 12:00:00,125.2084235
2023-02-04 13:00:00,178.32205299999998
2023-02-04 14:00:00,127.95234
2023-02-04 15:00:00,95.3303745
2023-02-04 16:00:00,62.617718
2023-02-04 17:00:00,47.189691
2023-02-04 18:00:00,41.822231
2023-02-04 19:00:00,38.402795
2023-02-04 20:00:00,35.1350055
2023-02-04 21:00:00,35.3239645
2023-02-04 22:00:00,39.90075
2023-02-04 23:00:00,67.046942
2023-02-05 00:00:00,72.08981349999999
2023-02-05 01:00:00,59.1411385
2023-02-05 02:00:00,62.997870500000005
2023-02-05 03:00:00,56.421134
2023-02-05 04:00:00,43.396413
2023-02-05 05:00:00,42.838239
2023-02-05 06:00:00,36.806461
2023-02-05 07:00:00,37.7111305
2023-02-05 08:00:00,34.4572275
2023-02-05 09:00:00,30.279848
2023-02-05 10:00:00,32.36473
2023-02-05 11:00:00,34.0968015
2023-02-05 12:00:00,35.134111000000004
2023-02-05 13:00:00,35.1151725
2023-02-05 14:00:00,34.9036115
2023-02-05 15:00:00,31.635781
2023-02-05 16:00:00,31.964418
2023-02-05 17:00:00,28.4222825
2023-02-05 18:00:00,27.1597705
2023-02-05 19:00:00,27.1557275
2023-02-05 20:00:00,26.5972195
2023-02-05 21:00:00,26.510576
2023-02-05 22:00:00,27.2543475
2023-02-05 23:00:00,36.01859
2023-02-06 00:00:00,38.679769500000006
2023-02-06 01:00:00,36.231047
2023-02-06 02:00:00,35.8956965
2023-02-06 03:00:00,31.917493
2023-02-06 04:00:00,29.1835865
2023-02-06 05:00:00,28.8530125
2023-02-06 06:00:00,23.5630935
2023-02-06 07:00:00,23.0354665
2023-02-06 08:00:00,23.7239405
2023-02-06 09:00:00,23.419579
2023-02-06 10:00:00,24.4595035
2023-02-06 11:00:00,29.519985
2023-02-06 12:00:00,37.115228
2023-02-06 13:00:00,45.819183
2023-02-06 14:00:00,34.4714565
2023-02-06 15:00:00,31.616648
2023-02-06 16:00:00,31.387718
2023-02-06 17:00:00,28.0402335
2023-02-06 18:00:00,26.1795155
2023-02-06 19:00:00,25.3084635
2023-02-06 20:00:00,24.250183
2023-02-06 21:00:00,23.5482775
2023-02-06 22:00:00,24.896585
2023-02-06 23:00:00,31.808611
2023-02-07 00:00:00,33.105309500000004
2023-02-07 01:00:00,30.985846
2023-02-07 02:00:00,29.2247345
2023-02-07 03:00:00,27.1261395
2023-02-07 04:00:00,25.6183425
2023-02-07 05:00:00,24.989877
2023-02-07 06:00:00,23.2861605
2023-02-07 07:00:00,22.845848
2023-02-07 08:00:00,22.921886
2023-02-07 09:00:00,23.4449695
2023-02-07 10:00:00,25.091884
2023-02-07 11:00:00,29.424777
2023-02-07 12:00:00,39.360353
2023-02-07 13:00:00,43.0130125
2023-02-07 14:00:00,30.840579
2023-02-07 15:00:00,29.915054
2023-02-07 16:00:00,25.2656
2023-02-07 17:00:00,23.6788215
2023-02-07 18:00:00,23.0305995
2023-02-07 19:00:00,22.792943
2023-02-07 20:00:00,22.433985
2023-02-07 21:00:00,22.4027755
2023-02-07 22:00:00,23.721117
2023-02-07 23:00:00,31.353658000000003
2023-02-08 00:00:00,33.353541
2023-02-08 01:00:00,31.1831385
2023-02-08 02:00:00,28.7299165
2023-02-08 03:00:00,25.0535755
2023-02-08 04:00:00,23.6200545
2023-02-08 05:00:00,21.9764425
2023-02-08 06:00:00,22.723007
2023-02-08 07:00:00,22.3085085
2023-02-08 08:00:00,22.1757675
2023-02-08 09:00:00,22.6199265
2023-02-08 10:00:00,23.94771
2023-02-08 11:00:00,26.392313
2023-02-08 12:00:00,33.849899
2023-02-08 13:00:00,36.776406
2023-02-08 14:00:00,32.914186
2023-02-08 15:00:00,30.4302045
2023-02-08 16:00:00,29.810023
2023-02-08 17:00:00,26.952726
2023-02-08 18:00:00,26.4359545
2023-02-08 19:00:00,25.606376
2023-02-08 20:00:00,24.4148695
2023-02-08 21:00:00,24.808202
2023-02-08 22:00:00,27.6058405
2023-02-08 23:00:00,33.6557185
2023-02-09 00:00:00,32.568247
2023-02-09 01:00:00,30.8909165
2023-02-09 02:00:00,28.38382
2023-02-09 03:00:00,26.558061
2023-02-09 04:00:00,23.6734795
2023-02-09 05:00:00,21.50841
2023-02-09 06:00:00,21.511249
2023-02-09 07:00:00,20.8429575
2023-02-09 08:00:00,19.855729
2023-02-09 09:00:00,19.667593
2023-02-09 10:00:00,21.665926
2023-02-09 11:00:00,22.7731505
2023-02-09 12:00:00,29.0938835
2023-02-09 13:00:00,30.6933395
2023-02-09 14:00:00,27.4279775
2023-02-09 15:00:00,26.808629
2023-02-09 16:00:00,26.045385
2023-02-09 17:00:00,24.8603695
2023-02-09 18:00:00,24.5697505
2023-02-09 19:00:00,24.4911825
2023-02-09 20:00:00,23.59129
2023-02-09 21:00:00,23.2649395
2023-02-09 22:00:00,24.2601205
2023-02-09 23:00:00,28.537396
2023-02-10 00:00:00,28.976747
2023-02-10 01:00:00,26.357474
2023-02-10 02:00:00,24.2058195
2023-02-10 03:00:00,23.0436395
2023-02-10 04:00:00,21.104512
2023-02-10 05:00:00,19.5865345
2023-02-10 06:00:00,18.5346945
2023-02-10 07:00:00,18.295141
2023-02-10 08:00:00,17.726535
2023-02-10 09:00:00,18.1094825
2023-02-10 10:00:00,19.244981000000003
2023-02-10 11:00:00,22.18044
2023-02-10 12:00:00,30.9293755
2023-02-10 13:00:00,32.9489945
2023-02-10 14:00:00,31.093021
2023-02-10 15:00:00,29.712729000000003
2023-02-10 16:00:00,29.618408
2023-02-10 17:00:00,28.858665
2023-02-10 18:00:00,27.8689985
2023-02-10 19:00:00,27.072252
2023-02-10 20:00:00,25.7809065
2023-02-10 21:00:00,24.8202395
2023-02-10 22:00:00,26.049323
2023-02-10 23:00:00,31.709222500000003
2023-02-11 00:00:00,32.901961
2023-02-11 01:00:00,31.4327195
2023-02-11 02:00:00,30.1104975
2023-02-11 03:00:00,26.6424095
2023-02-11 04:00:00,24.0169295
2023-02-11 05:00:00,22.641945
2023-02-11 06:00:00,21.5700055
2023-02-11 07:00:00,21.171933
2023-02-11 08:00:00,21.2137495
2023-02-11 09:00:00,21.4295465
2023-02-11 10:00:00,21.8491235
2023-02-11 11:00:00,23.4361185
2023-02-11 12:00:00,26.703417
2023-02-11 13:00:00,29.1183795
2023-02-11 14:00:00,28.566959500000003
2023-02-11 15:00:00,27.529639
2023-02-11 16:00:00,27.2380525
2023-02-11 17:00:00,24.4162325
2023-02-11 18:00:00,23.427273
2023-02-11 19:00:00,21.766378
2023-02-11 20:00:00,21.686332
2023-02-11 21:00:00,21.6301785
2023-02-11 22:00:00,23.548955
2023-02-11 23:00:00,31.8219495
2023-02-12 00:00:00,36.3157485
2023-02-12 01:00:00,32.1941715
2023-02-12 02:00:00,31.7014015
2023-02-12 03:00:00,31.853301
2023-02-12 04:00:00,28.2168825
2023-02-12 05:00:00,26.3459415
2023-02-12 06:00:00,23.1188235
2023-02-12 07:00:00,22.684657
2023-02-12 08:00:00,22.1203655
2023-02-12 09:00:00,22.46068
2023-02-12 10:00:00,22.540468
2023-02-12 11:00:00,22.860138
2023-02-12 12:00:00,23.9470455
2023-02-12 13:00:00,28.1983055
2023-02-12 14:00:00,31.3993415
2023-02-12 15:00:00,32.9515905
2023-02-12 16:00:00,32.6260045
2023-02-12 17:00:00,31.3321355
2023-02-12 18:00:00,30.1796995
2023-02-12 19:00:00,28.244763
2023-02-12 20:00:00,26.5165065
2023-02-12 21:00:00,24.8462835
2023-02-12 22:00:00,27.630762
2023-02-12 23:00:00,32.863268000000005
2023-02-13 00:00:00,34.641245
2023-02-13 01:00:00,32.879580000000004
2023-02-13 02:00:00,31.923758
2023-02-13 03:00:00,29.0182985
2023-02-13 04:00:00,25.097406
2023-02-13 05:00:00,22.8662835
2023-02-13 06:00:00,20.508666
2023-02-13 07:00:00,20.085652
2023-02-13 08:00:00,19.962424
2023-02-13 09:00:00,20.3416735
2023-02-13 10:00:00,21.9317265
2023-02-13 11:00:00,29.51954
2023-02-13 12:00:00,42.632689
2023-02-13 13:00:00,45.4720585
2023-02-13 14:00:00,31.645842
2023-02-13 15:00:00,26.547662000000003
2023-02-13 16:00:00,24.791696
2023-02-13 17:00:00,22.39364
2023-02-13 18:00:00,21.983385
2023-02-13 19:00:00,21.3335295
2023-02-13 20:00:00,20.6012785
2023-02-13 21:00:00,20.870444
2023-02-13 22:00:00,22.915301
2023-02-13 23:00:00,31.070253
2023-02-14 00:00:00,40.3406485
2023-02-14 01:00:00,32.8844065
2023-02-14 02:00:00,30.831161
2023-02-14 03:00:00,26.3840655
2023-02-14 04:00:00,22.530442
2023-02-14 05:00:00,21.601273
2023-02-14 06:00:00,20.9326765
2023-02-14 07:00:00,20.5197655
2023-02-14 08:00:00,20.487486
2023-02-14 09:00:00,20.491404
2023-02-14 10:00:00,22.5869385
2023-02-14 11:00:00,27.6200315
2023-02-14 12:00:00,43.921708
2023-02-14 13:00:00,43.16967
2023-02-14 14:00:00,28.1974005
2023-02-14 15:00:00,23.617835
2023-02-14 16:00:00,22.293992
2023-02-14 17:00:00,20.8521065
2023-02-14 18:00:00,20.3566005
2023-02-14 19:00:00,20.193474
2023-02-14 20:00:00,19.615828
2023-02-14 21:00:00,19.989424
2023-02-14 22:00:00,20.969136
2023-02-14 23:00:00,27.6488805
2023-02-15 00:00:00,30.170766
2023-02-15 01:00:00,27.366709
2023-02-15 02:00:00,25.3431125
2023-02-15 03:00:00,23.0103385
2023-02-15 04:00:00,20.4919055
2023-02-15 05:00:00,19.887371
2023-02-15 06:00:00,18.38308
2023-02-15 07:00:00,17.1617295
2023-02-15 08:00:00,16.8015625
2023-02-15 09:00:00,16.649086500000003
2023-02-15 10:00:00,18.347555
2023-02-15 11:00:00,20.5407185
2023-02-15 12:00:00,32.3878895
2023-02-15 13:00:00,32.400664
2023-02-15 14:00:00,25.8597715
2023-02-15 15:00:00,22.4670655
2023-02-15 16:00:00,21.663788
2023-02-15 17:00:00,20.825794
2023-02-15 18:00:00,20.6435525
2023-02-15 19:00:00,20.705237500000003
2023-02-15 20:00:00,20.854157
2023-02-15 21:00:00,21.016444
2023-02-15 22:00:00,22.79114
2023-02-15 23:00:00,31.566936500000004
2023-02-16 00:00:00,37.77229
2023-02-16 01:00:00,31.861703
2023-02-16 02:00:00,29.945753
2023-02-16 03:00:00,25.723451
2023-02-16 04:00:00,22.025389500000003
2023-02-16 05:00:00,20.4635895
2023-02-16 06:00:00,19.334802
2023-02-16 07:00:00,18.635733
2023-02-16 08:00:00,17.766069
2023-02-16 09:00:00,17.048198999999997
2023-02-16 10:00:00,17.993763
2023-02-16 11:00:00,20.271996
2023-02-16 12:00:00,29.5494615
2023-02-16 13:00:00,29.1650335
2023-02-16 14:00:00,29.53387
2023-02-16 15:00:00,29.193136000000003
2023-02-16 16:00:00,29.6150435
2023-02-16 17:00:00,29.540447
2023-02-16 18:00:00,29.0166105
2023-02-16 19:00:00,28.76201
2023-02-16 20:00:00,26.5635405
2023-02-16 21:00:00,25.179745500000003
2023-02-16 22:00:00,25.978223
2023-02-16 23:00:00,28.5263575
2023-02-17 00:00:00,29.2432945
2023-02-17 01:00:00,28.591739
2023-02-17 02:00:00,26.5302955
2023-02-17 03:00:00,22.5804785
2023-02-17 04:00:00,20.341459
2023-02-17 05:00:00,18.9778905
2023-02-17 06:00:00,18.463269
2023-02-17 07:00:00,17.827627999999997
2023-02-17 08:00:00,17.4006355
2023-02-17 09:00:00,17.7090205
2023-02-17 10:00:00,19.277055
2023-02-17 11:00:00,22.789421
2023-02-17 12:00:00,33.502971
2023-02-17 13:00:00,35.887559499999995
2023-02-17 14:00:00,36.4233375
2023-02-17 15:00:00,36.273335
2023-02-17 16:00:00,35.933479500000004
2023-02-17 17:00:00,34.7134045
2023-02-17 18:00:00,31.879764
2023-02-17 19:00:00,30.8628635
2023-02-17 20:00:00,29.3187565
2023-02-17 21:00:00,29.6737135
2023-02-17 22:00:00,32.3779905
2023-02-17 23:00:00,40.2252015
2023-02-18 00:00:00,45.620097
2023-02-18 01:00:00,40.3557655
2023-02-18 02:00:00,38.219999
2023-02-18 03:00:00,35.991842500000004
2023-02-18 04:00:00,33.2246945
2023-02-18 05:00:00,29.3860655
2023-02-18 06:00:00,28.136382
2023-02-18 07:00:00,27.064456
2023-02-18 08:00:00,26.0612235
2023-02-18 09:00:00,26.1704795
2023-02-18 10:00:00,28.4463655
2023-02-18 11:00:00,30.832369
2023-02-18 12:00:00,36.521435
2023-02-18 13:00:00,36.9815925
2023-02-18 14:00:00,31.9045255
2023-02-18 15:00:00,27.14589
2023-02-18 16:00:00,24.1130135
2023-02-18 17:00:00,21.4391455
2023-02-18 18:00:00,20.3935625
2023-02-18 19:00:00,19.300943
2023-02-18 20:00:00,18.439144
2023-02-18 21:00:00,18.3082825
2023-02-18 22:00:00,19.9695895
2023-02-18 23:00:00,24.8239645
2023-02-19 00:00:00,30.4090015
2023-02-19 01:00:00,27.1977955
2023-02-19 02:00:00,26.374753
2023-02-19 03:00:00,25.033833
2023-02-19 04:00:00,22.650755
2023-02-19 05:00:00,21.4062105
2023-02-19 06:00:00,21.3303035
2023-02-19 07:00:00,20.634505500000003
2023-02-19 08:00:00,20.328764
2023-02-19 09:00:00,20.6295325
2023-02-19 10:00:00,21.756861
2023-02-19 11:00:00,23.5255745
2023-02-19 12:00:00,25.981593
2023-02-19 13:00:00,26.843098
2023-02-19 14:00:00,24.635225
2023-02-19 15:00:00,21.355074
2023-02-19 16:00:00,20.3529675
2023-02-19 17:00:00,19.8808115
2023-02-19 18:00:00,19.5967655
2023-02-19 19:00:00,18.6164455
2023-02-19 20:00:00,18.3555215
2023-02-19 21:00:00,18.7363935
2023-02-19 22:00:00,19.8317765
2023-02-19 23:00:00,24.294202
2023-02-20 00:00:00,30.96732
2023-02-20 01:00:00,27.2950605
2023-02-20 02:00:00,23.463692
2023-02-20 03:00:00,21.765385
2023-02-20 04:00:00,20.2779935
2023-02-20 05:00:00,19.536056
2023-02-20 06:00:00,18.594501
2023-02-20 07:00:00,18.7983975
2023-02-20 08:00:00,18.3468355
2023-02-20 09:00:00,18.8362785
2023-02-20 10:00:00,19.2834055
2023-02-20 11:00:00,21.93308
2023-02-20 12:00:00,31.203918
2023-02-20 13:00:00,38.7687975
2023-02-20 14:00:00,35.89144
2023-02-20 15:00:00,34.540369
2023-02-20 16:00:00,33.38194
2023-02-20 17:00:00,31.800959
2023-02-20 18:00:00,29.5193875
2023-02-20 19:00:00,25.505262
2023-02-20 20:00:00,24.8779525
2023-02-20 21:00:00,24.8916
2023-02-20 22:00:00,28.569741
2023-02-20 23:00:00,37.11573
2023-02-21 00:00:00,43.8768485
2023-02-21 01:00:00,38.5173405
2023-02-21 02:00:00,36.17757
2023-02-21 03:00:00,29.286668
2023-02-21 04:00:00,24.943084
2023-02-21 05:00:00,20.0870185
2023-02-21 06:00:00,20.394082
2023-02-21 07:00:00,19.4201805
2023-02-21 08:00:00,18.3038105
2023-02-21 09:00:00,18.1462365
2023-02-21 10:00:00,20.398405500000003
2023-02-21 11:00:00,26.431061
2023-02-21 12:00:00,38.9920635
2023-02-21 13:00:00,42.1884505
2023-02-21 14:00:00,37.705678
2023-02-21 15:00:00,33.18551
2023-02-21 16:00:00,28.0804845
2023-02-21 17:00:00,27.642728
2023-02-21 18:00:00,27.2120595
2023-02-21 19:00:00,25.5808645
2023-02-21 20:00:00,23.541096
2023-02-21 21:00:00,23.5322005
2023-02-21 22:00:00,26.743255
2023-02-21 23:00:00,35.411262
2023-02-22 00:00:00,45.431157
2023-02-22 01:00:00,39.1103065
2023-02-22 02:00:00,33.678903500000004
2023-02-22 03:00:00,28.803319
2023-02-22 04:00:00,23.313982000000003
2023-02-22 05:00:00,21.4535635
2023-02-22 06:00:00,19.9663085
2023-02-22 07:00:00,19.30032
2023-02-22 08:00:00,18.918525
2023-02-22 09:00:00,19.4389815
2023-02-22 10:00:00,20.7572495
2023-02-22 11:00:00,22.9565705
2023-02-22 12:00:00,31.8680215
2023-02-22 13:00:00,33.98744000000001
2023-02-22 14:00:00,30.1264105
2023-02-22 15:00:00,29.920337
2023-02-22 16:00:00,30.357385
2023-02-22 17:00:00,29.5778375
2023-02-22 18:00:00,29.454726
2023-02-22 19:00:00,27.819298
2023-02-22 20:00:00,25.821649
2023-02-22 21:00:00,25.212406
2023-02-22 22:00:00,28.1591305
2023-02-22 23:00:00,32.0787605
2023-02-23 00:00:00,34.7188545
2023-02-23 01:00:00,31.093902
2023-02-23 02:00:00,27.5177575
2023-02-23 03:00:00,24.0582
2023-02-23 04:00:00,21.171653
2023-02-23 05:00:00,19.185748
2023-02-23 06:00:00,19.903143
2023-02-23 07:00:00,19.481029
2023-02-23 08:00:00,18.2917325
2023-02-23 09:00:00,18.2800945
2023-02-23 10:00:00,19.224791
2023-02-23 11:00:00,21.391395
2023-02-23 12:00:00,28.858302
2023-02-23 13:00:00,29.9773735
2023-02-23 14:00:00,26.7323
2023-02-23 15:00:00,25.4673825
2023-02-23 16:00:00,25.0695595
2023-02-23 17:00:00,25.129684
2023-02-23 18:00:00,25.030607
2023-02-23 19:00:00,25.5232655
2023-02-23 20:00:00,25.2202175
2023-02-23 21:00:00,26.5544575
2023-02-23 22:00:00,28.8688965
2023-02-23 23:00:00,32.796038
2023-02-24 00:00:00,36.6822085
2023-02-24 01:00:00,33.2533145
2023-02-24 02:00:00,28.347967
2023-02-24 03:00:00,24.9306325
2023-02-24 04:00:00,21.068634
2023-02-24 05:00:00,18.9885755
2023-02-24 06:00:00,18.463229
2023-02-24 07:00:00,18.0586055
2023-02-24 08:00:00,18.2747755
2023-02-24 09:00:00,18.288732
2023-02-24 10:00:00,20.033366
2023-02-24 11:00:00,24.639434
2023-02-24 12:00:00,35.267793
2023-02-24 13:00:00,37.5019055
2023-02-24 14:00:00,33.9466705
2023-02-24 15:00:00,33.6061115
2023-02-24 16:00:00,32.9521245
2023-02-24 17:00:00,32.7603665
2023-02-24 18:00:00,30.389163
2023-02-24 19:00:00,30.502065
2023-02-24 20:00:00,29.688491
2023-02-24 21:00:00,29.837579
2023-02-24 22:00:00,30.2521195
2023-02-24 23:00:00,33.356669
2023-02-25 00:00:00,38.3068195
2023-02-25 01:00:00,37.091387
2023-02-25 02:00:00,34.038418500000006
2023-02-25 03:00:00,32.5828015
2023-02-25 04:00:00,30.0121495
2023-02-25 05:00:00,28.470676
2023-02-25 06:00:00,28.9411425
2023-02-25 07:00:00,28.6553195
2023-02-25 08:00:00,27.075748
2023-02-25 09:00:00,26.7053795
2023-02-25 10:00:00,27.876882
2023-02-25 11:00:00,28.397304
2023-02-25 12:00:00,31.260987
2023-02-25 13:00:00,35.608991
2023-02-25 14:00:00,36.523627
2023-02-25 15:00:00,36.4466625
2023-02-25 16:00:00,37.0541205
2023-02-25 17:00:00,35.4192625
2023-02-25 18:00:00,34.4324115
2023-02-25 19:00:00,30.509694
2023-02-25 20:00:00,28.9085125
2023-02-25 21:00:00,28.413014
2023-02-25 22:00:00,30.474793
2023-02-25 23:00:00,34.449433
2023-02-26 00:00:00,39.030698
2023-02-26 01:00:00,35.958813
2023-02-26 02:00:00,32.527737
2023-02-26 03:00:00,30.020583
2023-02-26 04:00:00,27.375497
2023-02-26 05:00:00,25.83764
2023-02-26 06:00:00,25.2648305
2023-02-26 07:00:00,23.949647
2023-02-26 08:00:00,23.227727
2023-02-26 09:00:00,23.545878
2023-02-26 10:00:00,23.883628
2023-02-26 11:00:00,25.666584
2023-02-26 12:00:00,29.401895
2023-02-26 13:00:00,31.4045335
2023-02-26 14:00:00,31.1492205
2023-02-26 15:00:00,26.1143935
2023-02-26 16:00:00,23.434002
2023-02-26 17:00:00,22.912592
2023-02-26 18:00:00,21.98533
2023-02-26 19:00:00,21.146408
2023-02-26 20:00:00,20.017457
2023-02-26 21:00:00,19.7943615
2023-02-26 22:00:00,21.779036
2023-02-26 23:00:00,24.992587
2023-02-27 00:00:00,34.4336705
2023-02-27 01:00:00,32.258562999999995
2023-02-27 02:00:00,28.996231
2023-02-27 03:00:00,24.970119500000003
2023-02-27 04:00:00,23.2728765
2023-02-27 05:00:00,21.805376000000003
2023-02-27 06:00:00,20.856011
2023-02-27 07:00:00,20.294352
2023-02-27 08:00:00,19.8573835
2023-02-27 09:00:00,20.1966035
2023-02-27 10:00:00,21.6622445
2023-02-27 11:00:00,24.424434
2023-02-27 12:00:00,34.035437
2023-02-27 13:00:00,32.731971
2023-02-27 14:00:00,29.1203485
2023-02-27 15:00:00,28.8105275
2023-02-27 16:00:00,28.579943
2023-02-27 17:00:00,28.944439
2023-02-27 18:00:00,27.9131105
2023-02-27 19:00:00,27.8458065
2023-02-27 20:00:00,28.319765500000003
2023-02-27 21:00:00,27.450539
2023-02-27 22:00:00,27.810295
2023-02-27 23:00:00,31.306956
2023-02-28 00:00:00,36.1657015
2023-02-28 01:00:00,31.606075
2023-02-28 02:00:00,27.9655975
2023-02-28 03:00:00,25.936749
2023-02-28 04:00:00,23.1719555
2023-02-28 05:00:00,21.0180455
2023-02-28 06:00:00,21.680687
2023-02-28 07:00:00,21.566579500000003
2023-02-28 08:00:00,21.267719
2023-02-28 09:00:00,21.475831
2023-02-28 10:00:00,23.2934195
2023-02-28 11:00:00,25.6903845
2023-02-28 12:00:00,37.129153
2023-02-28 13:00:00,37.7580455
2023-02-28 14:00:00,34.4440475
2023-02-28 15:00:00,34.9793005
2023-02-28 16:00:00,34.710301
2023-02-28 17:00:00,35.096917000000005
2023-02-28 18:00:00,31.1465415
2023-02-28 19:00:00,30.230985
2023-02-28 20:00:00,26.9035335
2023-02-28 21:00:00,26.5693775
2023-02-28 22:00:00,27.680003
2023-02-28 23:00:00,31.518624
2023-03-01 00:00:00,36.7467325
2023-03-01 01:00:00,33.244152
2023-03-01 02:00:00,30.201483
2023-03-01 03:00:00,27.092146
2023-03-01 04:00:00,24.286653
2023-03-01 05:00:00,22.804956
2023-03-01 06:00:00,22.20904
2023-03-01 07:00:00,21.6910835
2023-03-01 08:00:00,21.681802
2023-03-01 09:00:00,21.8367205
2023-03-01 10:00:00,23.5654075
2023-03-01 11:00:00,27.787894
2023-03-01 12:00:00,41.464815
2023-03-01 13:00:00,40.054415500000005
2023-03-01 14:00:00,29.8509005
2023-03-01 15:00:00,27.6607405
2023-03-01 16:00:00,26.3005715
2023-03-01 17:00:00,24.95686
2023-03-01 18:00:00,24.871606
2023-03-01 19:00:00,24.3781095
2023-03-01 20:00:00,23.212552
2023-03-01 21:00:00,23.666071
2023-03-01 22:00:00,25.292783
2023-03-01 23:00:00,30.9848955
2023-03-02 00:00:00,34.7895305
2023-03-02 01:00:00,33.1030505
2023-03-02 02:00:00,28.1654165
2023-03-02 03:00:00,25.533873
2023-03-02 04:00:00,22.769953
2023-03-02 05:00:00,21.299925
2023-03-02 06:00:00,21.562319
2023-03-02 07:00:00,21.3427765
2023-03-02 08:00:00,20.88559
2023-03-02 09:00:00,21.103878
2023-03-02 10:00:00,22.536495
2023-03-02 11:00:00,25.3421
2023-03-02 12:00:00,38.20768150000001
2023-03-02 13:00:00,40.1015195
2023-03-02 14:00:00,38.8242725
2023-03-02 15:00:00,39.49811
2023-03-02 16:00:00,38.275806
2023-03-02 17:00:00,35.3040915
2023-03-02 18:00:00,32.513041
2023-03-02 19:00:00,30.6423515
2023-03-02 20:00:00,29.40084
2023-03-02 21:00:00,29.2588575
2023-03-02 22:00:00,30.4520745
2023-03-02 23:00:00,34.8690775
2023-03-03 00:00:00,37.9488175
2023-03-03 01:00:00,37.3402195
2023-03-03 02:00:00,33.1351445
2023-03-03 03:00:00,29.7501355
2023-03-03 04:00:00,26.069786
2023-03-03 05:00:00,22.822984
2023-03-03 06:00:00,21.497131
2023-03-03 07:00:00,20.3100715
2023-03-03 08:00:00,20.526745
2023-03-03 09:00:00,20.6309495
2023-03-03 10:00:00,21.210314
2023-03-03 11:00:00,23.779288
2023-03-03 12:00:00,30.4036935
2023-03-03 13:00:00,34.348560500000005
2023-03-03 14:00:00,33.664489
2023-03-03 15:00:00,34.5038605
2023-03-03 16:00:00,36.2110245
2023-03-03 17:00:00,34.6728665
2023-03-03 18:00:00,34.104735
2023-03-03 19:00:00,33.6066665
2023-03-03 20:00:00,32.839141
2023-03-03 21:00:00,31.928256
2023-03-03 22:00:00,32.8628985
2023-03-03 23:00:00,34.35342249999999
2023-03-04 00:00:00,35.573102000000006
2023-03-04 01:00:00,34.23857
2023-03-04 02:00:00,29.3169015
2023-03-04 03:00:00,28.6869695
2023-03-04 04:00:00,26.4943255
2023-03-04 05:00:00,23.7622655
2023-03-04 06:00:00,26.358777
2023-03-04 07:00:00,25.9915085
2023-03-04 08:00:00,26.009564
2023-03-04 09:00:00,25.7601865
2023-03-04 10:00:00,26.7182215
2023-03-04 11:00:00,28.686653
2023-03-04 12:00:00,31.34413
2023-03-04 13:00:00,34.1379005
2023-03-04 14:00:00,35.008899
2023-03-04 15:00:00,34.97104
2023-03-04 16:00:00,34.525043499999995
2023-03-04 17:00:00,32.567317
2023-03-04 18:00:00,28.6939155
2023-03-04 19:00:00,27.219013
2023-03-04 20:00:00,25.6980245
2023-03-04 21:00:00,25.283004
2023-03-04 22:00:00,27.5719215
2023-03-04 23:00:00,32.383813
2023-03-05 00:00:00,39.0651005
2023-03-05 01:00:00,39.926846
2023-03-05 02:00:00,36.014086
2023-03-05 03:00:00,35.747694
2023-03-05 04:00:00,31.544675
2023-03-05 05:00:00,29.266596
2023-03-05 06:00:00,29.1752155
2023-03-05 07:00:00,27.3176225
2023-03-05 08:00:00,26.1247965
2023-03-05 09:00:00,27.411724
2023-03-05 10:00:00,28.321319000000003
2023-03-05 11:00:00,29.8308325
2023-03-05 12:00:00,29.8580405
2023-03-05 13:00:00,29.284905
2023-03-05 14:00:00,27.1915795
2023-03-05 15:00:00,25.208884
2023-03-05 16:00:00,24.931845
2023-03-05 17:00:00,24.344347
2023-03-05 18:00:00,23.7965225
2023-03-05 19:00:00,22.942835
2023-03-05 20:00:00,22.149367
2023-03-05 21:00:00,22.0932615
2023-03-05 22:00:00,23.3930205
2023-03-05 23:00:00,27.1260405
2023-03-06 00:00:00,35.403387499999994
2023-03-06 01:00:00,34.065468
2023-03-06 02:00:00,32.642886000000004
2023-03-06 03:00:00,27.936857000000003
2023-03-06 04:00:00,25.438403
2023-03-06 05:00:00,25.174061
2023-03-06 06:00:00,25.6875925
2023-03-06 07:00:00,24.774984000000003
2023-03-06 08:00:00,24.683639
2023-03-06 09:00:00,25.708404
2023-03-06 10:00:00,27.1021575
2023-03-06 11:00:00,34.6050455
2023-03-06 12:00:00,48.975871
2023-03-06 13:00:00,42.9062495
2023-03-06 14:00:00,37.1721495
2023-03-06 15:00:00,34.8131435
2023-03-06 16:00:00,34.827337
2023-03-06 17:00:00,34.0776905
2023-03-06 18:00:00,32.6330225
2023-03-06 19:00:00,31.453903500000003
2023-03-06 20:00:00,29.907835
2023-03-06 21:00:00,29.7914945
2023-03-06 22:00:00,30.864228500000003
2023-03-06 23:00:00,38.436515
2023-03-07 00:00:00,43.315894
2023-03-07 01:00:00,41.154439
2023-03-07 02:00:00,36.988261
2023-03-07 03:00:00,33.92742
2023-03-07 04:00:00,28.7557175
2023-03-07 05:00:00,27.151947
2023-03-07 06:00:00,25.831675500000003
2023-03-07 07:00:00,24.551376
2023-03-07 08:00:00,23.876358
2023-03-07 09:00:00,24.3871695
2023-03-07 10:00:00,26.610213
2023-03-07 11:00:00,30.865247
2023-03-07 12:00:00,40.2111145
2023-03-07 13:00:00,39.2817935
2023-03-07 14:00:00,36.139549
2023-03-07 15:00:00,33.558375
2023-03-07 16:00:00,33.916695
2023-03-07 17:00:00,31.006532
2023-03-07 18:00:00,30.0090645
2023-03-07 19:00:00,28.293989000000003
2023-03-07 20:00:00,27.4716525
2023-03-07 21:00:00,27.9036725
2023-03-07 22:00:00,29.137809500000003
2023-03-07 23:00:00,35.026880000000006
2023-03-08 00:00:00,47.5025145
2023-03-08 01:00:00,48.106026
2023-03-08 02:00:00,40.0265095
2023-03-08 03:00:00,37.639638
2023-03-08 04:00:00,32.5907605
2023-03-08 05:00:00,30.2919555
2023-03-08 06:00:00,27.752653
2023-03-08 07:00:00,27.957343
2023-03-08 08:00:00,27.172122
2023-03-08 09:00:00,27.661391
2023-03-08 10:00:00,30.383372
2023-03-08 11:00:00,37.462588
2023-03-08 12:00:00,61.872543500000006
2023-03-08 13:00:00,50.2331045
2023-03-08 14:00:00,35.8727795
2023-03-08 15:00:00,33.006069
2023-03-08 16:00:00,30.434811
2023-03-08 17:00:00,29.1492445
2023-03-08 18:00:00,27.963938
2023-03-08 19:00:00,26.9867015
2023-03-08 20:00:00,25.6953995
2023-03-08 21:00:00,25.444493
2023-03-08 22:00:00,27.488414
2023-03-08 23:00:00,32.7298915
2023-03-09 00:00:00,41.372143
2023-03-09 01:00:00,40.002703
2023-03-09 02:00:00,35.524882500000004
2023-03-09 03:00:00,32.8736575
2023-03-09 04:00:00,29.093601
2023-03-09 05:00:00,28.306311
2023-03-09 06:00:00,26.8971955
2023-03-09 07:00:00,26.5843375
2023-03-09 08:00:00,26.8101895
2023-03-09 09:00:00,27.4146865
2023-03-09 10:00:00,30.188175
2023-03-09 11:00:00,35.93133
2023-03-09 12:00:00,56.1098485
2023-03-09 13:00:00,44.983382
2023-03-09 14:00:00,36.6033625
2023-03-09 15:00:00,32.1729225
2023-03-09 16:00:00,31.066962
2023-03-09 17:00:00,28.3874075
2023-03-09 18:00:00,27.555693
2023-03-09 19:00:00,26.272417
2023-03-09 20:00:00,25.939294500000003
2023-03-09 21:00:00,25.5464665
2023-03-09 22:00:00,26.1309545
2023-03-09 23:00:00,30.762358
2023-03-10 00:00:00,36.7113165
2023-03-10 01:00:00,36.1887095
2023-03-10 02:00:00,34.7169685
2023-03-10 03:00:00,31.98852
2023-03-10 04:00:00,29.1832465
2023-03-10 05:00:00,26.9134195
2023-03-10 06:00:00,25.5707295
2023-03-10 07:00:00,24.637453
2023-03-10 08:00:00,24.1063995
2023-03-10 09:00:00,24.8008605
2023-03-10 10:00:00,25.8130755
2023-03-10 11:00:00,29.309454
2023-03-10 12:00:00,39.905257
2023-03-10 13:00:00,38.956944
2023-03-10 14:00:00,38.265816
2023-03-10 15:00:00,38.3013275
2023-03-10 16:00:00,39.624987
2023-03-10 17:00:00,38.2744765
2023-03-10 18:00:00,37.4319545
2023-03-10 19:00:00,37.3697315
2023-03-10 20:00:00,35.83155
2023-03-10 21:00:00,35.832351
2023-03-10 22:00:00,36.796325
2023-03-10 23:00:00,38.409809
2023-03-11 00:00:00,38.934008000000006
2023-03-11 01:00:00,38.985933
2023-03-11 02:00:00,37.167794
2023-03-11 03:00:00,34.355729999999994
2023-03-11 04:00:00,31.3742545
2023-03-11 05:00:00,28.830674
2023-03-11 06:00:00,26.165049
2023-03-11 07:00:00,24.6457655
2023-03-11 08:00:00,23.913794
2023-03-11 09:00:00,24.195764
2023-03-11 10:00:00,25.2220235
2023-03-11 11:00:00,28.1310255
2023-03-11 12:00:00,30.2840645
2023-03-11 13:00:00,30.359765000000003
2023-03-11 14:00:00,30.250824
2023-03-11 15:00:00,30.255201
2023-03-11 16:00:00,29.309202
2023-03-11 17:00:00,27.722112000000003
2023-03-11 18:00:00,25.110578
2023-03-11 19:00:00,24.468644
2023-03-11 20:00:00,22.901622
2023-03-11 21:00:00,22.841479
2023-03-11 22:00:00,24.373216
2023-03-11 23:00:00,26.849788500000003
2023-03-12 00:00:00,32.9675285
2023-03-12 01:00:00,32.3617455
2023-03-12 02:00:00,30.911258
2023-03-12 03:00:00,28.7610995
2023-03-12 04:00:00,27.5448135
2023-03-12 05:00:00,25.7488315
2023-03-12 06:00:00,24.9685995
2023-03-12 07:00:00,24.6572825
2023-03-12 08:00:00,24.3788875
2023-03-12 09:00:00,24.9174355
2023-03-12 10:00:00,25.362095
2023-03-12 11:00:00,27.932441
2023-03-12 12:00:00,27.752176
2023-03-12 13:00:00,28.253329
2023-03-12 14:00:00,29.2663055
2023-03-12 15:00:00,29.9380745
2023-03-12 16:00:00,28.527186
2023-03-12 17:00:00,28.188077
2023-03-12 18:00:00,26.710738
2023-03-12 19:00:00,26.5486155
2023-03-12 20:00:00,25.914868
2023-03-12 21:00:00,27.943256
2023-03-12 22:00:00,28.154853
2023-03-12 23:00:00,31.356018
2023-03-13 00:00:00,36.1716745
2023-03-13 01:00:00,34.514827999999994
2023-03-13 02:00:00,29.8229665
2023-03-13 03:00:00,28.631617
2023-03-13 04:00:00,25.729544
2023-03-13 05:00:00,24.2113775
2023-03-13 06:00:00,23.952786
2023-03-13 07:00:00,23.3692425
2023-03-13 08:00:00,23.9659585
2023-03-13 09:00:00,24.553531
2023-03-13 10:00:00,26.8855655
2023-03-13 11:00:00,40.108248
2023-03-13 12:00:00,45.445145
2023-03-13 13:00:00,41.5787175
2023-03-13 14:00:00,40.0864325
2023-03-13 15:00:00,39.824958
2023-03-13 16:00:00,37.325106000000005
2023-03-13 17:00:00,35.1969365
2023-03-13 18:00:00,33.236174
2023-03-13 19:00:00,30.8335025
2023-03-13 20:00:00,30.2609405
2023-03-13 21:00:00,30.4631965
2023-03-13 22:00:00,32.216232500000004
2023-03-13 23:00:00,35.1663355
2023-03-14 00:00:00,41.20147
2023-03-14 01:00:00,39.670845
2023-03-14 02:00:00,34.656844
2023-03-14 03:00:00,32.157754
2023-03-14 04:00:00,27.820646
2023-03-14 05:00:00,26.9529725
2023-03-14 06:00:00,26.6009465
2023-03-14 07:00:00,25.896641
2023-03-14 08:00:00,26.744987
2023-03-14 09:00:00,29.469093
2023-03-14 10:00:00,35.573836
2023-03-14 11:00:00,46.490962
2023-03-14 12:00:00,62.8102265
2023-03-14 13:00:00,46.6308365
2023-03-14 14:00:00,37.5127205
2023-03-14 15:00:00,37.4915575
2023-03-14 16:00:00,35.9695945
2023-03-14 17:00:00,33.611580000000004
2023-03-14 18:00:00,32.1735925
2023-03-14 19:00:00,30.5597835
2023-03-14 20:00:00,28.91146
2023-03-14 21:00:00,29.9611965
2023-03-14 22:00:00,32.1578955
2023-03-14 23:00:00,38.9198935
2023-03-15 00:00:00,52.7358805
2023-03-15 01:00:00,47.840597
2023-03-15 02:00:00,40.932646000000005
2023-03-15 03:00:00,35.432176
2023-03-15 04:00:00,31.6880065
2023-03-15 05:00:00,31.394131
2023-03-15 06:00:00,30.771494500000003
2023-03-15 07:00:00,30.5532605
2023-03-15 08:00:00,31.797545
2023-03-15 09:00:00,32.953514
2023-03-15 10:00:00,41.514253
2023-03-15 11:00:00,69.1741105
2023-03-15 12:00:00,75.335129
2023-03-15 13:00:00,46.6802735
2023-03-15 14:00:00,35.0494325
2023-03-15 15:00:00,32.103112
2023-03-15 16:00:00,30.3185505
2023-03-15 17:00:00,27.792447000000003
2023-03-15 18:00:00,25.8195795
2023-03-15 19:00:00,24.5747545
2023-03-15 20:00:00,23.9728725
2023-03-15 21:00:00,23.6161245
2023-03-15 22:00:00,24.9234065
2023-03-15 23:00:00,29.7153085
2023-03-16 00:00:00,34.5220075
2023-03-16 01:00:00,33.743590999999995
2023-03-16 02:00:00,30.9361185
2023-03-16 03:00:00,28.809031
2023-03-16 04:00:00,25.8292055
2023-03-16 05:00:00,25.686933
2023-03-16 06:00:00,25.485755
2023-03-16 07:00:00,25.091226
2023-03-16 08:00:00,25.855536
2023-03-16 09:00:00,28.9240865
2023-03-16 10:00:00,34.416827999999995
2023-03-16 11:00:00,53.456338
2023-03-16 12:00:00,71.48910649999999
2023-03-16 13:00:00,37.5354965
2023-03-16 14:00:00,30.2582425
2023-03-16 15:00:00,28.4470055
2023-03-16 16:00:00,26.1552265
2023-03-16 17:00:00,24.3537755
2023-03-16 18:00:00,23.1600925
2023-03-16 19:00:00,22.278741
2023-03-16 20:00:00,22.026356
2023-03-16 21:00:00,22.5996015
2023-03-16 22:00:00,23.9107015
2023-03-16 23:00:00,26.7637855
2023-03-17 00:00:00,31.9697135
2023-03-17 01:00:00,30.684942
2023-03-17 02:00:00,26.445373
2023-03-17 03:00:00,23.3200145
2023-03-17 04:00:00,21.8418145
2023-03-17 05:00:00,21.138103
2023-03-17 06:00:00,19.9335905
2023-03-17 07:00:00,18.9570175
2023-03-17 08:00:00,19.243766
2023-03-17 09:00:00,20.0537435
2023-03-17 10:00:00,23.201217
2023-03-17 11:00:00,29.684392000000003
2023-03-17 12:00:00,33.385016
2023-03-17 13:00:00,31.0129195
2023-03-17 14:00:00,30.148979
2023-03-17 15:00:00,29.979986
2023-03-17 16:00:00,29.897392
2023-03-17 17:00:00,29.7999705
2023-03-17 18:00:00,29.4624035
2023-03-17 19:00:00,28.347446
2023-03-17 20:00:00,27.200508
2023-03-17 21:00:00,27.029763000000003
2023-03-17 22:00:00,27.5053435
2023-03-17 23:00:00,29.5713285
2023-03-18 00:00:00,32.856196999999995
2023-03-18 01:00:00,31.5566205
2023-03-18 02:00:00,29.721957
2023-03-18 03:00:00,26.2541745
2023-03-18 04:00:00,23.159905
2023-03-18 05:00:00,22.6558875
2023-03-18 06:00:00,22.344694500000003
2023-03-18 07:00:00,21.72756
2023-03-18 08:00:00,21.775005
2023-03-18 09:00:00,22.4935075
2023-03-18 10:00:00,23.7669145
2023-03-18 11:00:00,27.2075645
2023-03-18 12:00:00,30.2368995
2023-03-18 13:00:00,29.7875205
2023-03-18 14:00:00,28.8487915
2023-03-18 15:00:00,28.405867
2023-03-18 16:00:00,26.3199925
2023-03-18 17:00:00,24.491567
2023-03-18 18:00:00,23.5382195
2023-03-18 19:00:00,22.946438
2023-03-18 20:00:00,23.1065795
2023-03-18 21:00:00,22.6715385
2023-03-18 22:00:00,23.9519305
2023-03-18 23:00:00,28.796423
2023-03-19 00:00:00,38.3451865
2023-03-19 01:00:00,39.915433
2023-03-19 02:00:00,34.7705125
2023-03-19 03:00:00,32.0612745
2023-03-19 04:00:00,30.0591265
2023-03-19 05:00:00,28.462859
2023-03-19 06:00:00,27.3412335
2023-03-19 07:00:00,27.0575015
2023-03-19 08:00:00,27.5150835
2023-03-19 09:00:00,28.278358
2023-03-19 10:00:00,30.2622855
2023-03-19 11:00:00,34.7711875
2023-03-19 12:00:00,41.9637635
2023-03-19 13:00:00,38.169322
2023-03-19 14:00:00,33.348434999999995
2023-03-19 15:00:00,30.5827035
2023-03-19 16:00:00,28.9288745
2023-03-19 17:00:00,25.7900945
2023-03-19 18:00:00,24.5258105
2023-03-19 19:00:00,23.451542
2023-03-19 20:00:00,23.5631035
2023-03-19 21:00:00,23.673992
2023-03-19 22:00:00,25.718713
2023-03-19 23:00:00,33.732886500000006
2023-03-20 00:00:00,45.810919
2023-03-20 01:00:00,47.162381
2023-03-20 02:00:00,37.5757475
2023-03-20 03:00:00,33.1471895
2023-03-20 04:00:00,32.131213
2023-03-20 05:00:00,30.607645
2023-03-20 06:00:00,30.60199
2023-03-20 07:00:00,30.6431455
2023-03-20 08:00:00,32.1199505
2023-03-20 09:00:00,35.642649
2023-03-20 10:00:00,52.909351
2023-03-20 11:00:00,86.516828
2023-03-20 12:00:00,115.2807805
2023-03-20 13:00:00,53.4094905
2023-03-20 14:00:00,35.1906455
2023-03-20 15:00:00,32.1083515
2023-03-20 16:00:00,29.152389
2023-03-20 17:00:00,25.0301975
2023-03-20 18:00:00,23.584916
2023-03-20 19:00:00,22.792745
2023-03-20 20:00:00,22.4912015
2023-03-20 21:00:00,22.393361
2023-03-20 22:00:00,24.0560855
2023-03-20 23:00:00,30.505205
2023-03-21 00:00:00,40.5552165
2023-03-21 01:00:00,37.531491
2023-03-21 02:00:00,33.761608499999994
2023-03-21 03:00:00,30.6852875
2023-03-21 04:00:00,27.2800525
2023-03-21 05:00:00,28.2587875
2023-03-21 06:00:00,28.694388
2023-03-21 07:00:00,29.187982
2023-03-21 08:00:00,29.9535815
2023-03-21 09:00:00,32.985093500000005
2023-03-21 10:00:00,44.3005405
2023-03-21 11:00:00,69.640611
2023-03-21 12:00:00,91.756506
2023-03-21 13:00:00,42.473002
2023-03-21 14:00:00,31.867616
2023-03-21 15:00:00,28.652033
2023-03-21 16:00:00,25.8613205
2023-03-21 17:00:00,23.787468500000003
2023-03-21 18:00:00,22.092152
2023-03-21 19:00:00,21.05216
2023-03-21 20:00:00,20.8394925
2023-03-21 21:00:00,21.0609305
2023-03-21 22:00:00,23.367817
2023-03-21 23:00:00,26.853251
2023-03-22 00:00:00,34.8203235
2023-03-22 01:00:00,34.059512999999995
2023-03-22 02:00:00,29.2266195
2023-03-22 03:00:00,25.8779225
2023-03-22 04:00:00,23.365267
2023-03-22 05:00:00,20.8003815
2023-03-22 06:00:00,20.495013
2023-03-22 07:00:00,20.233349
2023-03-22 08:00:00,20.581532000000003
2023-03-22 09:00:00,21.238976
2023-03-22 10:00:00,26.4568455
2023-03-22 11:00:00,31.039093
2023-03-22 12:00:00,33.80153249999999
2023-03-22 13:00:00,32.254975
2023-03-22 14:00:00,30.28251
2023-03-22 15:00:00,30.623403
2023-03-22 16:00:00,29.847349
2023-03-22 17:00:00,30.0699225
2023-03-22 18:00:00,28.7656855
2023-03-22 19:00:00,25.875151
2023-03-22 20:00:00,26.460853
2023-03-22 21:00:00,26.304853
2023-03-22 22:00:00,24.8738655
2023-03-22 23:00:00,25.600017
2023-03-23 00:00:00,30.39815
2023-03-23 01:00:00,29.200801
2023-03-23 02:00:00,24.6618885
2023-03-23 03:00:00,21.1521415
2023-03-23 04:00:00,19.724147
2023-03-23 05:00:00,17.59214
2023-03-23 06:00:00,17.1649255
2023-03-23 07:00:00,17.03779
2023-03-23 08:00:00,17.045676
2023-03-23 09:00:00,17.716753500000003
2023-03-23 10:00:00,19.3015765
2023-03-23 11:00:00,26.9928795
2023-03-23 12:00:00,29.1898185
2023-03-23 13:00:00,29.469891
2023-03-23 14:00:00,29.2602055
2023-03-23 15:00:00,29.115017
2023-03-23 16:00:00,29.2945285
2023-03-23 17:00:00,28.487556
2023-03-23 18:00:00,27.743541
2023-03-23 19:00:00,26.3593725
2023-03-23 20:00:00,25.707184
2023-03-23 21:00:00,25.404359
2023-03-23 22:00:00,26.681301
2023-03-23 23:00:00,27.111397
2023-03-24 00:00:00,31.338304
2023-03-24 01:00:00,30.7999135
2023-03-24 02:00:00,27.313583
2023-03-24 03:00:00,23.9792495
2023-03-24 04:00:00,19.858285
2023-03-24 05:00:00,17.908102
2023-03-24 06:00:00,16.866176
2023-03-24 07:00:00,16.418965
2023-03-24 08:00:00,16.2874445
2023-03-24 09:00:00,17.1365435
2023-03-24 10:00:00,18.5935275
2023-03-24 11:00:00,23.96936
2023-03-24 12:00:00,26.86987
2023-03-24 13:00:00,27.359523000000003
2023-03-24 14:00:00,28.146117
2023-03-24 15:00:00,28.032945
2023-03-24 16:00:00,27.560165
2023-03-24 17:00:00,25.961283
2023-03-24 18:00:00,24.854882000000003
2023-03-24 19:00:00,23.3507945
2023-03-24 20:00:00,22.859070000000003
2023-03-24 21:00:00,23.063777
2023-03-24 22:00:00,23.562662000000003
2023-03-24 23:00:00,23.662177
2023-03-25 00:00:00,28.142247
2023-03-25 01:00:00,27.381767
2023-03-25 02:00:00,22.777448
2023-03-25 03:00:00,20.502673
2023-03-25 04:00:00,18.861495
2023-03-25 05:00:00,19.474427
2023-03-25 06:00:00,18.5505115
2023-03-25 07:00:00,17.515841
2023-03-25 08:00:00,17.019194499999998
2023-03-25 09:00:00,17.22902
2023-03-25 10:00:00,18.7401885
2023-03-25 11:00:00,19.757166
2023-03-25 12:00:00,20.0022005
2023-03-25 13:00:00,22.396187
2023-03-25 14:00:00,25.878184
2023-03-25 15:00:00,25.72962
2023-03-25 16:00:00,24.886327
2023-03-25 17:00:00,23.417046
2023-03-25 18:00:00,21.8930345
2023-03-25 19:00:00,20.066046
2023-03-25 20:00:00,19.7994115
2023-03-25 21:00:00,19.673669
2023-03-25 22:00:00,21.238967
2023-03-25 23:00:00,23.3957255
2023-03-26 00:00:00,29.3347365
2023-03-26 01:00:00,29.620745
2023-03-26 02:00:00,26.7241155
2023-03-26 03:00:00,23.7094495
2023-03-26 04:00:00,20.2167935
2023-03-26 05:00:00,20.127696
2023-03-26 06:00:00,19.8556405
2023-03-26 07:00:00,19.07026
2023-03-26 08:00:00,19.234609
2023-03-26 09:00:00,19.6643465
2023-03-26 10:00:00,21.8325475
2023-03-26 11:00:00,23.976455
2023-03-26 12:00:00,24.8547975
2023-03-26 13:00:00,23.456126
2023-03-26 14:00:00,23.571982
2023-03-26 15:00:00,22.6589525
2023-03-26 16:00:00,21.5510465
2023-03-26 17:00:00,21.091981500000003
2023-03-26 18:00:00,19.732316
2023-03-26 19:00:00,19.5226665
2023-03-26 20:00:00,19.222738
2023-03-26 21:00:00,19.7107795
2023-03-26 22:00:00,21.6976655
2023-03-26 23:00:00,27.143116
2023-03-27 00:00:00,36.657306000000005
2023-03-27 01:00:00,36.0761795
2023-03-27 02:00:00,29.301332
2023-03-27 03:00:00,25.678661
2023-03-27 04:00:00,22.636784
2023-03-27 05:00:00,21.741772
2023-03-27 06:00:00,21.0179425
2023-03-27 07:00:00,20.312128
2023-03-27 08:00:00,20.924164
2023-03-27 09:00:00,22.661456
2023-03-27 10:00:00,26.519431
2023-03-27 11:00:00,35.25299149999999
2023-03-27 12:00:00,36.021867
2023-03-27 13:00:00,36.3234525
2023-03-27 14:00:00,35.561631500000004
2023-03-27 15:00:00,37.5589555
2023-03-27 16:00:00,35.686637000000005
2023-03-27 17:00:00,35.764551999999995
2023-03-27 18:00:00,33.7417215
2023-03-27 19:00:00,31.5793595
2023-03-27 20:00:00,29.2887945
2023-03-27 21:00:00,28.919182
2023-03-27 22:00:00,31.992016
2023-03-27 23:00:00,32.612305
2023-03-28 00:00:00,44.5882455
2023-03-28 01:00:00,40.7921265
2023-03-28 02:00:00,33.409802
2023-03-28 03:00:00,29.08929
2023-03-28 04:00:00,27.492488
2023-03-28 05:00:00,21.864641
2023-03-28 06:00:00,21.180301
2023-03-28 07:00:00,20.6400615
2023-03-28 08:00:00,20.910592
2023-03-28 09:00:00,21.8888145
2023-03-28 10:00:00,27.688135
2023-03-28 11:00:00,42.756156
2023-03-28 12:00:00,41.370462
2023-03-28 13:00:00,34.498058
2023-03-28 14:00:00,32.037157
2023-03-28 15:00:00,31.393817
2023-03-28 16:00:00,30.024828
2023-03-28 17:00:00,29.322745
2023-03-28 18:00:00,27.917344
2023-03-28 19:00:00,26.5399685
2023-03-28 20:00:00,24.8986165
2023-03-28 21:00:00,24.9248695
2023-03-28 22:00:00,25.642886
2023-03-28 23:00:00,26.977491
2023-03-29 00:00:00,34.161204
2023-03-29 01:00:00,33.449973
2023-03-29 02:00:00,29.63928
2023-03-29 03:00:00,29.5161355
2023-03-29 04:00:00,25.3120015
2023-03-29 05:00:00,19.9512835
2023-03-29 06:00:00,19.734622
2023-03-29 07:00:00,19.630377
2023-03-29 08:00:00,19.7908025
2023-03-29 09:00:00,20.542722
2023-03-29 10:00:00,25.661698
2023-03-29 11:00:00,38.6325425
2023-03-29 12:00:00,35.878701500000005
2023-03-29 13:00:00,28.012227
2023-03-29 14:00:00,25.129214
2023-03-29 15:00:00,24.1856805
2023-03-29 16:00:00,21.4042645
2023-03-29 17:00:00,20.204838
2023-03-29 18:00:00,19.8166105
2023-03-29 19:00:00,19.577943
2023-03-29 20:00:00,19.186098
2023-03-29 21:00:00,19.4181795
2023-03-29 22:00:00,21.2161415
2023-03-29 23:00:00,24.4857565
2023-03-30 00:00:00,30.4937445
2023-03-30 01:00:00,30.294639
2023-03-30 02:00:00,27.127261
2023-03-30 03:00:00,23.3898535
2023-03-30 04:00:00,21.8156685
2023-03-30 05:00:00,23.1412635
2023-03-30 06:00:00,23.1127395
2023-03-30 07:00:00,23.262076
2023-03-30 08:00:00,23.4845875
2023-03-30 09:00:00,24.9045875
2023-03-30 10:00:00,30.619229500000003
2023-03-30 11:00:00,49.0109145
2023-03-30 12:00:00,46.7858645
2023-03-30 13:00:00,31.9208695
2023-03-30 14:00:00,28.7252335
2023-03-30 15:00:00,28.194295
2023-03-30 16:00:00,26.1942125
2023-03-30 17:00:00,24.934731
2023-03-30 18:00:00,23.665468
2023-03-30 19:00:00,22.938529
2023-03-30 20:00:00,22.2593585
2023-03-30 21:00:00,21.846153
2023-03-30 22:00:00,23.2741585
2023-03-30 23:00:00,25.597489
2023-03-31 00:00:00,36.854317
2023-03-31 01:00:00,33.9409025
2023-03-31 02:00:00,29.863501
2023-03-31 03:00:00,26.821275
2023-03-31 04:00:00,24.8657365
2023-03-31 05:00:00,21.289265
2023-03-31 06:00:00,20.823447
2023-03-31 07:00:00,20.6379375
2023-03-31 08:00:00,20.991881
2023-03-31 09:00:00,22.619889
2023-03-31 10:00:00,27.6407185
2023-03-31 11:00:00,42.4709395
2023-03-31 12:00:00,37.804222
2023-03-31 13:00:00,29.8524095
2023-03-31 14:00:00,26.7769695
2023-03-31 15:00:00,26.9069565
2023-03-31 16:00:00,24.338357
2023-03-31 17:00:00,23.450111
2023-03-31 18:00:00,23.310663
2023-03-31 19:00:00,22.0424885
2023-03-31 20:00:00,22.517125
2023-03-31 21:00:00,21.924763
2023-03-31 22:00:00,22.203265
2023-03-31 23:00:00,23.2947465
2023-04-01 00:00:00,28.678122
2023-04-01 01:00:00,27.272723
2023-04-01 02:00:00,23.6260785
2023-04-01 03:00:00,20.38453
2023-04-01 04:00:00,19.2912755
2023-04-01 05:00:00,19.8816725
2023-04-01 06:00:00,19.3021665
2023-04-01 07:00:00,17.9856295
2023-04-01 08:00:00,17.524948000000002
2023-04-01 09:00:00,18.5322735
2023-04-01 10:00:00,19.7446175
2023-04-01 11:00:00,20.6604955
2023-04-01 12:00:00,22.132249
2023-04-01 13:00:00,23.999719
2023-04-01 14:00:00,26.1111715
2023-04-01 15:00:00,25.504546
2023-04-01 16:00:00,25.6928525
2023-04-01 17:00:00,23.5955495
2023-04-01 18:00:00,21.976517
2023-04-01 19:00:00,21.1923385
2023-04-01 20:00:00,21.5055495
2023-04-01 21:00:00,22.096527
2023-04-01 22:00:00,25.56996
2023-04-01 23:00:00,27.893909
2023-04-02 00:00:00,34.1459245
2023-04-02 01:00:00,37.27585
2023-04-02 02:00:00,32.6311735
2023-04-02 03:00:00,30.407316
2023-04-02 04:00:00,27.937886
2023-04-02 05:00:00,29.2116505
2023-04-02 06:00:00,26.5030005
2023-04-02 07:00:00,24.2385675
2023-04-02 08:00:00,24.871757
2023-04-02 09:00:00,26.3086665
2023-04-02 10:00:00,31.0706245
2023-04-02 11:00:00,31.349439500000003
2023-04-02 12:00:00,28.3514345
2023-04-02 13:00:00,25.083314
2023-04-02 14:00:00,23.373615
2023-04-02 15:00:00,22.4542745
2023-04-02 16:00:00,21.5587215
2023-04-02 17:00:00,20.3790105
2023-04-02 18:00:00,20.0705845
2023-04-02 19:00:00,18.8579485
2023-04-02 20:00:00,18.46472
2023-04-02 21:00:00,18.290432000000003
2023-04-02 22:00:00,19.930463
2023-04-02 23:00:00,25.3631435
2023-04-03 00:00:00,33.0619755
2023-04-03 01:00:00,38.950561
2023-04-03 02:00:00,29.1593755
2023-04-03 03:00:00,24.265265
2023-04-03 04:00:00,22.209758
2023-04-03 05:00:00,22.262223
2023-04-03 06:00:00,22.973422
2023-04-03 07:00:00,22.531721
2023-04-03 08:00:00,23.2383435
2023-04-03 09:00:00,26.4628805
2023-04-03 10:00:00,30.810501
2023-04-03 11:00:00,53.956547
2023-04-03 12:00:00,44.8940625
2023-04-03 13:00:00,34.2330975
2023-04-03 14:00:00,31.785381
2023-04-03 15:00:00,31.9269905
2023-04-03 16:00:00,31.2416815
2023-04-03 17:00:00,30.361519
2023-04-03 18:00:00,30.2629455
2023-04-03 19:00:00,30.7513905
2023-04-03 20:00:00,30.692994
2023-04-03 21:00:00,30.756145
2023-04-03 22:00:00,31.286069
2023-04-03 23:00:00,33.123176
2023-04-04 00:00:00,37.1496445
2023-04-04 01:00:00,35.2556665
2023-04-04 02:00:00,29.765309
2023-04-04 03:00:00,26.275016
2023-04-04 04:00:00,24.0023035
2023-04-04 05:00:00,21.516658
2023-04-04 06:00:00,20.896628
2023-04-04 07:00:00,19.9927165
2023-04-04 08:00:00,20.6757815
2023-04-04 09:00:00,22.2540495
2023-04-04 10:00:00,26.743095
2023-04-04 11:00:00,35.0460005
2023-04-04 12:00:00,36.4783375
2023-04-04 13:00:00,31.281827
2023-04-04 14:00:00,29.8926285
2023-04-04 15:00:00,28.817821
2023-04-04 16:00:00,28.7180595
2023-04-04 17:00:00,26.7953755
2023-04-04 18:00:00,27.1568085
2023-04-04 19:00:00,26.767172
2023-04-04 20:00:00,29.639507
2023-04-04 21:00:00,30.468958
2023-04-04 22:00:00,31.973507
2023-04-04 23:00:00,34.02404
2023-04-05 00:00:00,40.111933
2023-04-05 01:00:00,39.0128755
2023-04-05 02:00:00,30.5044145
2023-04-05 03:00:00,26.378358
2023-04-05 04:00:00,24.062261
2023-04-05 05:00:00,21.2024045
2023-04-05 06:00:00,20.499093
2023-04-05 07:00:00,19.441401
2023-04-05 08:00:00,19.628963
2023-04-05 09:00:00,20.5839845
2023-04-05 10:00:00,23.5844235
2023-04-05 11:00:00,30.1144565
2023-04-05 12:00:00,32.595556
2023-04-05 13:00:00,30.8465895
2023-04-05 14:00:00,31.4397395
2023-04-05 15:00:00,32.62081
2023-04-05 16:00:00,38.560382
2023-04-05 17:00:00,40.5049535
2023-04-05 18:00:00,37.358762
2023-04-05 19:00:00,40.504534500000005
2023-04-05 20:00:00,43.0613015
2023-04-05 21:00:00,45.175399
2023-04-05 22:00:00,48.019477
2023-04-05 23:00:00,45.6480205
2023-04-06 00:00:00,57.690303
2023-04-06 01:00:00,50.0527515
2023-04-06 02:00:00,39.2722465
2023-04-06 03:00:00,34.30252350000001
2023-04-06 04:00:00,28.422874
2023-04-06 05:00:00,23.672739
2023-04-06 06:00:00,22.18239
2023-04-06 07:00:00,20.2615955
2023-04-06 08:00:00,20.3126235
2023-04-06 09:00:00,21.6725065
2023-04-06 10:00:00,25.890694
2023-04-06 11:00:00,31.092638
2023-04-06 12:00:00,34.222436
2023-04-06 13:00:00,30.991365
2023-04-06 14:00:00,32.0001695
2023-04-06 15:00:00,33.2000265
2023-04-06 16:00:00,32.594981
2023-04-06 17:00:00,33.9280585
2023-04-06 18:00:00,37.9018115
2023-04-06 19:00:00,38.878924
2023-04-06 20:00:00,38.810788
2023-04-06 21:00:00,35.183040000000005
2023-04-06 22:00:00,35.3636235
2023-04-06 23:00:00,33.138696
2023-04-07 00:00:00,36.381958
2023-04-07 01:00:00,36.245646
2023-04-07 02:00:00,28.962503
2023-04-07 03:00:00,26.9814335
2023-04-07 04:00:00,25.021237
2023-04-07 05:00:00,21.279811
2023-04-07 06:00:00,20.616541
2023-04-07 07:00:00,20.1665595
2023-04-07 08:00:00,20.199756
2023-04-07 09:00:00,20.9661715
2023-04-07 10:00:00,23.809235
2023-04-07 11:00:00,29.0765475
2023-04-07 12:00:00,30.8490415
2023-04-07 13:00:00,32.372119
2023-04-07 14:00:00,31.1705375
2023-04-07 15:00:00,29.2766015
2023-04-07 16:00:00,28.167643
2023-04-07 17:00:00,28.2204515
2023-04-07 18:00:00,27.559217500000003
2023-04-07 19:00:00,26.4316295
2023-04-07 20:00:00,26.090504
2023-04-07 21:00:00,25.841511500000003
2023-04-07 22:00:00,26.547809
2023-04-07 23:00:00,26.652773
2023-04-08 00:00:00,29.110777
2023-04-08 01:00:00,30.0726155
2023-04-08 02:00:00,27.7103015
2023-04-08 03:00:00,25.254829
2023-04-08 04:00:00,23.940048
2023-04-08 05:00:00,25.9962775
2023-04-08 06:00:00,26.384657
2023-04-08 07:00:00,24.8851535
2023-04-08 08:00:00,24.7597235
2023-04-08 09:00:00,24.7881235
2023-04-08 10:00:00,27.368308
2023-04-08 11:00:00,27.9950925
2023-04-08 12:00:00,29.1282855
2023-04-08 13:00:00,31.3891305
2023-04-08 14:00:00,29.965494
2023-04-08 15:00:00,26.495677
2023-04-08 16:00:00,27.2195265
2023-04-08 17:00:00,25.842332
2023-04-08 18:00:00,25.050555
2023-04-08 19:00:00,24.4349255
2023-04-08 20:00:00,24.461989000000003
2023-04-08 21:00:00,24.863881
2023-04-08 22:00:00,25.2111185
2023-04-08 23:00:00,27.3163265
2023-04-09 00:00:00,31.834591
2023-04-09 01:00:00,35.772325499999994
2023-04-09 02:00:00,32.901019500000004
2023-04-09 03:00:00,30.6987915
2023-04-09 04:00:00,28.135997
2023-04-09 05:00:00,26.74364
2023-04-09 06:00:00,26.212368
2023-04-09 07:00:00,26.8913875
2023-04-09 08:00:00,27.329967
2023-04-09 09:00:00,27.4471645
2023-04-09 10:00:00,28.7088605
2023-04-09 11:00:00,29.868133
2023-04-09 12:00:00,28.180531
2023-04-09 13:00:00,25.815755
2023-04-09 14:00:00,24.9269365
2023-04-09 15:00:00,23.7338575
2023-04-09 16:00:00,21.967412000000003
2023-04-09 17:00:00,20.8959515
2023-04-09 18:00:00,20.418863
2023-04-09 19:00:00,19.6782725
2023-04-09 20:00:00,19.530556
2023-04-09 21:00:00,19.9014455
2023-04-09 22:00:00,20.598238
2023-04-09 23:00:00,23.300108
2023-04-10 00:00:00,30.543998
2023-04-10 01:00:00,36.698902
2023-04-10 02:00:00,31.106812
2023-04-10 03:00:00,28.6410735
2023-04-10 04:00:00,26.631776
2023-04-10 05:00:00,25.6077515
2023-04-10 06:00:00,25.797406
2023-04-10 07:00:00,27.262318
2023-04-10 08:00:00,30.098329
2023-04-10 09:00:00,32.993819
2023-04-10 10:00:00,41.733848
2023-04-10 11:00:00,77.727179
2023-04-10 12:00:00,74.09236
2023-04-10 13:00:00,41.336436500000005
2023-04-10 14:00:00,33.4997905
2023-04-10 15:00:00,29.7061515
2023-04-10 16:00:00,29.177225
2023-04-10 17:00:00,28.5454585
2023-04-10 18:00:00,28.258076000000003
2023-04-10 19:00:00,27.685202500000003
2023-04-10 20:00:00,27.059789
2023-04-10 21:00:00,27.839331
2023-04-10 22:00:00,31.189716500000003
2023-04-10 23:00:00,35.11578
2023-04-11 00:00:00,47.014660000000006
2023-04-11 01:00:00,50.6514545
2023-04-11 02:00:00,38.5505245
2023-04-11 03:00:00,32.3266325
2023-04-11 04:00:00,28.9502445
2023-04-11 05:00:00,25.233769
2023-04-11 06:00:00,24.741454
2023-04-11 07:00:00,25.4661355
2023-04-11 08:00:00,25.782161
2023-04-11 09:00:00,26.8464665
2023-04-11 10:00:00,33.8548635
2023-04-11 11:00:00,50.339032
2023-04-11 12:00:00,48.1981655
2023-04-11 13:00:00,34.150731
2023-04-11 14:00:00,30.3271225
2023-04-11 15:00:00,27.903652
2023-04-11 16:00:00,26.3383035
2023-04-11 17:00:00,25.555795
2023-04-11 18:00:00,24.5265705
2023-04-11 19:00:00,23.4900655
2023-04-11 20:00:00,23.512981
2023-04-11 21:00:00,24.1042825
2023-04-11 22:00:00,25.338963
2023-04-11 23:00:00,27.7882055
2023-04-12 00:00:00,34.9714235
2023-04-12 01:00:00,39.049222
2023-04-12 02:00:00,30.663649
2023-04-12 03:00:00,25.9632145
2023-04-12 04:00:00,22.289770500000003
2023-04-12 05:00:00,18.6438475
2023-04-12 06:00:00,17.7371265
2023-04-12 07:00:00,17.292735999999998
2023-04-12 08:00:00,17.003757999999998
2023-04-12 09:00:00,18.21308
2023-04-12 10:00:00,21.4455725
2023-04-12 11:00:00,28.506765
2023-04-12 12:00:00,28.9505115
2023-04-12 13:00:00,26.7169185
2023-04-12 14:00:00,26.355602
2023-04-12 15:00:00,25.725115
2023-04-12 16:00:00,25.984894500000003
2023-04-12 17:00:00,26.2570625
2023-04-12 18:00:00,29.984804500000003
2023-04-12 19:00:00,31.2416815
2023-04-12 20:00:00,33.5397975
2023-04-12 21:00:00,36.7162245
2023-04-12 22:00:00,37.619200000000006
2023-04-12 23:00:00,40.703831
2023-04-13 00:00:00,51.6565755
2023-04-13 01:00:00,46.7970055
2023-04-13 02:00:00,31.2199935
2023-04-13 03:00:00,25.418908
2023-04-13 04:00:00,21.872909
2023-04-13 05:00:00,18.189151
2023-04-13 06:00:00,17.026522999999997
2023-04-13 07:00:00,16.2226455
2023-04-13 08:00:00,16.1730205
2023-04-13 09:00:00,17.454697
2023-04-13 10:00:00,20.7781345
2023-04-13 11:00:00,27.604987
2023-04-13 12:00:00,28.676017
2023-04-13 13:00:00,27.886057
2023-04-13 14:00:00,28.332021
2023-04-13 15:00:00,29.3432925
2023-04-13 16:00:00,30.173552
2023-04-13 17:00:00,36.3157335
2023-04-13 18:00:00,38.8365195
2023-04-13 19:00:00,41.668816500000005
2023-04-13 20:00:00,47.840487
2023-04-13 21:00:00,52.766715
2023-04-13 22:00:00,64.7388835
2023-04-13 23:00:00,70.1975415
2023-04-14 00:00:00,67.6798095
2023-04-14 01:00:00,59.695698500000006
2023-04-14 02:00:00,37.6015815
2023-04-14 03:00:00,28.713522
2023-04-14 04:00:00,26.987914
2023-04-14 05:00:00,20.121288
2023-04-14 06:00:00,18.9022965
2023-04-14 07:00:00,18.036365
2023-04-14 08:00:00,17.590882999999998
2023-04-14 09:00:00,18.479464
2023-04-14 10:00:00,22.1937465
2023-04-14 11:00:00,28.5457145
2023-04-14 12:00:00,29.3048225
2023-04-14 13:00:00,29.1568495
2023-04-14 14:00:00,30.752173
2023-04-14 15:00:00,30.897417
2023-04-14 16:00:00,32.5235625
2023-04-14 17:00:00,35.256777
2023-04-14 18:00:00,37.84109
2023-04-14 19:00:00,40.59304899999999
2023-04-14 20:00:00,42.7034915
2023-04-14 21:00:00,45.433898
2023-04-14 22:00:00,47.01705
2023-04-14 23:00:00,42.4765055
2023-04-15 00:00:00,39.9241065
2023-04-15 01:00:00,35.610249
2023-04-15 02:00:00,30.0305105
2023-04-15 03:00:00,25.117510000000003
2023-04-15 04:00:00,22.7713955
2023-04-15 05:00:00,24.7561815
2023-04-15 06:00:00,24.4723965
2023-04-15 07:00:00,22.0481445
2023-04-15 08:00:00,21.1138795
2023-04-15 09:00:00,20.8858285
2023-04-15 10:00:00,22.0944155
2023-04-15 11:00:00,23.7479165
2023-04-15 12:00:00,25.4603915
2023-04-15 13:00:00,27.0896785
2023-04-15 14:00:00,28.5083315
2023-04-15 15:00:00,27.9665555
2023-04-15 16:00:00,28.8306165
2023-04-15 17:00:00,29.4951055
2023-04-15 18:00:00,29.047117
2023-04-15 19:00:00,29.5181105
2023-04-15 20:00:00,31.494859
2023-04-15 21:00:00,32.660991499999994
2023-04-15 22:00:00,34.659366500000004
2023-04-15 23:00:00,36.514711
2023-04-16 00:00:00,36.917163
2023-04-16 01:00:00,38.390024
2023-04-16 02:00:00,32.534165
2023-04-16 03:00:00,25.594349
2023-04-16 04:00:00,23.8347585
2023-04-16 05:00:00,21.680384
2023-04-16 06:00:00,20.1639365
2023-04-16 07:00:00,18.525391
2023-04-16 08:00:00,17.020717
2023-04-16 09:00:00,17.911127
2023-04-16 10:00:00,18.2351335
2023-04-16 11:00:00,18.99667
2023-04-16 12:00:00,19.913676
2023-04-16 13:00:00,20.0125025
2023-04-16 14:00:00,21.7007035
2023-04-16 15:00:00,23.5870985
2023-04-16 16:00:00,24.545179
2023-04-16 17:00:00,24.3588075
2023-04-16 18:00:00,26.2187725
2023-04-16 19:00:00,28.0591935
2023-04-16 20:00:00,30.430018500000003
2023-04-16 21:00:00,34.4350045
2023-04-16 22:00:00,37.101492
2023-04-16 23:00:00,40.831935
2023-04-17 00:00:00,45.963893
2023-04-17 01:00:00,48.0572505
2023-04-17 02:00:00,33.343381
2023-04-17 03:00:00,26.4392405
2023-04-17 04:00:00,22.985099
2023-04-17 05:00:00,20.195453
2023-04-17 06:00:00,19.5367325
2023-04-17 07:00:00,18.068525
2023-04-17 08:00:00,18.254439
2023-04-17 09:00:00,20.1021025
2023-04-17 10:00:00,23.289228
2023-04-17 11:00:00,30.6504525
2023-04-17 12:00:00,33.7497175
2023-04-17 13:00:00,32.728675
2023-04-17 14:00:00,30.1302375
2023-04-17 15:00:00,30.451268
2023-04-17 16:00:00,29.819521
2023-04-17 17:00:00,29.7519965
2023-04-17 18:00:00,29.027234
2023-04-17 19:00:00,27.63851
2023-04-17 20:00:00,26.9027385
2023-04-17 21:00:00,28.4195685
2023-04-17 22:00:00,29.5532165
2023-04-17 23:00:00,32.5713725
2023-04-18 00:00:00,38.772166
2023-04-18 01:00:00,47.436083
2023-04-18 02:00:00,32.054186
2023-04-18 03:00:00,27.471983
2023-04-18 04:00:00,23.211738500000003
2023-04-18 05:00:00,24.1026435
2023-04-18 06:00:00,22.903672
2023-04-18 07:00:00,21.100007
2023-04-18 08:00:00,21.381987
2023-04-18 09:00:00,24.736127000000003
2023-04-18 10:00:00,28.752405
2023-04-18 11:00:00,35.8934235
2023-04-18 12:00:00,37.9939175
2023-04-18 13:00:00,33.102607
2023-04-18 14:00:00,32.628435
2023-04-18 15:00:00,33.6075155
2023-04-18 16:00:00,31.7024475
2023-04-18 17:00:00,30.625267
2023-04-18 18:00:00,29.206322
2023-04-18 19:00:00,27.902131500000003
2023-04-18 20:00:00,27.459539
2023-04-18 21:00:00,28.2155515
2023-04-18 22:00:00,32.1891575
2023-04-18 23:00:00,38.3731365
2023-04-19 00:00:00,53.746353
2023-04-19 01:00:00,59.6467945
2023-04-19 02:00:00,39.865119
2023-04-19 03:00:00,30.3896215
2023-04-19 04:00:00,26.3761905
2023-04-19 05:00:00,25.063608
2023-04-19 06:00:00,24.448384
2023-04-19 07:00:00,23.9327565
2023-04-19 08:00:00,25.790074
2023-04-19 09:00:00,26.7808685
2023-04-19 10:00:00,32.467956
2023-04-19 11:00:00,37.681608
2023-04-19 12:00:00,36.870697
2023-04-19 13:00:00,30.265642
2023-04-19 14:00:00,28.1354195
2023-04-19 15:00:00,27.2952615
2023-04-19 16:00:00,26.714408
2023-04-19 17:00:00,27.053963000000003
2023-04-19 18:00:00,27.3460735
2023-04-19 19:00:00,27.13812
2023-04-19 20:00:00,26.69734
2023-04-19 21:00:00,29.320018
2023-04-19 22:00:00,33.6982045
2023-04-19 23:00:00,37.137476
2023-04-20 00:00:00,45.8299035
2023-04-20 01:00:00,49.0004835
2023-04-20 02:00:00,32.9140145
2023-04-20 03:00:00,26.554666
2023-04-20 04:00:00,23.6118815
2023-04-20 05:00:00,22.2662145
2023-04-20 06:00:00,21.3121915
2023-04-20 07:00:00,20.7298435
2023-04-20 08:00:00,21.1887605
2023-04-20 09:00:00,22.6443305
2023-04-20 10:00:00,29.401916
2023-04-20 11:00:00,40.38558
2023-04-20 12:00:00,38.4079045
2023-04-20 13:00:00,29.984471
2023-04-20 14:00:00,30.257931
2023-04-20 15:00:00,29.0774975
2023-04-20 16:00:00,31.9477055
2023-04-20 17:00:00,38.553315
2023-04-20 18:00:00,43.243605
2023-04-20 19:00:00,49.669266
2023-04-20 20:00:00,56.3810765
2023-04-20 21:00:00,67.25979799999999
2023-04-20 22:00:00,72.0243545
2023-04-20 23:00:00,63.451909
2023-04-21 00:00:00,64.1409015
2023-04-21 01:00:00,60.3307715
2023-04-21 02:00:00,44.778596
2023-04-21 03:00:00,32.790542
2023-04-21 04:00:00,27.9186175
2023-04-21 05:00:00,26.6961525
2023-04-21 06:00:00,25.5406615
2023-04-21 07:00:00,23.01664
2023-04-21 08:00:00,22.5934525
2023-04-21 09:00:00,24.354124
2023-04-21 10:00:00,29.133039
2023-04-21 11:00:00,33.996118
2023-04-21 12:00:00,37.505168
2023-04-21 13:00:00,32.4193425
2023-04-21 14:00:00,31.7955375
2023-04-21 15:00:00,31.7459385
2023-04-21 16:00:00,39.0972465
2023-04-21 17:00:00,39.6020655
2023-04-21 18:00:00,43.294064500000005
2023-04-21 19:00:00,51.17978
2023-04-21 20:00:00,65.30668349999999
2023-04-21 21:00:00,75.4260435
2023-04-21 22:00:00,80.19285099999999
2023-04-21 23:00:00,76.526937
2023-04-22 00:00:00,66.65361
2023-04-22 01:00:00,61.3581825
2023-04-22 02:00:00,41.802521
2023-04-22 03:00:00,34.3623845
2023-04-22 04:00:00,29.5843715
2023-04-22 05:00:00,29.4163405
2023-04-22 06:00:00,28.372063
2023-04-22 07:00:00,26.4162125
2023-04-22 08:00:00,24.896473
2023-04-22 09:00:00,24.2916095
2023-04-22 10:00:00,25.745295
2023-04-22 11:00:00,26.096276
2023-04-22 12:00:00,26.9123645
2023-04-22 13:00:00,28.047667500000003
2023-04-22 14:00:00,32.151407
2023-04-22 15:00:00,29.1723745
2023-04-22 16:00:00,28.1497645
2023-04-22 17:00:00,26.9762295
2023-04-22 18:00:00,26.9965215
2023-04-22 19:00:00,27.929891
2023-04-22 20:00:00,27.193019
2023-04-22 21:00:00,28.3147485
2023-04-22 22:00:00,29.482583
2023-04-22 23:00:00,30.432187
2023-04-23 00:00:00,33.6561455
2023-04-23 01:00:00,42.281529500000005
2023-04-23 02:00:00,37.2401285
2023-04-23 03:00:00,34.009564999999995
2023-04-23 04:00:00,27.628775
2023-04-23 05:00:00,27.1920585
2023-04-23 06:00:00,26.933191
2023-04-23 07:00:00,26.7934705
2023-04-23 08:00:00,26.3540475
2023-04-23 09:00:00,26.608216
2023-04-23 10:00:00,27.348892
2023-04-23 11:00:00,27.1096175
2023-04-23 12:00:00,27.6305025
2023-04-23 13:00:00,27.220266
2023-04-23 14:00:00,26.863853
2023-04-23 15:00:00,27.309955
2023-04-23 16:00:00,27.183947
2023-04-23 17:00:00,26.500452
2023-04-23 18:00:00,25.4997225
2023-04-23 19:00:00,24.500146
2023-04-23 20:00:00,24.619939
2023-04-23 21:00:00,25.7024115
2023-04-23 22:00:00,26.885414500000003
2023-04-23 23:00:00,30.5914285
2023-04-24 00:00:00,41.617893
2023-04-24 01:00:00,53.885066
2023-04-24 02:00:00,45.452883
2023-04-24 03:00:00,38.609242
2023-04-24 04:00:00,33.991303
2023-04-24 05:00:00,28.372294
2023-04-24 06:00:00,28.3880205
2023-04-24 07:00:00,28.1627605
2023-04-24 08:00:00,28.3333695
2023-04-24 09:00:00,31.0787665
2023-04-24 10:00:00,41.1101535
2023-04-24 11:00:00,62.697449500000005
2023-04-24 12:00:00,61.3828785
2023-04-24 13:00:00,49.495061
2023-04-24 14:00:00,43.1081365
2023-04-24 15:00:00,41.752945
2023-04-24 16:00:00,39.226126
2023-04-24 17:00:00,40.386763
2023-04-24 18:00:00,36.0885435
2023-04-24 19:00:00,32.9997765
2023-04-24 20:00:00,32.852514
2023-04-24 21:00:00,32.8193855
2023-04-24 22:00:00,35.3589975
2023-04-24 23:00:00,41.3693375
2023-04-25 00:00:00,51.2796735
2023-04-25 01:00:00,70.92278999999999
2023-04-25 02:00:00,49.5614965
2023-04-25 03:00:00,40.1128205
2023-04-25 04:00:00,33.725845500000005
2023-04-25 05:00:00,32.950498
2023-04-25 06:00:00,30.4506825
2023-04-25 07:00:00,29.539435
2023-04-25 08:00:00,30.2753825
2023-04-25 09:00:00,31.131125500000003
2023-04-25 10:00:00,39.1162745
2023-04-25 11:00:00,66.398844
2023-04-25 12:00:00,53.556221
2023-04-25 13:00:00,40.269323
2023-04-25 14:00:00,38.8673675
2023-04-25 15:00:00,37.126822
2023-04-25 16:00:00,34.620093999999995
2023-04-25 17:00:00,34.7545515
2023-04-25 18:00:00,32.642517
2023-04-25 19:00:00,31.629949
2023-04-25 20:00:00,32.2174635
2023-04-25 21:00:00,31.7374195
2023-04-25 22:00:00,34.27272
2023-04-25 23:00:00,36.0186525
2023-04-26 00:00:00,40.035811
2023-04-26 01:00:00,48.2156325
2023-04-26 02:00:00,37.137773
2023-04-26 03:00:00,32.6428925
2023-04-26 04:00:00,31.213835
2023-04-26 05:00:00,29.9863075
2023-04-26 06:00:00,29.616574
2023-04-26 07:00:00,29.18754
2023-04-26 08:00:00,29.1420645
2023-04-26 09:00:00,30.5031885
2023-04-26 10:00:00,36.8213045
2023-04-26 11:00:00,53.9970575
2023-04-26 12:00:00,46.461686
2023-04-26 13:00:00,40.6471525
2023-04-26 14:00:00,38.711864000000006
2023-04-26 15:00:00,37.4238695
2023-04-26 16:00:00,37.278315000000006
2023-04-26 17:00:00,36.7563315
2023-04-26 18:00:00,39.1058015
2023-04-26 19:00:00,37.844131
2023-04-26 20:00:00,35.8257375
2023-04-26 21:00:00,37.878458
2023-04-26 22:00:00,40.1301375
2023-04-26 23:00:00,37.944316
2023-04-27 00:00:00,40.6323175
2023-04-27 01:00:00,46.5906705
2023-04-27 02:00:00,41.0770915
2023-04-27 03:00:00,32.808395000000004
2023-04-27 04:00:00,29.351686
2023-04-27 05:00:00,27.602938
2023-04-27 06:00:00,27.472182
2023-04-27 07:00:00,26.8451575
2023-04-27 08:00:00,26.790710500000003
2023-04-27 09:00:00,27.75618
2023-04-27 10:00:00,34.184289500000006
2023-04-27 11:00:00,44.826846
2023-04-27 12:00:00,45.923264
2023-04-27 13:00:00,37.0792215
2023-04-27 14:00:00,35.491883
2023-04-27 15:00:00,31.7691325
2023-04-27 16:00:00,30.182071
2023-04-27 17:00:00,30.8236385
2023-04-27 18:00:00,30.5671245
2023-04-27 19:00:00,29.149406
2023-04-27 20:00:00,31.0895045
2023-04-27 21:00:00,32.6743635
2023-04-27 22:00:00,34.5365585
2023-04-27 23:00:00,35.4874195
2023-04-28 00:00:00,35.99804
2023-04-28 01:00:00,43.7916075
2023-04-28 02:00:00,35.9965145
2023-04-28 03:00:00,29.352838
2023-04-28 04:00:00,26.5587625
2023-04-28 05:00:00,25.718408
2023-04-28 06:00:00,26.529727
2023-04-28 07:00:00,24.5089455
2023-04-28 08:00:00,24.025534
2023-04-28 09:00:00,24.774106
2023-04-28 10:00:00,30.1444565
2023-04-28 11:00:00,35.820669
2023-04-28 12:00:00,40.182775
2023-04-28 13:00:00,43.758553500000005
2023-04-28 14:00:00,46.6215235
2023-04-28 15:00:00,44.445294
2023-04-28 16:00:00,42.978173
2023-04-28 17:00:00,44.3728465
2023-04-28 18:00:00,40.23662
2023-04-28 19:00:00,38.230192
2023-04-28 20:00:00,39.6593575
2023-04-28 21:00:00,35.9941655
2023-04-28 22:00:00,37.765278
2023-04-28 23:00:00,35.896378
2023-04-29 00:00:00,37.2914015
2023-04-29 01:00:00,39.7970405
2023-04-29 02:00:00,37.6776685
2023-04-29 03:00:00,31.9956215
2023-04-29 04:00:00,28.1099675
2023-04-29 05:00:00,27.4096015
2023-04-29 06:00:00,28.0427665
2023-04-29 07:00:00,25.6634995
2023-04-29 08:00:00,26.173327
2023-04-29 09:00:00,25.4750325
2023-04-29 10:00:00,26.4285515
2023-04-29 11:00:00,27.335888500000003
2023-04-29 12:00:00,28.388684
2023-04-29 13:00:00,30.677209
2023-04-29 14:00:00,30.67227
2023-04-29 15:00:00,29.887894
2023-04-29 16:00:00,29.8333525
2023-04-29 17:00:00,27.773759
2023-04-29 18:00:00,26.2874365
2023-04-29 19:00:00,24.8703885
2023-04-29 20:00:00,25.0828195
2023-04-29 21:00:00,26.3461725
2023-04-29 22:00:00,29.384086
2023-04-29 23:00:00,30.2351695
2023-04-30 00:00:00,32.6985915
2023-04-30 01:00:00,37.61853
2023-04-30 02:00:00,35.8391245
2023-04-30 03:00:00,33.738636
2023-04-30 04:00:00,27.3845615
2023-04-30 05:00:00,22.5328835
2023-04-30 06:00:00,21.625503
2023-04-30 07:00:00,20.206888
2023-04-30 08:00:00,19.8099305
2023-04-30 09:00:00,19.261706
2023-04-30 10:00:00,19.672158
2023-04-30 11:00:00,19.877092
2023-04-30 12:00:00,20.3069535
2023-04-30 13:00:00,21.8996805
2023-04-30 14:00:00,25.078263
2023-04-30 15:00:00,24.969567
2023-04-30 16:00:00,25.444418
2023-04-30 17:00:00,26.682515
2023-04-30 18:00:00,24.823827
2023-04-30 19:00:00,24.8190795
2023-04-30 20:00:00,25.179857
2023-04-30 21:00:00,25.115084
2023-04-30 22:00:00,26.580124
2023-04-30 23:00:00,26.592942
2023-05-01 00:00:00,29.386434
2023-05-01 01:00:00,39.8333665
2023-05-01 02:00:00,31.7820025
2023-05-01 03:00:00,27.702748
2023-05-01 04:00:00,24.2469625
2023-05-01 05:00:00,19.1688375
2023-05-01 06:00:00,21.2406495
2023-05-01 07:00:00,20.2937675
2023-05-01 08:00:00,21.3142175
2023-05-01 09:00:00,22.846326
2023-05-01 10:00:00,29.2354045
2023-05-01 11:00:00,35.385795
2023-05-01 12:00:00,33.3291045
2023-05-01 13:00:00,33.061812
2023-05-01 14:00:00,32.5946475
2023-05-01 15:00:00,32.322751499999995
2023-05-01 16:00:00,32.598574
2023-05-01 17:00:00,32.675623
2023-05-01 18:00:00,31.76098
2023-05-01 19:00:00,31.283467
2023-05-01 20:00:00,29.717408
2023-05-01 21:00:00,31.1127195
2023-05-01 22:00:00,32.9642545
2023-05-01 23:00:00,34.5789705
2023-05-02 00:00:00,38.0603045
2023-05-02 01:00:00,48.598854
2023-05-02 02:00:00,36.484966
2023-05-02 03:00:00,30.9395215
2023-05-02 04:00:00,26.8073705
2023-05-02 05:00:00,24.828089
2023-05-02 06:00:00,25.227276
2023-05-02 07:00:00,25.292073
2023-05-02 08:00:00,25.934341
2023-05-02 09:00:00,26.780555
2023-05-02 10:00:00,30.329454
2023-05-02 11:00:00,36.371997500000006
2023-05-02 12:00:00,36.2225725
2023-05-02 13:00:00,33.80327
2023-05-02 14:00:00,32.9405705
2023-05-02 15:00:00,33.9461695
2023-05-02 16:00:00,33.6601575
2023-05-02 17:00:00,33.0991415
2023-05-02 18:00:00,32.401934
2023-05-02 19:00:00,31.5335525
2023-05-02 20:00:00,30.8734715
2023-05-02 21:00:00,30.9568725
2023-05-02 22:00:00,32.079434
2023-05-02 23:00:00,34.0452105
2023-05-03 00:00:00,35.2804045
2023-05-03 01:00:00,41.632232
2023-05-03 02:00:00,36.1877215
2023-05-03 03:00:00,31.1660325
2023-05-03 04:00:00,29.276195
2023-05-03 05:00:00,26.019723
2023-05-03 06:00:00,26.9913435
2023-05-03 07:00:00,27.1932045
2023-05-03 08:00:00,27.3896085
2023-05-03 09:00:00,30.215934
2023-05-03 10:00:00,32.889895499999994
2023-05-03 11:00:00,41.7787565
2023-05-03 12:00:00,41.869609
2023-05-03 13:00:00,40.4993585
2023-05-03 14:00:00,38.7645325
2023-05-03 15:00:00,36.373256
2023-05-03 16:00:00,35.446409
2023-05-03 17:00:00,35.989232
2023-05-03 18:00:00,34.9749705
2023-05-03 19:00:00,34.03664
2023-05-03 20:00:00,34.214647
2023-05-03 21:00:00,34.3636685
2023-05-03 22:00:00,35.161775500000005
2023-05-03 23:00:00,36.1939625
2023-05-04 00:00:00,44.0722165
2023-05-04 01:00:00,47.2357775
2023-05-04 02:00:00,41.9893505
2023-05-04 03:00:00,32.2052045
2023-05-04 04:00:00,29.618456
2023-05-04 05:00:00,29.5816865
2023-05-04 06:00:00,29.697956
2023-05-04 07:00:00,28.1444405
2023-05-04 08:00:00,28.0588325
2023-05-04 09:00:00,30.599007
2023-05-04 10:00:00,37.589118
2023-05-04 11:00:00,44.2003985
2023-05-04 12:00:00,43.2225145
2023-05-04 13:00:00,37.5207535
2023-05-04 14:00:00,35.429422
2023-05-04 15:00:00,33.612092000000004
2023-05-04 16:00:00,33.4982
2023-05-04 17:00:00,33.9791405
2023-05-04 18:00:00,32.7727005
2023-05-04 19:00:00,32.265378
2023-05-04 20:00:00,32.3737625
2023-05-04 21:00:00,32.8653855
2023-05-04 22:00:00,33.47535
2023-05-04 23:00:00,37.749549
2023-05-05 00:00:00,40.7821475
2023-05-05 01:00:00,41.5843415
2023-05-05 02:00:00,37.5244595
2023-05-05 03:00:00,30.1868005
2023-05-05 04:00:00,28.4988925
2023-05-05 05:00:00,23.915349
2023-05-05 06:00:00,24.039118
2023-05-05 07:00:00,23.222223
2023-05-05 08:00:00,23.3518985
2023-05-05 09:00:00,25.951919
2023-05-05 10:00:00,31.085766
2023-05-05 11:00:00,35.732064
2023-05-05 12:00:00,33.176468
2023-05-05 13:00:00,32.3790645
2023-05-05 14:00:00,30.2357505
2023-05-05 15:00:00,29.078757
2023-05-05 16:00:00,30.002096
2023-05-05 17:00:00,29.8869345
2023-05-05 18:00:00,29.194574
2023-05-05 19:00:00,29.0615075
2023-05-05 20:00:00,28.02881
2023-05-05 21:00:00,30.021415
2023-05-05 22:00:00,30.5640585
2023-05-05 23:00:00,32.3165135
2023-05-06 00:00:00,33.641906500000005
2023-05-06 01:00:00,33.966973
2023-05-06 02:00:00,32.789605
2023-05-06 03:00:00,28.516985
2023-05-06 04:00:00,25.6987105
2023-05-06 05:00:00,24.1862265
2023-05-06 06:00:00,23.824944
2023-05-06 07:00:00,23.64388
2023-05-06 08:00:00,20.8227355
2023-05-06 09:00:00,21.781008
2023-05-06 10:00:00,23.630374
2023-05-06 11:00:00,23.3941995
2023-05-06 12:00:00,24.9173775
2023-05-06 13:00:00,24.975176
2023-05-06 14:00:00,25.737334500000003
2023-05-06 15:00:00,25.4670425
2023-05-06 16:00:00,27.4243235
2023-05-06 17:00:00,27.2244125
2023-05-06 18:00:00,25.6654895
2023-05-06 19:00:00,25.7913955
2023-05-06 20:00:00,27.567431
2023-05-06 21:00:00,29.5596735
2023-05-06 22:00:00,32.229742
2023-05-06 23:00:00,31.690281
2023-05-07 00:00:00,35.5462115
2023-05-07 01:00:00,37.3993335
2023-05-07 02:00:00,32.1022115
2023-05-07 03:00:00,29.665294
2023-05-07 04:00:00,25.0509095
2023-05-07 05:00:00,20.66925
2023-05-07 06:00:00,21.7599045
2023-05-07 07:00:00,20.2059445
2023-05-07 08:00:00,18.384289
2023-05-07 09:00:00,19.5110425
2023-05-07 10:00:00,20.4759295
2023-05-07 11:00:00,20.9644495
2023-05-07 12:00:00,21.467907
2023-05-07 13:00:00,20.8760035
2023-05-07 14:00:00,24.827594
2023-05-07 15:00:00,25.794894
2023-05-07 16:00:00,31.416286
2023-05-07 17:00:00,35.1093815
2023-05-07 18:00:00,36.911654
2023-05-07 19:00:00,40.541006
2023-05-07 20:00:00,40.8281045
2023-05-07 21:00:00,40.370345
2023-05-07 22:00:00,46.3823995
2023-05-07 23:00:00,45.1428725
2023-05-08 00:00:00,49.827738
2023-05-08 01:00:00,52.1200245
2023-05-08 02:00:00,43.232046
2023-05-08 03:00:00,38.596352
2023-05-08 04:00:00,30.9273405
2023-05-08 05:00:00,27.3414035
2023-05-08 06:00:00,25.6540825
2023-05-08 07:00:00,23.277771
2023-05-08 08:00:00,21.4485345
2023-05-08 09:00:00,23.690575000000003
2023-05-08 10:00:00,29.299578
2023-05-08 11:00:00,34.053435
2023-05-08 12:00:00,40.385879
2023-05-08 13:00:00,41.5046515
2023-05-08 14:00:00,41.1567285
2023-05-08 15:00:00,40.430481
2023-05-08 16:00:00,41.953492
2023-05-08 17:00:00,43.3793445
2023-05-08 18:00:00,44.85256
2023-05-08 19:00:00,51.145081
2023-05-08 20:00:00,54.4209865
2023-05-08 21:00:00,60.1275405
2023-05-08 22:00:00,65.6042165
2023-05-08 23:00:00,56.546498
2023-05-09 00:00:00,47.6025235
2023-05-09 01:00:00,45.021459500000006
2023-05-09 02:00:00,39.469952000000006
2023-05-09 03:00:00,33.400779
2023-05-09 04:00:00,31.6684435
2023-05-09 05:00:00,26.381631
2023-05-09 06:00:00,28.1667855
2023-05-09 07:00:00,24.628015
2023-05-09 08:00:00,23.6608525
2023-05-09 09:00:00,24.770935
2023-05-09 10:00:00,31.881886
2023-05-09 11:00:00,35.074310999999994
2023-05-09 12:00:00,40.1429775
2023-05-09 13:00:00,37.695232
2023-05-09 14:00:00,39.896781
2023-05-09 15:00:00,43.837573
2023-05-09 16:00:00,44.9601355
2023-05-09 17:00:00,42.0467045
2023-05-09 18:00:00,40.678757
2023-05-09 19:00:00,40.895275
2023-05-09 20:00:00,43.5165785
2023-05-09 21:00:00,44.419713
2023-05-09 22:00:00,44.2066985
2023-05-09 23:00:00,44.5680995
2023-05-10 00:00:00,44.0000455
2023-05-10 01:00:00,44.1738055
2023-05-10 02:00:00,40.606257
2023-05-10 03:00:00,34.1554345
2023-05-10 04:00:00,28.711301
2023-05-10 05:00:00,28.5951115
2023-05-10 06:00:00,25.9276695
2023-05-10 07:00:00,24.4408445
2023-05-10 08:00:00,23.606149
2023-05-10 09:00:00,25.504176
2023-05-10 10:00:00,31.636813
2023-05-10 11:00:00,33.91403
2023-05-10 12:00:00,36.5343315
2023-05-10 13:00:00,34.7798345
2023-05-10 14:00:00,34.223071
2023-05-10 15:00:00,33.640223
2023-05-10 16:00:00,33.633936
2023-05-10 17:00:00,37.4480035
2023-05-10 18:00:00,35.397053
2023-05-10 19:00:00,38.6240025
2023-05-10 20:00:00,41.49648
2023-05-10 21:00:00,43.485346
2023-05-10 22:00:00,45.935738
2023-05-10 23:00:00,46.7280205
2023-05-11 00:00:00,45.4196675
2023-05-11 01:00:00,44.6174845
2023-05-11 02:00:00,40.4459055
2023-05-11 03:00:00,32.468888
2023-05-11 04:00:00,29.6122085
2023-05-11 05:00:00,24.687259
2023-05-11 06:00:00,21.8137575
2023-05-11 07:00:00,20.0749935
2023-05-11 08:00:00,19.701157
2023-05-11 09:00:00,21.9224695
2023-05-11 10:00:00,26.603765
2023-05-11 11:00:00,29.6035975
2023-05-11 12:00:00,29.3434865
2023-05-11 13:00:00,29.491595500000003
2023-05-11 14:00:00,30.586455
2023-05-11 15:00:00,33.15845
2023-05-11 16:00:00,34.4431395
2023-05-11 17:00:00,39.755080500000005
2023-05-11 18:00:00,41.1038
2023-05-11 19:00:00,43.4272785
2023-05-11 20:00:00,49.2618085
2023-05-11 21:00:00,55.7518985
2023-05-11 22:00:00,63.545916
2023-05-11 23:00:00,62.139896
2023-05-12 00:00:00,54.1416755
2023-05-12 01:00:00,50.494533
2023-05-12 02:00:00,40.2210055
2023-05-12 03:00:00,33.164019499999995
2023-05-12 04:00:00,28.3382485
2023-05-12 05:00:00,28.8942735
2023-05-12 06:00:00,26.3512835
2023-05-12 07:00:00,23.385626
2023-05-12 08:00:00,22.119022
2023-05-12 09:00:00,23.628531
2023-05-12 10:00:00,28.72741
2023-05-12 11:00:00,30.5580265
2023-05-12 12:00:00,30.803777
2023-05-12 13:00:00,32.9098495
2023-05-12 14:00:00,36.4706305
2023-05-12 15:00:00,41.597879
2023-05-12 16:00:00,42.9841305
2023-05-12 17:00:00,47.770147
2023-05-12 18:00:00,49.093303500000005
2023-05-12 19:00:00,57.986908
2023-05-12 20:00:00,61.609201
2023-05-12 21:00:00,67.652057
2023-05-12 22:00:00,78.3529345
2023-05-12 23:00:00,67.889466
2023-05-13 00:00:00,56.4990905
2023-05-13 01:00:00,50.1708465
2023-05-13 02:00:00,40.3873505
2023-05-13 03:00:00,40.133509
2023-05-13 04:00:00,36.3373005
2023-05-13 05:00:00,33.527006
2023-05-13 06:00:00,29.5629455
2023-05-13 07:00:00,25.8738595
2023-05-13 08:00:00,24.394196
2023-05-13 09:00:00,24.1688805
2023-05-13 10:00:00,25.4486065
2023-05-13 11:00:00,25.2978335
2023-05-13 12:00:00,25.610978000000003
2023-05-13 13:00:00,30.99859
2023-05-13 14:00:00,34.8790425
2023-05-13 15:00:00,33.538056999999995
2023-05-13 16:00:00,39.0413855
2023-05-13 17:00:00,41.4008355
2023-05-13 18:00:00,39.6123045
2023-05-13 19:00:00,38.4304535
2023-05-13 20:00:00,40.031661
2023-05-13 21:00:00,43.924566
2023-05-13 22:00:00,44.1679685
2023-05-13 23:00:00,43.5760665
2023-05-14 00:00:00,42.1868555
2023-05-14 01:00:00,41.819294
2023-05-14 02:00:00,35.151004
2023-05-14 03:00:00,29.801168
2023-05-14 04:00:00,26.797733
2023-05-14 05:00:00,25.929196
2023-05-14 06:00:00,23.1888035
2023-05-14 07:00:00,20.004955
2023-05-14 08:00:00,18.9127905
2023-05-14 09:00:00,18.5554565
2023-05-14 10:00:00,18.8752365
2023-05-14 11:00:00,18.126986
2023-05-14 12:00:00,17.475879
2023-05-14 13:00:00,21.118405
2023-05-14 14:00:00,23.734423
2023-05-14 15:00:00,22.545199
2023-05-14 16:00:00,25.422983
2023-05-14 17:00:00,27.3203435
2023-05-14 18:00:00,26.272527
2023-05-14 19:00:00,26.608638
2023-05-14 20:00:00,27.4239555
2023-05-14 21:00:00,29.0105585
2023-05-14 22:00:00,32.6219585
2023-05-14 23:00:00,33.475948
2023-05-15 00:00:00,34.747633
2023-05-15 01:00:00,37.93053
2023-05-15 02:00:00,36.0394225
2023-05-15 03:00:00,29.2496475
2023-05-15 04:00:00,25.1636045
2023-05-15 05:00:00,21.5472635
2023-05-15 06:00:00,20.601897
2023-05-15 07:00:00,19.2042745
2023-05-15 08:00:00,18.950626
2023-05-15 09:00:00,21.326492
2023-05-15 10:00:00,25.8278575
2023-05-15 11:00:00,33.414671
2023-05-15 12:00:00,32.672541499999994
2023-05-15 13:00:00,32.463708999999994
2023-05-15 14:00:00,32.7546775
2023-05-15 15:00:00,34.009954500000006
2023-05-15 16:00:00,34.8877055
2023-05-15 17:00:00,39.604447
2023-05-15 18:00:00,41.0069525
2023-05-15 19:00:00,41.388554
2023-05-15 20:00:00,39.6741125
2023-05-15 21:00:00,42.6327465
2023-05-15 22:00:00,46.9000875
2023-05-15 23:00:00,44.9787535
2023-05-16 00:00:00,44.9788955
2023-05-16 01:00:00,48.472034
2023-05-16 02:00:00,44.282966
2023-05-16 03:00:00,35.0485025
2023-05-16 04:00:00,26.447452
2023-05-16 05:00:00,23.025077
2023-05-16 06:00:00,21.313821
2023-05-16 07:00:00,17.9616305
2023-05-16 08:00:00,17.0820845
2023-05-16 09:00:00,18.7202765
2023-05-16 10:00:00,23.683947
2023-05-16 11:00:00,30.4706415
2023-05-16 12:00:00,30.25036
2023-05-16 13:00:00,31.0239945
2023-05-16 14:00:00,30.957526
2023-05-16 15:00:00,32.239551
2023-05-16 16:00:00,32.664165999999994
2023-05-16 17:00:00,34.7519565
2023-05-16 18:00:00,34.3831295
2023-05-16 19:00:00,36.1686725
2023-05-16 20:00:00,36.0831375
2023-05-16 21:00:00,40.1254545
2023-05-16 22:00:00,45.486
2023-05-16 23:00:00,44.4025875
2023-05-17 00:00:00,43.3192245
2023-05-17 01:00:00,45.925838
2023-05-17 02:00:00,38.307867
2023-05-17 03:00:00,29.7378465
2023-05-17 04:00:00,24.9411395
2023-05-17 05:00:00,22.68918
2023-05-17 06:00:00,20.0530575
2023-05-17 07:00:00,17.8567805
2023-05-17 08:00:00,16.9338445
2023-05-17 09:00:00,18.3220365
2023-05-17 10:00:00,21.650658
2023-05-17 11:00:00,27.543552
2023-05-17 12:00:00,27.259199
2023-05-17 13:00:00,26.4652085
2023-05-17 14:00:00,28.4067
2023-05-17 15:00:00,27.8701725
2023-05-17 16:00:00,28.6474015
2023-05-17 17:00:00,30.1166865
2023-05-17 18:00:00,32.3192535
2023-05-17 19:00:00,33.4017245
2023-05-17 20:00:00,32.731012
2023-05-17 21:00:00,35.257527
2023-05-17 22:00:00,39.0410985
2023-05-17 23:00:00,39.7076975
2023-05-18 00:00:00,40.490896
2023-05-18 01:00:00,39.0781255
2023-05-18 02:00:00,31.9005295
2023-05-18 03:00:00,24.6727835
2023-05-18 04:00:00,21.8834695
2023-05-18 05:00:00,20.5338295
2023-05-18 06:00:00,19.9372
2023-05-18 07:00:00,18.3962625
2023-05-18 08:00:00,18.407897
2023-05-18 09:00:00,21.1290425
2023-05-18 10:00:00,26.975836
2023-05-18 11:00:00,35.07336
2023-05-18 12:00:00,32.3583645
2023-05-18 13:00:00,31.4363875
2023-05-18 14:00:00,29.5053195
2023-05-18 15:00:00,27.882788
2023-05-18 16:00:00,27.768547
2023-05-18 17:00:00,31.047221
2023-05-18 18:00:00,32.286339
2023-05-18 19:00:00,32.8891385
2023-05-18 20:00:00,33.786778
2023-05-18 21:00:00,41.1165065
2023-05-18 22:00:00,41.216989
2023-05-18 23:00:00,42.517206
2023-05-19 00:00:00,42.1472435
2023-05-19 01:00:00,44.23206
2023-05-19 02:00:00,34.53949
2023-05-19 03:00:00,26.958989000000003
2023-05-19 04:00:00,24.760938
2023-05-19 05:00:00,19.934514
2023-05-19 06:00:00,17.8449935
2023-05-19 07:00:00,16.253601500000002
2023-05-19 08:00:00,16.223486
2023-05-19 09:00:00,17.5649155
2023-05-19 10:00:00,22.6265895
2023-05-19 11:00:00,29.547006
2023-05-19 12:00:00,29.67302
2023-05-19 13:00:00,27.5579055
2023-05-19 14:00:00,28.996086
2023-05-19 15:00:00,29.282854
2023-05-19 16:00:00,30.1907525
2023-05-19 17:00:00,31.8859055
2023-05-19 18:00:00,31.946054
2023-05-19 19:00:00,32.421344500000004
2023-05-19 20:00:00,32.278252499999994
2023-05-19 21:00:00,35.719209
2023-05-19 22:00:00,38.353769
2023-05-19 23:00:00,36.031
2023-05-20 00:00:00,34.490502000000006
2023-05-20 01:00:00,35.2472735
2023-05-20 02:00:00,31.3875475
2023-05-20 03:00:00,26.867220000000003
2023-05-20 04:00:00,23.775374
2023-05-20 05:00:00,20.2819345
2023-05-20 06:00:00,19.0467655
2023-05-20 07:00:00,17.931708999999998
2023-05-20 08:00:00,16.893983
2023-05-20 09:00:00,17.017555
2023-05-20 10:00:00,18.4454115
2023-05-20 11:00:00,19.422096
2023-05-20 12:00:00,20.756688
2023-05-20 13:00:00,22.475255
2023-05-20 14:00:00,25.694364
2023-05-20 15:00:00,25.883525
2023-05-20 16:00:00,27.2711435
2023-05-20 17:00:00,27.5595955
2023-05-20 18:00:00,28.275297
2023-05-20 19:00:00,29.8747
2023-05-20 20:00:00,31.9538975
2023-05-20 21:00:00,34.285413000000005
2023-05-20 22:00:00,37.258673
2023-05-20 23:00:00,38.601298
2023-05-21 00:00:00,38.0281875
2023-05-21 01:00:00,38.3522615
2023-05-21 02:00:00,33.6084055
2023-05-21 03:00:00,28.10089
2023-05-21 04:00:00,24.148234
2023-05-21 05:00:00,21.0252075
2023-05-21 06:00:00,20.648398
2023-05-21 07:00:00,17.752853
2023-05-21 08:00:00,16.4700475
2023-05-21 09:00:00,16.238550500000002
2023-05-21 10:00:00,16.920861000000002
2023-05-21 11:00:00,17.017031000000003
2023-05-21 12:00:00,18.506957
2023-05-21 13:00:00,19.2043695
2023-05-21 14:00:00,20.7917735
2023-05-21 15:00:00,22.603323
2023-05-21 16:00:00,22.4858415
2023-05-21 17:00:00,23.601902000000003
2023-05-21 18:00:00,25.0799825
2023-05-21 19:00:00,26.932347
2023-05-21 20:00:00,29.718551
2023-05-21 21:00:00,33.703152
2023-05-21 22:00:00,40.594124
2023-05-21 23:00:00,43.619638
2023-05-22 00:00:00,43.6039515
2023-05-22 01:00:00,41.0330355
2023-05-22 02:00:00,35.9769745
2023-05-22 03:00:00,26.994473
2023-05-22 04:00:00,23.4215695
2023-05-22 05:00:00,18.672043
2023-05-22 06:00:00,17.268472
2023-05-22 07:00:00,15.1791435
2023-05-22 08:00:00,14.7918145
2023-05-22 09:00:00,15.874511
2023-05-22 10:00:00,18.261011
2023-05-22 11:00:00,23.1062
2023-05-22 12:00:00,23.6677015
2023-05-22 13:00:00,24.106399000000003
2023-05-22 14:00:00,27.394724
2023-05-22 15:00:00,30.3884125
2023-05-22 16:00:00,32.690625
2023-05-22 17:00:00,33.919413
2023-05-22 18:00:00,38.3553305
2023-05-22 19:00:00,41.3638375
2023-05-22 20:00:00,46.402765
2023-05-22 21:00:00,53.934131
2023-05-22 22:00:00,64.5370145
2023-05-22 23:00:00,55.7215285
2023-05-23 00:00:00,46.938885
2023-05-23 01:00:00,41.2480715
2023-05-23 02:00:00,33.661328
2023-05-23 03:00:00,26.904373
2023-05-23 04:00:00,21.8585705
2023-05-23 05:00:00,21.1839595
2023-05-23 06:00:00,19.0727425
2023-05-23 07:00:00,17.013084499999998
2023-05-23 08:00:00,17.1082405
2023-05-23 09:00:00,17.982443500000002
2023-05-23 10:00:00,21.5462285
2023-05-23 11:00:00,28.6971275
2023-05-23 12:00:00,28.374793
2023-05-23 13:00:00,29.0280065
2023-05-23 14:00:00,31.7174655
2023-05-23 15:00:00,31.211044
2023-05-23 16:00:00,32.252422499999994
2023-05-23 17:00:00,35.517337999999995
2023-05-23 18:00:00,36.6973485
2023-05-23 19:00:00,41.04212
2023-05-23 20:00:00,46.233675
2023-05-23 21:00:00,55.219156
2023-05-23 22:00:00,63.4811635
2023-05-23 23:00:00,58.829085000000006
2023-05-24 00:00:00,51.4853885
2023-05-24 01:00:00,45.212154
2023-05-24 02:00:00,36.469946
2023-05-24 03:00:00,30.2612535
2023-05-24 04:00:00,26.61338
2023-05-24 05:00:00,21.158646500000003
2023-05-24 06:00:00,18.8297275
2023-05-24 07:00:00,18.0399115
2023-05-24 08:00:00,17.738728
2023-05-24 09:00:00,18.1491575
2023-05-24 10:00:00,20.552277
2023-05-24 11:00:00,27.9338455
2023-05-24 12:00:00,27.4392615
2023-05-24 13:00:00,25.7813765
2023-05-24 14:00:00,27.5366055
2023-05-24 15:00:00,28.4042615
2023-05-24 16:00:00,29.7273535
2023-05-24 17:00:00,31.991091500000003
2023-05-24 18:00:00,35.3082155
2023-05-24 19:00:00,38.9248585
2023-05-24 20:00:00,41.4894825
2023-05-24 21:00:00,47.2572665
2023-05-24 22:00:00,51.59769
2023-05-24 23:00:00,46.164527500000005
2023-05-25 00:00:00,41.8414465
2023-05-25 01:00:00,41.7832445
2023-05-25 02:00:00,35.259122000000005
2023-05-25 03:00:00,26.100442
2023-05-25 04:00:00,24.6619295
2023-05-25 05:00:00,18.1375235
2023-05-25 06:00:00,15.915762
2023-05-25 07:00:00,15.2554405
2023-05-25 08:00:00,15.1030855
2023-05-25 09:00:00,15.7804105
2023-05-25 10:00:00,19.548812
2023-05-25 11:00:00,27.417816
2023-05-25 12:00:00,26.169799
2023-05-25 13:00:00,25.727154
2023-05-25 14:00:00,25.659235
2023-05-25 15:00:00,24.39731
2023-05-25 16:00:00,23.6607365
2023-05-25 17:00:00,24.362585
2023-05-25 18:00:00,24.670521
2023-05-25 19:00:00,25.536095
2023-05-25 20:00:00,25.724322
2023-05-25 21:00:00,27.4195875
2023-05-25 22:00:00,31.593174
2023-05-25 23:00:00,31.68477
2023-05-26 00:00:00,31.0832985
2023-05-26 01:00:00,35.2423635
2023-05-26 02:00:00,29.9681465
2023-05-26 03:00:00,24.033396
2023-05-26 04:00:00,21.392164
2023-05-26 05:00:00,18.2844425
2023-05-26 06:00:00,16.695224
2023-05-26 07:00:00,15.960857
2023-05-26 08:00:00,15.902586
2023-05-26 09:00:00,16.997198
2023-05-26 10:00:00,20.0554845
2023-05-26 11:00:00,26.139726
2023-05-26 12:00:00,25.9204015
2023-05-26 13:00:00,23.7323025
2023-05-26 14:00:00,23.9695175
2023-05-26 15:00:00,23.2446285
2023-05-26 16:00:00,22.563799000000003
2023-05-26 17:00:00,22.552415
2023-05-26 18:00:00,22.957146
2023-05-26 19:00:00,23.8767525
2023-05-26 20:00:00,25.3008305
2023-05-26 21:00:00,26.435717
2023-05-26 22:00:00,30.013157
2023-05-26 23:00:00,27.8158695
2023-05-27 00:00:00,27.185072
2023-05-27 01:00:00,27.095009
2023-05-27 02:00:00,25.493314
2023-05-27 03:00:00,21.208487
2023-05-27 04:00:00,18.8350195
2023-05-27 05:00:00,15.7106145
2023-05-27 06:00:00,15.9193165
2023-05-27 07:00:00,13.593457
2023-05-27 08:00:00,13.340836
2023-05-27 09:00:00,13.6015405
2023-05-27 10:00:00,14.759259
2023-05-27 11:00:00,15.1598705
2023-05-27 12:00:00,16.118547500000002
2023-05-27 13:00:00,17.237797
2023-05-27 14:00:00,17.846538000000002
2023-05-27 15:00:00,17.244566499999998
2023-05-27 16:00:00,18.099180500000003
2023-05-27 17:00:00,18.1835035
2023-05-27 18:00:00,18.6646785
2023-05-27 19:00:00,20.588525500000003
2023-05-27 20:00:00,22.6352955
2023-05-27 21:00:00,24.7085335
2023-05-27 22:00:00,25.6644945
2023-05-27 23:00:00,25.2367475
2023-05-28 00:00:00,24.5963765
2023-05-28 01:00:00,25.265498
2023-05-28 02:00:00,24.5915625
2023-05-28 03:00:00,19.8569225
2023-05-28 04:00:00,17.2920385
2023-05-28 05:00:00,13.704804
2023-05-28 06:00:00,12.547099
2023-05-28 07:00:00,11.954159
2023-05-28 08:00:00,11.5942275
2023-05-28 09:00:00,11.3203165
2023-05-28 10:00:00,11.5166595
2023-05-28 11:00:00,10.9865025
2023-05-28 12:00:00,11.7974635
2023-05-28 13:00:00,12.6825085
2023-05-28 14:00:00,15.859378
2023-05-28 15:00:00,16.081647500000003
2023-05-28 16:00:00,17.1228605
2023-05-28 17:00:00,18.2807465
2023-05-28 18:00:00,19.223814
2023-05-28 19:00:00,20.762845
2023-05-28 20:00:00,23.198271
2023-05-28 21:00:00,25.2822785
2023-05-28 22:00:00,29.0083575
2023-05-28 23:00:00,26.807153
2023-05-29 00:00:00,27.654016
2023-05-29 01:00:00,26.824141
2023-05-29 02:00:00,26.1945625
2023-05-29 03:00:00,22.665446
2023-05-29 04:00:00,17.7649495
2023-05-29 05:00:00,13.261829
2023-05-29 06:00:00,12.4518685
2023-05-29 07:00:00,12.242223
2023-05-29 08:00:00,11.7740935
2023-05-29 09:00:00,11.439526
2023-05-29 10:00:00,12.1343
2023-05-29 11:00:00,12.368608
2023-05-29 12:00:00,13.465068
2023-05-29 13:00:00,16.093139
2023-05-29 14:00:00,17.578975
2023-05-29 15:00:00,20.212323
2023-05-29 16:00:00,21.503265
2023-05-29 17:00:00,25.7936655
2023-05-29 18:00:00,27.9085805
2023-05-29 19:00:00,30.5739025
2023-05-29 20:00:00,33.420994
2023-05-29 21:00:00,33.628510500000004
2023-05-29 22:00:00,41.5114595
2023-05-29 23:00:00,41.620849
2023-05-30 00:00:00,38.462059
2023-05-30 01:00:00,35.4708435
2023-05-30 02:00:00,32.1166415
2023-05-30 03:00:00,24.0362365
2023-05-30 04:00:00,20.5667455
2023-05-30 05:00:00,15.5007775
2023-05-30 06:00:00,12.9969245
2023-05-30 07:00:00,11.644714
2023-05-30 08:00:00,11.3145115
2023-05-30 09:00:00,12.1748315
2023-05-30 10:00:00,14.5667675
2023-05-30 11:00:00,17.583893
2023-05-30 12:00:00,20.11462
2023-05-30 13:00:00,24.2674325
2023-05-30 14:00:00,28.1391375
2023-05-30 15:00:00,31.902181
2023-05-30 16:00:00,33.265265
2023-05-30 17:00:00,38.251901
2023-05-30 18:00:00,41.6338545
2023-05-30 19:00:00,44.5187615
2023-05-30 20:00:00,44.665969
2023-05-30 21:00:00,53.9975975
2023-05-30 22:00:00,60.32876400000001
2023-05-30 23:00:00,51.151267
2023-05-31 00:00:00,45.040034000000006
2023-05-31 01:00:00,39.339453
2023-05-31 02:00:00,35.6491195
2023-05-31 03:00:00,28.753185
2023-05-31 04:00:00,22.1939815
2023-05-31 05:00:00,17.384593
2023-05-31 06:00:00,15.776818
2023-05-31 07:00:00,12.8349855
2023-05-31 08:00:00,12.1199605
2023-05-31 09:00:00,12.831898
2023-05-31 10:00:00,15.958137999999998
2023-05-31 11:00:00,20.133705
2023-05-31 12:00:00,22.229188
2023-05-31 13:00:00,24.6037465
2023-05-31 14:00:00,28.423598
2023-05-31 15:00:00,30.4565495
2023-05-31 16:00:00,33.9093575
2023-05-31 17:00:00,39.441044000000005
2023-05-31 18:00:00,45.869437000000005
2023-05-31 19:00:00,49.6159175
2023-05-31 20:00:00,55.634401
2023-05-31 21:00:00,58.895479
2023-05-31 22:00:00,66.0321495
2023-05-31 23:00:00,56.9389845
2023-06-01 00:00:00,45.8272085
2023-06-01 01:00:00,41.0722415
2023-06-01 02:00:00,36.1296585
2023-06-01 03:00:00,28.2183245
2023-06-01 04:00:00,25.393758
2023-06-01 05:00:00,19.999082
2023-06-01 06:00:00,18.044991
2023-06-01 07:00:00,16.2262105
2023-06-01 08:00:00,15.5011135
2023-06-01 09:00:00,16.329427000000003
2023-06-01 10:00:00,18.996631
2023-06-01 11:00:00,22.7794745
2023-06-01 12:00:00,24.0907145
2023-06-01 13:00:00,27.0804215
2023-06-01 14:00:00,31.1861375
2023-06-01 15:00:00,33.4725735
2023-06-01 16:00:00,39.817376
2023-06-01 17:00:00,47.529017
2023-06-01 18:00:00,51.4911565
2023-06-01 19:00:00,57.190272
2023-06-01 20:00:00,63.662373
2023-06-01 21:00:00,78.16116
2023-06-01 22:00:00,86.5261685
2023-06-01 23:00:00,69.9632465
2023-06-02 00:00:00,56.3791105
2023-06-02 01:00:00,45.5291625
2023-06-02 02:00:00,39.4493115
2023-06-02 03:00:00,31.9301885
2023-06-02 04:00:00,29.2267805
2023-06-02 05:00:00,23.213388
2023-06-02 06:00:00,20.406172
2023-06-02 07:00:00,17.458160499999998
2023-06-02 08:00:00,15.396507499999998
2023-06-02 09:00:00,15.7098605
2023-06-02 10:00:00,18.684692
2023-06-02 11:00:00,22.4305315
2023-06-02 12:00:00,23.1302095
2023-06-02 13:00:00,25.873818
2023-06-02 14:00:00,27.8088705
2023-06-02 15:00:00,32.8882345
2023-06-02 16:00:00,37.3639055
2023-06-02 17:00:00,46.337181
2023-06-02 18:00:00,51.744595
2023-06-02 19:00:00,61.980506
2023-06-02 20:00:00,75.254672
2023-06-02 21:00:00,93.6557375
2023-06-02 22:00:00,94.696392
2023-06-02 23:00:00,74.529625
2023-06-03 00:00:00,54.6932525
2023-06-03 01:00:00,43.275090500000005
2023-06-03 02:00:00,35.331467
2023-06-03 03:00:00,31.5518525
2023-06-03 04:00:00,26.022125000000003
2023-06-03 05:00:00,21.7829025
2023-06-03 06:00:00,18.99891
2023-06-03 07:00:00,17.490992499999997
2023-06-03 08:00:00,15.39801
2023-06-03 09:00:00,14.9798955
2023-06-03 10:00:00,15.027358
2023-06-03 11:00:00,15.008052
2023-06-03 12:00:00,15.9521175
2023-06-03 13:00:00,19.615238
2023-06-03 14:00:00,23.8405315
2023-06-03 15:00:00,26.8745895
2023-06-03 16:00:00,32.5582295
2023-06-03 17:00:00,35.682086
2023-06-03 18:00:00,38.2551545
2023-06-03 19:00:00,41.487541500000006
2023-06-03 20:00:00,44.5051865
2023-06-03 21:00:00,48.220444
2023-06-03 22:00:00,48.864876
2023-06-03 23:00:00,43.2563375
2023-06-04 00:00:00,37.603624
2023-06-04 01:00:00,32.05363
2023-06-04 02:00:00,30.2899235
2023-06-04 03:00:00,24.953981
2023-06-04 04:00:00,20.4621855
2023-06-04 05:00:00,17.2620845
2023-06-04 06:00:00,15.5510085
2023-06-04 07:00:00,14.384124
2023-06-04 08:00:00,12.475308
2023-06-04 09:00:00,12.319894
2023-06-04 10:00:00,12.0706305
2023-06-04 11:00:00,11.3089445
2023-06-04 12:00:00,12.761169
2023-06-04 13:00:00,14.557354
2023-06-04 14:00:00,16.1357025
2023-06-04 15:00:00,17.1595305
2023-06-04 16:00:00,19.333881
2023-06-04 17:00:00,20.7110315
2023-06-04 18:00:00,22.0975425
2023-06-04 19:00:00,24.952085
2023-06-04 20:00:00,27.808699
2023-06-04 21:00:00,30.5388255
2023-06-04 22:00:00,33.431318000000005
2023-06-04 23:00:00,36.805202
2023-06-05 00:00:00,34.58504
2023-06-05 01:00:00,30.679865
2023-06-05 02:00:00,29.1891515
2023-06-05 03:00:00,21.4051165
2023-06-05 04:00:00,17.5251355
2023-06-05 05:00:00,16.5950305
2023-06-05 06:00:00,15.021806
2023-06-05 07:00:00,12.824347
2023-06-05 08:00:00,12.7211995
2023-06-05 09:00:00,13.61982
2023-06-05 10:00:00,17.1253095
2023-06-05 11:00:00,18.7349135
2023-06-05 12:00:00,19.877932
2023-06-05 13:00:00,21.153804
2023-06-05 14:00:00,22.926137
2023-06-05 15:00:00,25.6510345
2023-06-05 16:00:00,27.6574745
2023-06-05 17:00:00,30.1880255
2023-06-05 18:00:00,31.649371
2023-06-05 19:00:00,34.806259
2023-06-05 20:00:00,39.320479
2023-06-05 21:00:00,47.344348
2023-06-05 22:00:00,51.2254925
2023-06-05 23:00:00,45.87911
2023-06-06 00:00:00,40.4328505
2023-06-06 01:00:00,35.8763705
2023-06-06 02:00:00,32.714618
2023-06-06 03:00:00,29.1573045
2023-06-06 04:00:00,21.269559
2023-06-06 05:00:00,19.9799155
2023-06-06 06:00:00,17.8296975
2023-06-06 07:00:00,15.2452115
2023-06-06 08:00:00,13.643436
2023-06-06 09:00:00,14.6634885
2023-06-06 10:00:00,16.7861785
2023-06-06 11:00:00,20.0877455
2023-06-06 12:00:00,20.8840375
2023-06-06 13:00:00,23.164379
2023-06-06 14:00:00,25.5668225
2023-06-06 15:00:00,29.6220045
2023-06-06 16:00:00,31.923869
2023-06-06 17:00:00,34.9052595
2023-06-06 18:00:00,38.48976
2023-06-06 19:00:00,41.741619
2023-06-06 20:00:00,48.3758825
2023-06-06 21:00:00,58.9558535
2023-06-06 22:00:00,68.75742249999999
2023-06-06 23:00:00,61.9719875
2023-06-07 00:00:00,51.715332
2023-06-07 01:00:00,39.296933
2023-06-07 02:00:00,33.64123
2023-06-07 03:00:00,29.0712565
2023-06-07 04:00:00,24.3384285
2023-06-07 05:00:00,20.2246585
2023-06-07 06:00:00,17.928003
2023-06-07 07:00:00,15.520983
2023-06-07 08:00:00,14.313951
2023-06-07 09:00:00,14.9656725
2023-06-07 10:00:00,17.890467
2023-06-07 11:00:00,20.5371405
2023-06-07 12:00:00,20.4267175
2023-06-07 13:00:00,20.760313
2023-06-07 14:00:00,23.0268375
2023-06-07 15:00:00,24.6776625
2023-06-07 16:00:00,25.96675
2023-06-07 17:00:00,28.9308795
2023-06-07 18:00:00,30.4238525
2023-06-07 19:00:00,31.351487
2023-06-07 20:00:00,34.559239500000004
2023-06-07 21:00:00,39.776068
2023-06-07 22:00:00,43.071235
2023-06-07 23:00:00,39.6867875
2023-06-08 00:00:00,32.3579085
2023-06-08 01:00:00,30.297425
2023-06-08 02:00:00,28.9588385
2023-06-08 03:00:00,21.2450575
2023-06-08 04:00:00,18.892146500000003
2023-06-08 05:00:00,16.628597
2023-06-08 06:00:00,15.9667435
2023-06-08 07:00:00,13.7880935
2023-06-08 08:00:00,13.2592915
2023-06-08 09:00:00,13.8355045
2023-06-08 10:00:00,17.368624500000003
2023-06-08 11:00:00,20.8317105
2023-06-08 12:00:00,21.0945345
2023-06-08 13:00:00,22.2541765
2023-06-08 14:00:00,22.9408125
2023-06-08 15:00:00,25.6392085
2023-06-08 16:00:00,26.2207245
2023-06-08 17:00:00,27.6475315
2023-06-08 18:00:00,30.887775
2023-06-08 19:00:00,31.893463
2023-06-08 20:00:00,33.4927945
2023-06-08 21:00:00,36.136938
2023-06-08 22:00:00,37.3587605
2023-06-08 23:00:00,35.4936705
2023-06-09 00:00:00,34.322519
2023-06-09 01:00:00,33.089887
2023-06-09 02:00:00,31.7336345
2023-06-09 03:00:00,23.7098585
2023-06-09 04:00:00,19.4695195
2023-06-09 05:00:00,17.656636
2023-06-09 06:00:00,16.1972005
2023-06-09 07:00:00,14.292014
2023-06-09 08:00:00,13.52648
2023-06-09 09:00:00,13.6943115
2023-06-09 10:00:00,17.3215125
2023-06-09 11:00:00,20.541379
2023-06-09 12:00:00,20.8126165
2023-06-09 13:00:00,21.979262
2023-06-09 14:00:00,22.597586
2023-06-09 15:00:00,25.03843
2023-06-09 16:00:00,27.087581
2023-06-09 17:00:00,28.1652925
2023-06-09 18:00:00,30.106675
2023-06-09 19:00:00,30.8118945
2023-06-09 20:00:00,33.6605335
2023-06-09 21:00:00,35.038358
2023-06-09 22:00:00,35.728446500000004
2023-06-09 23:00:00,33.3971745
2023-06-10 00:00:00,31.8013665
2023-06-10 01:00:00,30.1925525
2023-06-10 02:00:00,29.2588715
2023-06-10 03:00:00,22.519558
2023-06-10 04:00:00,19.0369575
2023-06-10 05:00:00,16.7370395
2023-06-10 06:00:00,15.1374075
2023-06-10 07:00:00,15.29717
2023-06-10 08:00:00,13.227805
2023-06-10 09:00:00,12.909816
2023-06-10 10:00:00,13.3179465
2023-06-10 11:00:00,13.543648
2023-06-10 12:00:00,15.3992665
2023-06-10 13:00:00,16.0443465
2023-06-10 14:00:00,17.111976499999997
2023-06-10 15:00:00,17.2687655
2023-06-10 16:00:00,20.047441
2023-06-10 17:00:00,23.8745195
2023-06-10 18:00:00,24.939282
2023-06-10 19:00:00,29.09419
2023-06-10 20:00:00,33.0866735
2023-06-10 21:00:00,37.497267
2023-06-10 22:00:00,39.3238105
2023-06-10 23:00:00,38.369489
2023-06-11 00:00:00,34.0533465
2023-06-11 01:00:00,30.980363500000003
2023-06-11 02:00:00,28.5646745
2023-06-11 03:00:00,22.1380215
2023-06-11 04:00:00,17.964376
2023-06-11 05:00:00,15.4931415
2023-06-11 06:00:00,12.1951695
2023-06-11 07:00:00,11.6003205
2023-06-11 08:00:00,11.2345535
2023-06-11 09:00:00,11.413983
2023-06-11 10:00:00,11.1680285
2023-06-11 11:00:00,10.0056945
2023-06-11 12:00:00,10.30819
2023-06-11 13:00:00,11.8226895
2023-06-11 14:00:00,14.717972
2023-06-11 15:00:00,17.347051
2023-06-11 16:00:00,20.3315175
2023-06-11 17:00:00,24.1078675
2023-06-11 18:00:00,28.075601
2023-06-11 19:00:00,32.1221775
2023-06-11 20:00:00,36.3978915
2023-06-11 21:00:00,43.533982
2023-06-11 22:00:00,48.1014295
2023-06-11 23:00:00,42.8899395
2023-06-12 00:00:00,34.3553845
2023-06-12 01:00:00,29.9967835
2023-06-12 02:00:00,28.1153445
2023-06-12 03:00:00,20.534149
2023-06-12 04:00:00,18.8375445
2023-06-12 05:00:00,16.0577395
2023-06-12 06:00:00,15.406212
2023-06-12 07:00:00,13.370117
2023-06-12 08:00:00,12.86477
2023-06-12 09:00:00,13.4025805
2023-06-12 10:00:00,15.854758
2023-06-12 11:00:00,18.029263
2023-06-12 12:00:00,20.7471695
2023-06-12 13:00:00,21.461769
2023-06-12 14:00:00,24.1804955
2023-06-12 15:00:00,24.255678000000003
2023-06-12 16:00:00,25.032133
2023-06-12 17:00:00,24.9558425
2023-06-12 18:00:00,26.1087415
2023-06-12 19:00:00,26.178685
2023-06-12 20:00:00,26.7334235
2023-06-12 21:00:00,27.1686705
2023-06-12 22:00:00,27.9660455
2023-06-12 23:00:00,26.8964835
2023-06-13 00:00:00,26.0815
2023-06-13 01:00:00,25.3638945
2023-06-13 02:00:00,23.891536
2023-06-13 03:00:00,18.8014765
2023-06-13 04:00:00,15.806786
2023-06-13 05:00:00,16.127269
2023-06-13 06:00:00,14.556508
2023-06-13 07:00:00,12.8715035
2023-06-13 08:00:00,12.1546795
2023-06-13 09:00:00,12.4783625
2023-06-13 10:00:00,14.376064
2023-06-13 11:00:00,17.1034505
2023-06-13 12:00:00,18.8500085
2023-06-13 13:00:00,19.3075945
2023-06-13 14:00:00,20.561825
2023-06-13 15:00:00,21.235494
2023-06-13 16:00:00,22.6861705
2023-06-13 17:00:00,24.278966500000003
2023-06-13 18:00:00,25.5885725
2023-06-13 19:00:00,26.3510405
2023-06-13 20:00:00,28.1741385
2023-06-13 21:00:00,31.0390925
2023-06-13 22:00:00,33.0585235
2023-06-13 23:00:00,33.14984
2023-06-14 00:00:00,32.3000325
2023-06-14 01:00:00,30.7519455
2023-06-14 02:00:00,28.5742825
2023-06-14 03:00:00,23.3266135
2023-06-14 04:00:00,19.380914
2023-06-14 05:00:00,17.501782
2023-06-14 06:00:00,16.2446305
2023-06-14 07:00:00,14.826108
2023-06-14 08:00:00,14.256324
2023-06-14 09:00:00,15.238981
2023-06-14 10:00:00,18.908597
2023-06-14 11:00:00,21.3291165
2023-06-14 12:00:00,23.527277
2023-06-14 13:00:00,24.909731
2023-06-14 14:00:00,26.0841955
2023-06-14 15:00:00,27.5942745
2023-06-14 16:00:00,28.7321135
2023-06-14 17:00:00,30.3043985
2023-06-14 18:00:00,32.8245595
2023-06-14 19:00:00,33.323043
2023-06-14 20:00:00,34.429742000000005
2023-06-14 21:00:00,36.779518
2023-06-14 22:00:00,38.6227565
2023-06-14 23:00:00,39.065512
2023-06-15 00:00:00,37.5319465
2023-06-15 01:00:00,35.446357000000006
2023-06-15 02:00:00,34.268032000000005
2023-06-15 03:00:00,29.43209
2023-06-15 04:00:00,25.194995
2023-06-15 05:00:00,17.7113825
2023-06-15 06:00:00,15.945799999999998
2023-06-15 07:00:00,14.271482
2023-06-15 08:00:00,13.2534065
2023-06-15 09:00:00,13.546375
2023-06-15 10:00:00,15.4309385
2023-06-15 11:00:00,17.971922499999998
2023-06-15 12:00:00,18.6312425
2023-06-15 13:00:00,18.4890355
2023-06-15 14:00:00,19.8483705
2023-06-15 15:00:00,20.3955075
2023-06-15 16:00:00,24.209309
2023-06-15 17:00:00,28.8898025
2023-06-15 18:00:00,32.9296675
2023-06-15 19:00:00,34.4583425
2023-06-15 20:00:00,38.3515655
2023-06-15 21:00:00,37.202888
2023-06-15 22:00:00,40.83843
2023-06-15 23:00:00,38.943357500000005
2023-06-16 00:00:00,37.6057515
2023-06-16 01:00:00,30.7884115
2023-06-16 02:00:00,28.52531
2023-06-16 03:00:00,22.546827
2023-06-16 04:00:00,19.3054125
2023-06-16 05:00:00,19.144279
2023-06-16 06:00:00,17.369629500000002
2023-06-16 07:00:00,14.917084
2023-06-16 08:00:00,14.242359
2023-06-16 09:00:00,14.4873035
2023-06-16 10:00:00,16.56047
2023-06-16 11:00:00,20.1521735
2023-06-16 12:00:00,21.3258
2023-06-16 13:00:00,24.197072
2023-06-16 14:00:00,24.9298745
2023-06-16 15:00:00,28.459123
2023-06-16 16:00:00,29.566117
2023-06-16 17:00:00,31.0135265
2023-06-16 18:00:00,31.18735
2023-06-16 19:00:00,31.9604315
2023-06-16 20:00:00,33.845746500000004
2023-06-16 21:00:00,35.3473855
2023-06-16 22:00:00,35.4777305
2023-06-16 23:00:00,33.032604000000006
2023-06-17 00:00:00,30.9708775
2023-06-17 01:00:00,29.6536325
2023-06-17 02:00:00,28.2320535
2023-06-17 03:00:00,23.2358875
2023-06-17 04:00:00,18.322681
2023-06-17 05:00:00,19.533687
2023-06-17 06:00:00,17.4901305
2023-06-17 07:00:00,16.7980355
2023-06-17 08:00:00,15.5930495
2023-06-17 09:00:00,15.034411
2023-06-17 10:00:00,14.9012225
2023-06-17 11:00:00,14.6982885
2023-06-17 12:00:00,14.8378175
2023-06-17 13:00:00,16.9138375
2023-06-17 14:00:00,19.5693275
2023-06-17 15:00:00,22.0700645
2023-06-17 16:00:00,24.133632
2023-06-17 17:00:00,25.7735305
2023-06-17 18:00:00,28.224682
2023-06-17 19:00:00,30.933338
2023-06-17 20:00:00,31.905231
2023-06-17 21:00:00,35.539625
2023-06-17 22:00:00,38.639181
2023-06-17 23:00:00,41.084974
2023-06-18 00:00:00,36.4191775
2023-06-18 01:00:00,31.3500545
2023-06-18 02:00:00,32.480037499999995
2023-06-18 03:00:00,27.0580685
2023-06-18 04:00:00,21.752677
2023-06-18 05:00:00,16.405746999999998
2023-06-18 06:00:00,15.600674
2023-06-18 07:00:00,15.0579865
2023-06-18 08:00:00,13.633802500000002
2023-06-18 09:00:00,13.2604385
2023-06-18 10:00:00,13.294717
2023-06-18 11:00:00,11.982123
2023-06-18 12:00:00,12.4494455
2023-06-18 13:00:00,14.618894
2023-06-18 14:00:00,17.52689
2023-06-18 15:00:00,17.9214535
2023-06-18 16:00:00,19.9172955
2023-06-18 17:00:00,24.0102925
2023-06-18 18:00:00,27.132099
2023-06-18 19:00:00,30.383016
2023-06-18 20:00:00,34.0949765
2023-06-18 21:00:00,44.0157275
2023-06-18 22:00:00,45.765977
2023-06-18 23:00:00,45.5888445
2023-06-19 00:00:00,41.1777935
2023-06-19 01:00:00,31.927889
2023-06-19 02:00:00,32.565803
2023-06-19 03:00:00,26.1242855
2023-06-19 04:00:00,20.758686
2023-06-19 05:00:00,17.1838385
2023-06-19 06:00:00,15.737375
2023-06-19 07:00:00,15.038372
2023-06-19 08:00:00,13.9287
2023-06-19 09:00:00,14.1230165
2023-06-19 10:00:00,15.290328
2023-06-19 11:00:00,16.729961000000003
2023-06-19 12:00:00,19.16998
2023-06-19 13:00:00,21.5185935
2023-06-19 14:00:00,25.7647995
2023-06-19 15:00:00,27.4409925
2023-06-19 16:00:00,31.3111015
2023-06-19 17:00:00,36.691109
2023-06-19 18:00:00,42.6049785
2023-06-19 19:00:00,46.1221395
2023-06-19 20:00:00,53.200029
2023-06-19 21:00:00,62.841761000000005
2023-06-19 22:00:00,63.6081185
2023-06-19 23:00:00,54.826626
2023-06-20 00:00:00,44.7582575
2023-06-20 01:00:00,37.866209
2023-06-20 02:00:00,35.311392999999995
2023-06-20 03:00:00,27.427192
2023-06-20 04:00:00,23.884321
2023-06-20 05:00:00,17.7442745
2023-06-20 06:00:00,16.6115325
2023-06-20 07:00:00,15.4234795
2023-06-20 08:00:00,14.19764
2023-06-20 09:00:00,14.3502325
2023-06-20 10:00:00,16.884038500000003
2023-06-20 11:00:00,19.4543125
2023-06-20 12:00:00,20.9747585
2023-06-20 13:00:00,24.5523215
2023-06-20 14:00:00,27.8402755
2023-06-20 15:00:00,29.325234
2023-06-20 16:00:00,29.353591
2023-06-20 17:00:00,31.494117000000003
2023-06-20 18:00:00,35.4104205
2023-06-20 19:00:00,36.5021795
2023-06-20 20:00:00,39.432384
2023-06-20 21:00:00,43.9489025
2023-06-20 22:00:00,45.575628
2023-06-20 23:00:00,40.233288
2023-06-21 00:00:00,36.262074
2023-06-21 01:00:00,32.7425795
2023-06-21 02:00:00,31.3665835
2023-06-21 03:00:00,25.239628
2023-06-21 04:00:00,19.8911255
2023-06-21 05:00:00,18.4679475
2023-06-21 06:00:00,16.423936
2023-06-21 07:00:00,14.8829505
2023-06-21 08:00:00,14.1953625
2023-06-21 09:00:00,14.5223225
2023-06-21 10:00:00,16.292963
2023-06-21 11:00:00,20.0416575
2023-06-21 12:00:00,21.6378305
2023-06-21 13:00:00,24.167327
2023-06-21 14:00:00,25.9828455
2023-06-21 15:00:00,29.845795
2023-06-21 16:00:00,30.597333
2023-06-21 17:00:00,32.0172475
2023-06-21 18:00:00,34.0710615
2023-06-21 19:00:00,35.099410500000005
2023-06-21 20:00:00,36.2312365
2023-06-21 21:00:00,41.2242875
2023-06-21 22:00:00,41.087608
2023-06-21 23:00:00,36.345162
2023-06-22 00:00:00,33.480858999999995
2023-06-22 01:00:00,31.2189025
2023-06-22 02:00:00,29.9154815
2023-06-22 03:00:00,22.8879945
2023-06-22 04:00:00,19.7716335
2023-06-22 05:00:00,17.367127
2023-06-22 06:00:00,14.966890500000002
2023-06-22 07:00:00,13.5302385
2023-06-22 08:00:00,12.911093
2023-06-22 09:00:00,13.9832965
2023-06-22 10:00:00,15.9684485
2023-06-22 11:00:00,20.5610955
2023-06-22 12:00:00,22.370818
2023-06-22 13:00:00,24.172685
2023-06-22 14:00:00,27.1860935
2023-06-22 15:00:00,29.727539
2023-06-22 16:00:00,29.80905
2023-06-22 17:00:00,30.6294935
2023-06-22 18:00:00,30.885161
2023-06-22 19:00:00,31.5474895
2023-06-22 20:00:00,31.760126
2023-06-22 21:00:00,34.026078
2023-06-22 22:00:00,35.8173375
2023-06-22 23:00:00,33.21449749999999
2023-06-23 00:00:00,31.518131
2023-06-23 01:00:00,31.684898
2023-06-23 02:00:00,30.3683765
2023-06-23 03:00:00,24.649956
2023-06-23 04:00:00,19.3660835
2023-06-23 05:00:00,17.8980035
2023-06-23 06:00:00,16.304009
2023-06-23 07:00:00,14.727125
2023-06-23 08:00:00,14.364297
2023-06-23 09:00:00,14.8098905
2023-06-23 10:00:00,17.3376645
2023-06-23 11:00:00,21.481644000000003
2023-06-23 12:00:00,25.010809
2023-06-23 13:00:00,26.429239
2023-06-23 14:00:00,28.8501325
2023-06-23 15:00:00,31.8993495
2023-06-23 16:00:00,32.397285999999994
2023-06-23 17:00:00,34.853789
2023-06-23 18:00:00,35.135168
2023-06-23 19:00:00,36.376058
2023-06-23 20:00:00,36.816978500000005
2023-06-23 21:00:00,41.5840895
2023-06-23 22:00:00,43.623451
2023-06-23 23:00:00,40.414118
2023-06-24 00:00:00,34.6531315
2023-06-24 01:00:00,33.6408215
2023-06-24 02:00:00,32.318337
2023-06-24 03:00:00,28.4151875
2023-06-24 04:00:00,22.3839285
2023-06-24 05:00:00,19.409462
2023-06-24 06:00:00,20.2296955
2023-06-24 07:00:00,16.5407065
2023-06-24 08:00:00,14.933638
2023-06-24 09:00:00,14.5993085
2023-06-24 10:00:00,14.9115545
2023-06-24 11:00:00,15.37822
2023-06-24 12:00:00,16.4773305
2023-06-24 13:00:00,19.072765
2023-06-24 14:00:00,21.922944
2023-06-24 15:00:00,24.8185645
2023-06-24 16:00:00,28.3058435
2023-06-24 17:00:00,33.0566745
2023-06-24 18:00:00,32.170434
2023-06-24 19:00:00,36.027932
2023-06-24 20:00:00,39.460519000000005
2023-06-24 21:00:00,43.7034135
2023-06-24 22:00:00,44.981164500000006
2023-06-24 23:00:00,44.490196
2023-06-25 00:00:00,36.319438000000005
2023-06-25 01:00:00,35.0897155
2023-06-25 02:00:00,34.4582275
2023-06-25 03:00:00,27.424216
2023-06-25 04:00:00,22.0759865
2023-06-25 05:00:00,21.0090965
2023-06-25 06:00:00,17.7273445
2023-06-25 07:00:00,17.1195755
2023-06-25 08:00:00,14.3224665
2023-06-25 09:00:00,14.1370725
2023-06-25 10:00:00,14.006101
2023-06-25 11:00:00,12.655483
2023-06-25 12:00:00,13.827823
2023-06-25 13:00:00,17.9999955
2023-06-25 14:00:00,21.302994
2023-06-25 15:00:00,24.7033925
2023-06-25 16:00:00,29.230771
2023-06-25 17:00:00,34.111232
2023-06-25 18:00:00,35.8620505
2023-06-25 19:00:00,38.559815
2023-06-25 20:00:00,43.4557195
2023-06-25 21:00:00,52.1287705
2023-06-25 22:00:00,57.8275535
2023-06-25 23:00:00,54.180549
2023-06-26 00:00:00,46.1098895
2023-06-26 01:00:00,40.129242000000005
2023-06-26 02:00:00,37.523998500000005
2023-06-26 03:00:00,33.273191
2023-06-26 04:00:00,24.629395
2023-06-26 05:00:00,20.2942025
2023-06-26 06:00:00,17.729152999999997
2023-06-26 07:00:00,14.4876105
2023-06-26 08:00:00,13.4501275
2023-06-26 09:00:00,13.563302
2023-06-26 10:00:00,15.2566515
2023-06-26 11:00:00,20.5210615
2023-06-26 12:00:00,21.123412
2023-06-26 13:00:00,22.4750775
2023-06-26 14:00:00,27.359287
2023-06-26 15:00:00,30.871437
2023-06-26 16:00:00,32.07514
2023-06-26 17:00:00,38.8334325
2023-06-26 18:00:00,47.427248000000006
2023-06-26 19:00:00,55.045399
2023-06-26 20:00:00,57.348262000000005
2023-06-26 21:00:00,63.800761
2023-06-26 22:00:00,64.77511
2023-06-26 23:00:00,50.928592
2023-06-27 00:00:00,44.34191
2023-06-27 01:00:00,35.41687
2023-06-27 02:00:00,31.8731345
2023-06-27 03:00:00,27.0887485
2023-06-27 04:00:00,21.6414375
2023-06-27 05:00:00,19.4401035
2023-06-27 06:00:00,17.5151325
2023-06-27 07:00:00,15.308642
2023-06-27 08:00:00,14.7231945
2023-06-27 09:00:00,14.707305
2023-06-27 10:00:00,18.265225
2023-06-27 11:00:00,22.262008
2023-06-27 12:00:00,23.8140795
2023-06-27 13:00:00,26.2306885
2023-06-27 14:00:00,28.350487
2023-06-27 15:00:00,31.6706005
2023-06-27 16:00:00,34.327833
2023-06-27 17:00:00,37.123037
2023-06-27 18:00:00,40.320913
2023-06-27 19:00:00,42.662876
2023-06-27 20:00:00,45.381915
2023-06-27 21:00:00,49.335875
2023-06-27 22:00:00,51.8399505
2023-06-27 23:00:00,45.901303
2023-06-28 00:00:00,41.171843
2023-06-28 01:00:00,36.2050345
2023-06-28 02:00:00,34.5312265
2023-06-28 03:00:00,29.696058
2023-06-28 04:00:00,23.2965955
2023-06-28 05:00:00,19.7894445
2023-06-28 06:00:00,17.860470499999998
2023-06-28 07:00:00,15.366864
2023-06-28 08:00:00,14.1530695
2023-06-28 09:00:00,15.2452405
2023-06-28 10:00:00,17.012722
2023-06-28 11:00:00,21.7246585
2023-06-28 12:00:00,21.6327335
2023-06-28 13:00:00,23.290626000000003
2023-06-28 14:00:00,25.0656685
2023-06-28 15:00:00,26.8387945
2023-06-28 16:00:00,29.529458
2023-06-28 17:00:00,32.355713
2023-06-28 18:00:00,36.6198725
2023-06-28 19:00:00,38.74927
2023-06-28 20:00:00,43.013062000000005
2023-06-28 21:00:00,48.678643
2023-06-28 22:00:00,54.5148255
2023-06-28 23:00:00,47.9226315
2023-06-29 00:00:00,42.535935
2023-06-29 01:00:00,36.2804305
2023-06-29 02:00:00,33.2484345
2023-06-29 03:00:00,26.663871
2023-06-29 04:00:00,24.2978315
2023-06-29 05:00:00,20.494555
2023-06-29 06:00:00,17.546679
2023-06-29 07:00:00,16.1789035
2023-06-29 08:00:00,15.0243165
2023-06-29 09:00:00,14.9325575
2023-06-29 10:00:00,16.410376
2023-06-29 11:00:00,20.1750385
2023-06-29 12:00:00,20.5064845
2023-06-29 13:00:00,22.104876500000003
2023-06-29 14:00:00,25.783108
2023-06-29 15:00:00,28.1112545
2023-06-29 16:00:00,33.28188
2023-06-29 17:00:00,37.5746745
2023-06-29 18:00:00,41.4398535
2023-06-29 19:00:00,45.0701725
2023-06-29 20:00:00,57.005446500000005
2023-06-29 21:00:00,68.512987
2023-06-29 22:00:00,73.545125
2023-06-29 23:00:00,59.615145
2023-06-30 00:00:00,51.957031
2023-06-30 01:00:00,42.4770735
2023-06-30 02:00:00,38.5627945
2023-06-30 03:00:00,31.160143
2023-06-30 04:00:00,28.281709
2023-06-30 05:00:00,22.2836655
2023-06-30 06:00:00,19.0961485
2023-06-30 07:00:00,16.7471775
2023-06-30 08:00:00,15.448635
2023-06-30 09:00:00,15.096978
2023-06-30 10:00:00,16.830385
2023-06-30 11:00:00,20.6064175
2023-06-30 12:00:00,21.3041115
2023-06-30 13:00:00,25.191005500000003
2023-06-30 14:00:00,27.3845385
2023-06-30 15:00:00,30.43888
2023-06-30 16:00:00,33.7154315
2023-06-30 17:00:00,41.1093295
2023-06-30 18:00:00,42.009446
2023-06-30 19:00:00,48.876616
2023-06-30 20:00:00,58.577785000000006
2023-06-30 21:00:00,69.1259265
2023-06-30 22:00:00,67.306115
2023-06-30 23:00:00,58.473513
2023-07-01 00:00:00,47.192401
2023-07-01 01:00:00,39.7745615
2023-07-01 02:00:00,35.588078
2023-07-01 03:00:00,30.6991695
2023-07-01 04:00:00,28.3593615
2023-07-01 05:00:00,23.6163475
2023-07-01 06:00:00,21.6393
2023-07-01 07:00:00,19.1856215
2023-07-01 08:00:00,17.5147275
2023-07-01 09:00:00,17.244644
2023-07-01 10:00:00,17.047377
2023-07-01 11:00:00,16.8500685
2023-07-01 12:00:00,18.6418725
2023-07-01 13:00:00,23.383478
2023-07-01 14:00:00,26.2408865
2023-07-01 15:00:00,27.684282
2023-07-01 16:00:00,31.4588995
2023-07-01 17:00:00,33.24923
2023-07-01 18:00:00,34.006773
2023-07-01 19:00:00,35.3511845
2023-07-01 20:00:00,38.6936655
2023-07-01 21:00:00,41.3079215
2023-07-01 22:00:00,45.4145295
2023-07-01 23:00:00,42.500649
2023-07-02 00:00:00,36.2272055
2023-07-02 01:00:00,33.933444
2023-07-02 02:00:00,32.590256
2023-07-02 03:00:00,29.2219125
2023-07-02 04:00:00,25.274734
2023-07-02 05:00:00,21.875412
2023-07-02 06:00:00,21.376217
2023-07-02 07:00:00,19.346454
2023-07-02 08:00:00,16.663306
2023-07-02 09:00:00,15.5970415
2023-07-02 10:00:00,15.188814
2023-07-02 11:00:00,15.217817
2023-07-02 12:00:00,15.781563
2023-07-02 13:00:00,21.4573805
2023-07-02 14:00:00,22.787223500000003
2023-07-02 15:00:00,26.396086
2023-07-02 16:00:00,29.750378
2023-07-02 17:00:00,31.2211785
2023-07-02 18:00:00,33.368911
2023-07-02 19:00:00,35.054408
2023-07-02 20:00:00,36.826861
2023-07-02 21:00:00,41.37455
2023-07-02 22:00:00,44.58502
2023-07-02 23:00:00,44.297603
2023-07-03 00:00:00,40.146259
2023-07-03 01:00:00,35.5817445
2023-07-03 02:00:00,33.007843
2023-07-03 03:00:00,30.390562
2023-07-03 04:00:00,26.2766
2023-07-03 05:00:00,21.7871055
2023-07-03 06:00:00,21.912584000000003
2023-07-03 07:00:00,18.623405
2023-07-03 08:00:00,16.107476
2023-07-03 09:00:00,16.0567765
2023-07-03 10:00:00,18.880814
2023-07-03 11:00:00,22.4616155
2023-07-03 12:00:00,22.5015745
2023-07-03 13:00:00,26.0056
2023-07-03 14:00:00,29.35187
2023-07-03 15:00:00,32.5423075
2023-07-03 16:00:00,35.0276705
2023-07-03 17:00:00,40.0145145
2023-07-03 18:00:00,42.7154615
2023-07-03 19:00:00,49.2241625
2023-07-03 20:00:00,57.8916495
2023-07-03 21:00:00,60.00009849999999
2023-07-03 22:00:00,69.4306
2023-07-03 23:00:00,57.1625145
2023-07-04 00:00:00,46.2786575
2023-07-04 01:00:00,39.827191
2023-07-04 02:00:00,35.867406
2023-07-04 03:00:00,31.773357
2023-07-04 04:00:00,28.6171705
2023-07-04 05:00:00,25.2164455
2023-07-04 06:00:00,20.1162975
2023-07-04 07:00:00,19.9596575
2023-07-04 08:00:00,16.520159
2023-07-04 09:00:00,15.632783
2023-07-04 10:00:00,15.607464
2023-07-04 11:00:00,15.9126645
2023-07-04 12:00:00,16.922903
2023-07-04 13:00:00,20.4206575
2023-07-04 14:00:00,25.3005785
2023-07-04 15:00:00,29.039179
2023-07-04 16:00:00,32.992919
2023-07-04 17:00:00,38.295343
2023-07-04 18:00:00,44.5324645
2023-07-04 19:00:00,48.312809
2023-07-04 20:00:00,55.842892000000006
2023-07-04 21:00:00,65.4058855
2023-07-04 22:00:00,70.6615915
2023-07-04 23:00:00,66.378837
2023-07-05 00:00:00,55.3339495
2023-07-05 01:00:00,43.2118165
2023-07-05 02:00:00,34.748646
2023-07-05 03:00:00,30.92908
2023-07-05 04:00:00,28.264898
2023-07-05 05:00:00,25.503045
2023-07-05 06:00:00,21.8775835
2023-07-05 07:00:00,19.377497
2023-07-05 08:00:00,16.218352
2023-07-05 09:00:00,16.055103000000003
2023-07-05 10:00:00,18.4180645
2023-07-05 11:00:00,22.28649
2023-07-05 12:00:00,22.608364
2023-07-05 13:00:00,26.26345
2023-07-05 14:00:00,31.691085
2023-07-05 15:00:00,36.278617
2023-07-05 16:00:00,42.5186315
2023-07-05 17:00:00,51.0419885
2023-07-05 18:00:00,61.4109875
2023-07-05 19:00:00,63.600394
2023-07-05 20:00:00,70.5492805
2023-07-05 21:00:00,84.69055399999999
2023-07-05 22:00:00,87.473474
2023-07-05 23:00:00,72.6493135
2023-07-06 00:00:00,56.676571
2023-07-06 01:00:00,46.4524965
2023-07-06 02:00:00,38.6140625
2023-07-06 03:00:00,31.4382355
2023-07-06 04:00:00,30.7053735
2023-07-06 05:00:00,26.19374
2023-07-06 06:00:00,24.065552
2023-07-06 07:00:00,19.937832
2023-07-06 08:00:00,16.862510999999998
2023-07-06 09:00:00,16.746902
2023-07-06 10:00:00,18.207136
2023-07-06 11:00:00,23.517783
2023-07-06 12:00:00,25.2704435
2023-07-06 13:00:00,26.899496
2023-07-06 14:00:00,32.0167055
2023-07-06 15:00:00,34.491386500000004
2023-07-06 16:00:00,39.6523575
2023-07-06 17:00:00,42.3097665
2023-07-06 18:00:00,53.7823435
2023-07-06 19:00:00,56.4632735
2023-07-06 20:00:00,62.343797
2023-07-06 21:00:00,72.3181835
2023-07-06 22:00:00,70.8436605
2023-07-06 23:00:00,61.44630000000001
2023-07-07 00:00:00,49.4755375
2023-07-07 01:00:00,41.899829
2023-07-07 02:00:00,34.793723
2023-07-07 03:00:00,28.811582
2023-07-07 04:00:00,27.8320885
2023-07-07 05:00:00,26.400144500000003
2023-07-07 06:00:00,23.9218275
2023-07-07 07:00:00,20.8028915
2023-07-07 08:00:00,19.0782605
2023-07-07 09:00:00,18.932679
2023-07-07 10:00:00,22.0896415
2023-07-07 11:00:00,25.0908315
2023-07-07 12:00:00,27.54808
2023-07-07 13:00:00,29.850792
2023-07-07 14:00:00,34.5485745
2023-07-07 15:00:00,35.4070055
2023-07-07 16:00:00,41.973546
2023-07-07 17:00:00,45.228479500000006
2023-07-07 18:00:00,50.6986635
2023-07-07 19:00:00,57.3808055
2023-07-07 20:00:00,67.1475585
2023-07-07 21:00:00,80.1145255
2023-07-07 22:00:00,78.70141699999999
2023-07-07 23:00:00,65.90340649999999
2023-07-08 00:00:00,52.677186000000006
2023-07-08 01:00:00,42.8023865
2023-07-08 02:00:00,37.776608
2023-07-08 03:00:00,31.2537245
2023-07-08 04:00:00,28.3444985
2023-07-08 05:00:00,24.1053925
2023-07-08 06:00:00,23.322085
2023-07-08 07:00:00,20.4141165
2023-07-08 08:00:00,17.8693465
2023-07-08 09:00:00,16.7396825
2023-07-08 10:00:00,16.5645735
2023-07-08 11:00:00,17.566825
2023-07-08 12:00:00,19.7534925
2023-07-08 13:00:00,23.6811855
2023-07-08 14:00:00,26.5068295
2023-07-08 15:00:00,32.1077
2023-07-08 16:00:00,36.069205
2023-07-08 17:00:00,37.816922
2023-07-08 18:00:00,42.0252765
2023-07-08 19:00:00,44.7916035
2023-07-08 20:00:00,51.831423
2023-07-08 21:00:00,58.214637
2023-07-08 22:00:00,64.46077149999999
2023-07-08 23:00:00,57.00264799999999
2023-07-09 00:00:00,45.388406
2023-07-09 01:00:00,39.6859105
2023-07-09 02:00:00,33.7276645
2023-07-09 03:00:00,30.3252035
2023-07-09 04:00:00,25.3259385
2023-07-09 05:00:00,23.765029
2023-07-09 06:00:00,21.9804495
2023-07-09 07:00:00,19.0871955
2023-07-09 08:00:00,17.578463
2023-07-09 09:00:00,16.0650305
2023-07-09 10:00:00,15.366252500000002
2023-07-09 11:00:00,15.459799
2023-07-09 12:00:00,16.3825605
2023-07-09 13:00:00,22.5816085
2023-07-09 14:00:00,26.239099
2023-07-09 15:00:00,27.9746555
2023-07-09 16:00:00,32.38484
2023-07-09 17:00:00,36.024013999999994
2023-07-09 18:00:00,37.4882895
2023-07-09 19:00:00,36.4064475
2023-07-09 20:00:00,37.782764
2023-07-09 21:00:00,39.996338
2023-07-09 22:00:00,41.6010995
2023-07-09 23:00:00,40.7740725
2023-07-10 00:00:00,36.7643665
2023-07-10 01:00:00,34.906366000000006
2023-07-10 02:00:00,31.962599
2023-07-10 03:00:00,27.650307
2023-07-10 04:00:00,22.5249635
2023-07-10 05:00:00,20.1414185
2023-07-10 06:00:00,17.910054000000002
2023-07-10 07:00:00,15.51719
2023-07-10 08:00:00,14.9842155
2023-07-10 09:00:00,15.3406305
2023-07-10 10:00:00,17.030527
2023-07-10 11:00:00,20.8768935
2023-07-10 12:00:00,23.5962695
2023-07-10 13:00:00,26.573521
2023-07-10 14:00:00,27.646265
2023-07-10 15:00:00,30.62101
2023-07-10 16:00:00,32.605969
2023-07-10 17:00:00,35.3445595
2023-07-10 18:00:00,41.442027
2023-07-10 19:00:00,44.5261915
2023-07-10 20:00:00,53.3540195
2023-07-10 21:00:00,67.3761675
2023-07-10 22:00:00,75.1506975
2023-07-10 23:00:00,63.280056
2023-07-11 00:00:00,47.818652
2023-07-11 01:00:00,38.91166200000001
2023-07-11 02:00:00,36.112825
2023-07-11 03:00:00,31.2884425
2023-07-11 04:00:00,27.598667
2023-07-11 05:00:00,20.863851
2023-07-11 06:00:00,18.1466035
2023-07-11 07:00:00,15.7404685
2023-07-11 08:00:00,14.1430695
2023-07-11 09:00:00,14.0071745
2023-07-11 10:00:00,15.042519
2023-07-11 11:00:00,18.647426
2023-07-11 12:00:00,20.663633
2023-07-11 13:00:00,24.347386
2023-07-11 14:00:00,28.731168
2023-07-11 15:00:00,33.801987999999994
2023-07-11 16:00:00,38.8606685
2023-07-11 17:00:00,42.8581555
2023-07-11 18:00:00,44.928318
2023-07-11 19:00:00,52.12552049999999
2023-07-11 20:00:00,67.007757
2023-07-11 21:00:00,82.304807
2023-07-11 22:00:00,90.048331
2023-07-11 23:00:00,77.339681
2023-07-12 00:00:00,63.269651
2023-07-12 01:00:00,45.546545
2023-07-12 02:00:00,38.5577045
2023-07-12 03:00:00,31.541814
2023-07-12 04:00:00,27.5248835
2023-07-12 05:00:00,22.922021
2023-07-12 06:00:00,19.4060795
2023-07-12 07:00:00,16.696137
2023-07-12 08:00:00,14.9904595
2023-07-12 09:00:00,15.11062
2023-07-12 10:00:00,16.742194
2023-07-12 11:00:00,20.237328
2023-07-12 12:00:00,24.047395
2023-07-12 13:00:00,26.5211185
2023-07-12 14:00:00,30.3983825
2023-07-12 15:00:00,36.3357195
2023-07-12 16:00:00,42.180504
2023-07-12 17:00:00,48.5587985
2023-07-12 18:00:00,52.767001500000006
2023-07-12 19:00:00,60.8310745
2023-07-12 20:00:00,78.773162
2023-07-12 21:00:00,95.709901
2023-07-12 22:00:00,99.1714645
2023-07-12 23:00:00,86.3995155
2023-07-13 00:00:00,69.36947950000001
2023-07-13 01:00:00,51.5607775
2023-07-13 02:00:00,40.1799805
2023-07-13 03:00:00,31.2091785
2023-07-13 04:00:00,26.7172955
2023-07-13 05:00:00,26.0608765
2023-07-13 06:00:00,24.107003
2023-07-13 07:00:00,20.741345000000003
2023-07-13 08:00:00,18.1013215
2023-07-13 09:00:00,17.82635
2023-07-13 10:00:00,22.5824125
2023-07-13 11:00:00,25.637828
2023-07-13 12:00:00,26.404588
2023-07-13 13:00:00,29.053714
2023-07-13 14:00:00,35.430715000000006
2023-07-13 15:00:00,37.0364795
2023-07-13 16:00:00,43.97468
2023-07-13 17:00:00,51.725422
2023-07-13 18:00:00,61.065545
2023-07-13 19:00:00,69.6838575
2023-07-13 20:00:00,83.5318745
2023-07-13 21:00:00,100.3706965
2023-07-13 22:00:00,106.2441835
2023-07-13 23:00:00,93.0393075
2023-07-14 00:00:00,79.098024
2023-07-14 01:00:00,56.999953
2023-07-14 02:00:00,46.009685000000005
2023-07-14 03:00:00,34.890817
2023-07-14 04:00:00,32.8666265
2023-07-14 05:00:00,26.3477025
2023-07-14 06:00:00,23.289458
2023-07-14 07:00:00,19.4678225
2023-07-14 08:00:00,17.773767
2023-07-14 09:00:00,16.968878
2023-07-14 10:00:00,18.8612755
2023-07-14 11:00:00,24.4170355
2023-07-14 12:00:00,26.602508
2023-07-14 13:00:00,30.258587
2023-07-14 14:00:00,33.8914175
2023-07-14 15:00:00,36.1761995
2023-07-14 16:00:00,43.3063875
2023-07-14 17:00:00,46.9001215
2023-07-14 18:00:00,48.897972
2023-07-14 19:00:00,54.573162
2023-07-14 20:00:00,62.86021
2023-07-14 21:00:00,80.4296695
2023-07-14 22:00:00,82.6777845
2023-07-14 23:00:00,69.506189
2023-07-15 00:00:00,57.90784549999999
2023-07-15 01:00:00,47.8155165
2023-07-15 02:00:00,44.4298815
2023-07-15 03:00:00,33.257485
2023-07-15 04:00:00,30.2380725
2023-07-15 05:00:00,28.3497515
2023-07-15 06:00:00,25.9781265
2023-07-15 07:00:00,21.960809500000003
2023-07-15 08:00:00,19.034527
2023-07-15 09:00:00,17.670377000000002
2023-07-15 10:00:00,17.4412435
2023-07-15 11:00:00,17.665136
2023-07-15 12:00:00,20.389309
2023-07-15 13:00:00,24.6283185
2023-07-15 14:00:00,29.3643465
2023-07-15 15:00:00,32.52602
2023-07-15 16:00:00,36.2031575
2023-07-15 17:00:00,42.0888595
2023-07-15 18:00:00,43.2546565
2023-07-15 19:00:00,45.725613
2023-07-15 20:00:00,50.720827
2023-07-15 21:00:00,65.99613049999999
2023-07-15 22:00:00,72.6214295
2023-07-15 23:00:00,66.245743
2023-07-16 00:00:00,53.461606
2023-07-16 01:00:00,44.559
2023-07-16 02:00:00,38.4214755
2023-07-16 03:00:00,31.7208095
2023-07-16 04:00:00,29.0420055
2023-07-16 05:00:00,22.949293
2023-07-16 06:00:00,22.550606
2023-07-16 07:00:00,19.8278525
2023-07-16 08:00:00,17.243184499999998
2023-07-16 09:00:00,16.316254
2023-07-16 10:00:00,16.490720500000002
2023-07-16 11:00:00,16.1091975
2023-07-16 12:00:00,17.3957525
2023-07-16 13:00:00,21.444471
2023-07-16 14:00:00,24.3060715
2023-07-16 15:00:00,28.4200275
2023-07-16 16:00:00,32.243688
2023-07-16 17:00:00,34.911994
2023-07-16 18:00:00,38.612505
2023-07-16 19:00:00,43.334226
2023-07-16 20:00:00,47.6240115
2023-07-16 21:00:00,58.7402065
2023-07-16 22:00:00,69.1166415
2023-07-16 23:00:00,65.310868
2023-07-17 00:00:00,55.6686445
2023-07-17 01:00:00,44.0998195
2023-07-17 02:00:00,37.5384315
2023-07-17 03:00:00,31.454247
2023-07-17 04:00:00,27.466852000000003
2023-07-17 05:00:00,20.785902
2023-07-17 06:00:00,20.222115
2023-07-17 07:00:00,16.913337499999997
2023-07-17 08:00:00,15.352563
2023-07-17 09:00:00,15.9797605
2023-07-17 10:00:00,17.3461755
2023-07-17 11:00:00,20.9952265
2023-07-17 12:00:00,24.3135145
2023-07-17 13:00:00,28.596744
2023-07-17 14:00:00,32.6790075
2023-07-17 15:00:00,33.3567795
2023-07-17 16:00:00,39.7433525
2023-07-17 17:00:00,48.157644000000005
2023-07-17 18:00:00,52.852348
2023-07-17 19:00:00,59.071578
2023-07-17 20:00:00,70.891082
2023-07-17 21:00:00,88.54962
2023-07-17 22:00:00,94.5959645
2023-07-17 23:00:00,84.5617545
2023-07-18 00:00:00,67.5240845
2023-07-18 01:00:00,50.6285595
2023-07-18 02:00:00,41.9514285
2023-07-18 03:00:00,34.3156525
2023-07-18 04:00:00,29.222643
2023-07-18 05:00:00,22.2112565
2023-07-18 06:00:00,18.4121935
2023-07-18 07:00:00,15.7825065
2023-07-18 08:00:00,14.2274165
2023-07-18 09:00:00,14.577692
2023-07-18 10:00:00,16.9097225
2023-07-18 11:00:00,20.839018
2023-07-18 12:00:00,22.1815275
2023-07-18 13:00:00,23.4887685
2023-07-18 14:00:00,27.5600665
2023-07-18 15:00:00,30.6123175
2023-07-18 16:00:00,35.762369
2023-07-18 17:00:00,40.252707
2023-07-18 18:00:00,46.85741
2023-07-18 19:00:00,53.9055455
2023-07-18 20:00:00,59.91734700000001
2023-07-18 21:00:00,76.609943
2023-07-18 22:00:00,80.71215699999999
2023-07-18 23:00:00,73.141074
2023-07-19 00:00:00,62.3805355
2023-07-19 01:00:00,45.700008
2023-07-19 02:00:00,40.15957950000001
2023-07-19 03:00:00,31.7129165
2023-07-19 04:00:00,27.6452925
2023-07-19 05:00:00,21.410742
2023-07-19 06:00:00,18.707459
2023-07-19 07:00:00,16.1864595
2023-07-19 08:00:00,14.6424325
2023-07-19 09:00:00,14.579327
2023-07-19 10:00:00,16.0154725
2023-07-19 11:00:00,21.5589375
2023-07-19 12:00:00,22.0522715
2023-07-19 13:00:00,25.918918
2023-07-19 14:00:00,28.7526005
2023-07-19 15:00:00,30.3053365
2023-07-19 16:00:00,34.722804499999995
2023-07-19 17:00:00,38.433264
2023-07-19 18:00:00,42.367889
2023-07-19 19:00:00,45.3434525
2023-07-19 20:00:00,49.441417
2023-07-19 21:00:00,60.03764100000001
2023-07-19 22:00:00,66.55615399999999
2023-07-19 23:00:00,58.6994545
2023-07-20 00:00:00,50.0595955
2023-07-20 01:00:00,41.4495515
2023-07-20 02:00:00,39.238307
2023-07-20 03:00:00,31.0411755
2023-07-20 04:00:00,27.4147555
2023-07-20 05:00:00,22.325543
2023-07-20 06:00:00,20.0236445
2023-07-20 07:00:00,17.140169999999998
2023-07-20 08:00:00,15.5905715
2023-07-20 09:00:00,15.468661
2023-07-20 10:00:00,18.2199555
2023-07-20 11:00:00,23.583296
2023-07-20 12:00:00,24.77424
2023-07-20 13:00:00,28.5827145
2023-07-20 14:00:00,33.237799499999994
2023-07-20 15:00:00,33.9048085
2023-07-20 16:00:00,38.349563
2023-07-20 17:00:00,43.468741
2023-07-20 18:00:00,43.123984
2023-07-20 19:00:00,45.4794605
2023-07-20 20:00:00,51.374074
2023-07-20 21:00:00,57.359118
2023-07-20 22:00:00,57.644908
2023-07-20 23:00:00,52.269434
2023-07-21 00:00:00,46.9516555
2023-07-21 01:00:00,41.265402
2023-07-21 02:00:00,38.342947
2023-07-21 03:00:00,30.6207165
2023-07-21 04:00:00,26.7158445
2023-07-21 05:00:00,21.698354
2023-07-21 06:00:00,20.288275
2023-07-21 07:00:00,17.2437145
2023-07-21 08:00:00,15.0145115
2023-07-21 09:00:00,14.877239
2023-07-21 10:00:00,18.022131
2023-07-21 11:00:00,23.3373665
2023-07-21 12:00:00,25.209005500000004
2023-07-21 13:00:00,26.2715355
2023-07-21 14:00:00,28.9304595
2023-07-21 15:00:00,31.823151000000003
2023-07-21 16:00:00,33.5106875
2023-07-21 17:00:00,37.2673295
2023-07-21 18:00:00,39.2594695
2023-07-21 19:00:00,40.8686135
2023-07-21 20:00:00,44.689325
2023-07-21 21:00:00,54.9826695
2023-07-21 22:00:00,57.703735
2023-07-21 23:00:00,53.321669
2023-07-22 00:00:00,44.93818
2023-07-22 01:00:00,39.007251
2023-07-22 02:00:00,33.760065999999995
2023-07-22 03:00:00,29.5084735
2023-07-22 04:00:00,26.686972
2023-07-22 05:00:00,24.7781025
2023-07-22 06:00:00,21.638358
2023-07-22 07:00:00,20.076586
2023-07-22 08:00:00,17.902012499999998
2023-07-22 09:00:00,16.236622
2023-07-22 10:00:00,15.8033295
2023-07-22 11:00:00,16.3001635
2023-07-22 12:00:00,16.8920035
2023-07-22 13:00:00,21.220264
2023-07-22 14:00:00,24.404281
2023-07-22 15:00:00,25.4957645
2023-07-22 16:00:00,30.494284
2023-07-22 17:00:00,32.2406015
2023-07-22 18:00:00,34.577509000000006
2023-07-22 19:00:00,35.719816
2023-07-22 20:00:00,39.9616125
2023-07-22 21:00:00,46.958593500000006
2023-07-22 22:00:00,50.828753
2023-07-22 23:00:00,49.445913
2023-07-23 00:00:00,42.464496
2023-07-23 01:00:00,35.1021805
2023-07-23 02:00:00,31.8491035
2023-07-23 03:00:00,27.9430445
2023-07-23 04:00:00,25.6995485
2023-07-23 05:00:00,19.33435
2023-07-23 06:00:00,17.916925499999998
2023-07-23 07:00:00,15.078596
2023-07-23 08:00:00,13.391158
2023-07-23 09:00:00,12.900402499999998
2023-07-23 10:00:00,12.7280815
2023-07-23 11:00:00,11.9108355
2023-07-23 12:00:00,12.6854495
2023-07-23 13:00:00,17.285258
2023-07-23 14:00:00,18.4659885
2023-07-23 15:00:00,22.85609
2023-07-23 16:00:00,29.9235825
2023-07-23 17:00:00,33.6439355
2023-07-23 18:00:00,37.4975445
2023-07-23 19:00:00,40.342377
2023-07-23 20:00:00,45.020027
2023-07-23 21:00:00,54.7400625
2023-07-23 22:00:00,61.78794
2023-07-23 23:00:00,59.770463500000005
2023-07-24 00:00:00,51.9360985
2023-07-24 01:00:00,39.5274035
2023-07-24 02:00:00,35.7918145
2023-07-24 03:00:00,31.1991325
2023-07-24 04:00:00,26.4915175
2023-07-24 05:00:00,19.963836
2023-07-24 06:00:00,19.344067
2023-07-24 07:00:00,14.5206665
2023-07-24 08:00:00,13.6465775
2023-07-24 09:00:00,15.1489355
2023-07-24 10:00:00,17.2099795
2023-07-24 11:00:00,22.973429000000003
2023-07-24 12:00:00,26.656542
2023-07-24 13:00:00,30.431240000000003
2023-07-24 14:00:00,35.722575500000005
2023-07-24 15:00:00,36.5167055
2023-07-24 16:00:00,41.7932785
2023-07-24 17:00:00,47.285101
2023-07-24 18:00:00,50.9949625
2023-07-24 19:00:00,54.433357
2023-07-24 20:00:00,61.604094
2023-07-24 21:00:00,70.3097425
2023-07-24 22:00:00,76.570222
2023-07-24 23:00:00,67.870391
2023-07-25 00:00:00,55.828515
2023-07-25 01:00:00,47.9050595
2023-07-25 02:00:00,42.422663
2023-07-25 03:00:00,34.850175500000006
2023-07-25 04:00:00,27.8894975
2023-09-06 05:00:00,24.3911715
2023-09-06 06:00:00,20.949281
2023-09-06 07:00:00,18.197395
2023-09-06 08:00:00,16.777434999999997
2023-09-06 09:00:00,17.772238
2023-09-06 10:00:00,21.174498
2023-09-06 11:00:00,25.6182125
2023-09-06 12:00:00,26.1717465
2023-09-06 13:00:00,26.530073
2023-09-06 14:00:00,31.5707925
2023-09-06 15:00:00,34.251932999999994
2023-09-06 16:00:00,42.125461
2023-09-06 17:00:00,54.5003785
2023-09-06 18:00:00,69.45103950000001
2023-09-06 19:00:00,83.16237050000001
2023-09-06 20:00:00,104.6408315
2023-09-06 21:00:00,129.6639005
2023-09-06 22:00:00,146.614139
2023-09-06 23:00:00,117.718241
2023-09-07 00:00:00,87.679081
2023-09-07 01:00:00,65.775795
2023-09-07 02:00:00,44.918152500000005
2023-09-07 03:00:00,36.053252
2023-09-07 04:00:00,30.185801
2023-09-07 05:00:00,26.707803
2023-09-07 06:00:00,24.3560145
2023-09-07 07:00:00,22.0301415
2023-09-07 08:00:00,20.291132
2023-09-07 09:00:00,19.8202285
2023-09-07 10:00:00,23.793168
2023-09-07 11:00:00,28.8874455
2023-09-07 12:00:00,27.2951405
2023-09-07 13:00:00,27.386964
2023-09-07 14:00:00,30.712728
2023-09-07 15:00:00,34.919396000000006
2023-09-07 16:00:00,41.2245375
2023-09-07 17:00:00,51.7557655
2023-09-07 18:00:00,67.376314
2023-09-07 19:00:00,76.570133
2023-09-07 20:00:00,87.6905155
2023-09-07 21:00:00,101.8218675
2023-09-07 22:00:00,103.1057905
2023-09-07 23:00:00,90.025757
2023-09-08 00:00:00,69.9587645
2023-09-08 01:00:00,52.2551685
2023-09-08 02:00:00,35.7559685
2023-09-08 03:00:00,31.898956
2023-09-08 04:00:00,27.8268315
2023-09-08 05:00:00,24.684259500000003
2023-09-08 06:00:00,23.0245865
2023-09-08 07:00:00,19.4001965
2023-09-08 08:00:00,17.7183845
2023-09-08 09:00:00,18.466218
2023-09-08 10:00:00,22.1655645
2023-09-08 11:00:00,25.943567
2023-09-08 12:00:00,25.6103375
2023-09-08 13:00:00,25.31902
2023-09-08 14:00:00,26.5851375
2023-09-08 15:00:00,30.092722
2023-09-08 16:00:00,33.9339755
2023-09-08 17:00:00,37.4828535
2023-09-08 18:00:00,48.62539
2023-09-08 19:00:00,55.019232
2023-09-08 20:00:00,63.3968455
2023-09-08 21:00:00,75.238456
2023-09-08 22:00:00,74.523286
2023-09-08 23:00:00,65.26548199999999
2023-09-09 00:00:00,49.594834000000006
2023-09-09 01:00:00,41.023285
2023-09-09 02:00:00,31.2874435
2023-09-09 03:00:00,26.58952
2023-09-09 04:00:00,23.4879865
2023-09-09 05:00:00,24.017679
2023-09-09 06:00:00,23.103416
2023-09-09 07:00:00,20.741193
2023-09-09 08:00:00,19.597835
2023-09-09 09:00:00,18.473611
2023-09-09 10:00:00,18.9630675
2023-09-09 11:00:00,20.364903
2023-09-09 12:00:00,23.1447935
2023-09-09 13:00:00,26.788352
2023-09-09 14:00:00,30.9109195
2023-09-09 15:00:00,33.454332
2023-09-09 16:00:00,35.981168999999994
2023-09-09 17:00:00,40.485824
2023-09-09 18:00:00,44.756007
2023-09-09 19:00:00,50.966
2023-09-09 20:00:00,56.8621555
2023-09-09 21:00:00,65.036317
2023-09-09 22:00:00,71.642557
2023-09-09 23:00:00,60.215592
2023-09-10 00:00:00,51.7397565
2023-09-10 01:00:00,41.1307685
2023-09-10 02:00:00,35.8207515
2023-09-10 03:00:00,30.7354695
2023-09-10 04:00:00,28.353638
2023-09-10 05:00:00,22.888556
2023-09-10 06:00:00,20.897243
2023-09-10 07:00:00,20.1048215
2023-09-10 08:00:00,17.4674245
2023-09-10 09:00:00,17.311017999999997
2023-09-10 10:00:00,17.352420000000002
2023-09-10 11:00:00,17.8331835
2023-09-10 12:00:00,18.941129
2023-09-10 13:00:00,21.6763495
2023-09-10 14:00:00,24.884254
2023-09-10 15:00:00,26.455659500000003
2023-09-10 16:00:00,31.024729
2023-09-10 17:00:00,34.379886
2023-09-10 18:00:00,37.106842
2023-09-10 19:00:00,39.489041
2023-09-10 20:00:00,45.744399
2023-09-10 21:00:00,51.6037455
2023-09-10 22:00:00,56.816342
2023-09-10 23:00:00,50.7742045
2023-09-11 00:00:00,46.901577
2023-09-11 01:00:00,39.359583
2023-09-11 02:00:00,33.7825745
2023-09-11 03:00:00,27.9519495
2023-09-11 04:00:00,25.5740305
2023-09-11 05:00:00,22.154341
2023-09-11 06:00:00,19.465129
2023-09-11 07:00:00,16.711728
2023-09-11 08:00:00,16.022021
2023-09-11 09:00:00,16.560236
2023-09-11 10:00:00,22.370043
2023-09-11 11:00:00,30.96138
2023-09-11 12:00:00,28.827923
2023-09-11 13:00:00,26.633104
2023-09-11 14:00:00,33.1040985
2023-09-11 15:00:00,38.537099
2023-09-11 16:00:00,43.885278
2023-09-11 17:00:00,44.049131
2023-09-11 18:00:00,53.148914000000005
2023-09-11 19:00:00,57.7299245
2023-09-11 20:00:00,67.951193
2023-09-11 21:00:00,75.741737
2023-09-11 22:00:00,84.0493185
2023-09-11 23:00:00,68.8543055
2023-09-12 00:00:00,58.054254
2023-09-12 01:00:00,49.645915
2023-09-12 02:00:00,39.1089595
2023-09-12 03:00:00,32.90766
2023-09-12 04:00:00,28.968306
2023-09-12 05:00:00,22.264237
2023-09-12 06:00:00,20.207048
2023-09-12 07:00:00,16.8126485
2023-09-12 08:00:00,16.259202
2023-09-12 09:00:00,16.470134
2023-09-12 10:00:00,22.4486325
2023-09-12 11:00:00,28.171572
2023-09-12 12:00:00,25.940354
2023-09-12 13:00:00,25.996652500000003
2023-09-12 14:00:00,31.78053
2023-09-12 15:00:00,34.053282
2023-09-12 16:00:00,37.870658500000005
2023-09-12 17:00:00,45.302237000000005
2023-09-12 18:00:00,52.91486449999999
2023-09-12 19:00:00,53.8382195
2023-09-12 20:00:00,61.80450999999999
2023-09-12 21:00:00,78.3850195
2023-09-12 22:00:00,82.56111999999999
2023-09-12 23:00:00,63.1214325
2023-09-13 00:00:00,49.913609
2023-09-13 01:00:00,40.1567675
2023-09-13 02:00:00,32.9154305
2023-09-13 03:00:00,28.4394675
2023-09-13 04:00:00,23.6407335
2023-09-13 05:00:00,24.654421
2023-09-13 06:00:00,22.816007
2023-09-13 07:00:00,20.6562305
2023-09-13 08:00:00,18.2342605
2023-09-13 09:00:00,20.581561
2023-09-13 10:00:00,25.772126
2023-09-13 11:00:00,30.6941075
2023-09-13 12:00:00,31.8549565
2023-09-13 13:00:00,31.2551305
2023-09-13 14:00:00,31.761458500000003
2023-09-13 15:00:00,34.4796245
2023-09-13 16:00:00,36.573386
2023-09-13 17:00:00,39.971307
2023-09-13 18:00:00,44.0621635
2023-09-13 19:00:00,43.711571000000006
2023-09-13 20:00:00,48.739679
2023-09-13 21:00:00,55.325615
2023-09-13 22:00:00,58.22124
2023-09-13 23:00:00,49.305714
2023-09-14 00:00:00,40.9643605
2023-09-14 01:00:00,34.595073
2023-09-14 02:00:00,28.3034385
2023-09-14 03:00:00,25.7245615
2023-09-14 04:00:00,22.690502
2023-09-14 05:00:00,22.3298195
2023-09-14 06:00:00,19.8482595
2023-09-14 07:00:00,17.567638
2023-09-14 08:00:00,16.864371
2023-09-14 09:00:00,17.3156475
2023-09-14 10:00:00,22.7220885
2023-09-14 11:00:00,33.0396505
2023-09-14 12:00:00,25.7404505
2023-09-14 13:00:00,25.0055625
2023-09-14 14:00:00,25.890702
2023-09-14 15:00:00,28.2135445
2023-09-14 16:00:00,28.030687
2023-09-14 17:00:00,31.664112
2023-09-14 18:00:00,33.865782
2023-09-14 19:00:00,34.8168395
2023-09-14 20:00:00,37.3299855
2023-09-14 21:00:00,44.551049500000005
2023-09-14 22:00:00,47.451799
2023-09-14 23:00:00,42.6429145
2023-09-15 00:00:00,34.8575855
2023-09-15 01:00:00,31.373005
2023-09-15 02:00:00,26.0936225
2023-09-15 03:00:00,22.6436965
2023-09-15 04:00:00,20.3436
2023-09-15 05:00:00,20.6541555
2023-09-15 06:00:00,18.6083075
2023-09-15 07:00:00,16.767291
2023-09-15 08:00:00,16.2586875
2023-09-15 09:00:00,16.697678500000002
2023-09-15 10:00:00,22.725883000000003
2023-09-15 11:00:00,30.2240135
2023-09-15 12:00:00,27.4958675
2023-09-15 13:00:00,27.1978275
2023-09-15 14:00:00,27.231625
2023-09-15 15:00:00,27.7252305
2023-09-15 16:00:00,29.303756
2023-09-15 17:00:00,30.7849045
2023-09-15 18:00:00,33.428512
2023-09-15 19:00:00,35.0299555
2023-09-15 20:00:00,37.541721
2023-09-15 21:00:00,44.9068735
2023-09-15 22:00:00,55.342574
2023-09-15 23:00:00,49.212568000000005
2023-09-16 00:00:00,35.012381000000005
2023-09-16 01:00:00,32.4311315
2023-09-16 02:00:00,28.9603165
2023-09-16 03:00:00,25.2474035
2023-09-16 04:00:00,20.7122045
2023-09-21 05:00:00,23.6059195
2023-09-21 06:00:00,22.23922
2023-09-21 07:00:00,18.2571195
2023-09-21 08:00:00,17.371795499999998
2023-09-21 09:00:00,18.3953525
2023-09-21 10:00:00,24.174338
2023-09-21 11:00:00,25.3370765
2023-09-21 12:00:00,25.45297
2023-09-21 13:00:00,24.6250515
2023-09-21 14:00:00,24.8980175
2023-09-21 15:00:00,27.380878000000003
2023-09-21 16:00:00,29.5069935
2023-09-21 17:00:00,31.3603805
2023-09-21 18:00:00,33.521888
2023-09-21 19:00:00,35.9805955
2023-09-21 20:00:00,39.8299945
2023-09-21 21:00:00,45.925388
2023-09-21 22:00:00,55.4635605
2023-09-21 23:00:00,48.633244000000005
2023-09-22 00:00:00,41.950283
2023-09-22 01:00:00,36.805554
2023-09-22 02:00:00,31.378294500000003
2023-09-22 03:00:00,28.5223665
2023-09-22 04:00:00,22.404715
2023-09-22 05:00:00,19.6948045
2023-09-22 06:00:00,18.5843075
2023-09-22 07:00:00,15.076428
2023-09-22 08:00:00,14.200154
2023-09-22 09:00:00,15.34111
2023-09-22 10:00:00,19.774477
2023-09-22 11:00:00,30.383029
2023-09-22 12:00:00,26.0531905
2023-09-22 13:00:00,25.2943605
2023-09-22 14:00:00,26.9610205
2023-09-22 15:00:00,29.715419
2023-09-22 16:00:00,29.7238235
2023-09-22 17:00:00,31.6103695
2023-09-22 18:00:00,33.5418125
2023-09-22 19:00:00,34.354692
2023-09-22 20:00:00,36.9663335
2023-09-22 21:00:00,43.3780915
2023-09-22 22:00:00,47.8858665
2023-09-22 23:00:00,39.2759175
2023-09-23 00:00:00,34.514822
2023-09-23 01:00:00,30.693894
2023-09-23 02:00:00,26.168195500000003
2023-09-23 03:00:00,24.3050835
2023-09-23 04:00:00,21.203018
2023-09-23 05:00:00,19.056977
2023-09-23 06:00:00,17.004395000000002
2023-09-23 07:00:00,15.007997499999998
2023-09-23 08:00:00,14.6989465
2023-09-23 09:00:00,14.855779
2023-09-23 10:00:00,15.2127535
2023-09-23 11:00:00,19.161252
2023-09-23 12:00:00,20.08917
2023-09-23 13:00:00,21.6769645
2023-09-23 14:00:00,24.394509
2023-09-23 15:00:00,23.914891500000003
2023-09-23 16:00:00,22.8119235
2023-09-23 17:00:00,23.6455305
2023-09-23 18:00:00,24.708515
2023-09-23 19:00:00,26.519781
2023-09-23 20:00:00,26.9475185
2023-09-23 21:00:00,27.878039
2023-09-23 22:00:00,30.636571
2023-09-23 23:00:00,30.9464095
2023-09-24 00:00:00,31.0720655
2023-09-24 01:00:00,26.212995
2023-09-24 02:00:00,22.7651305
2023-09-24 03:00:00,19.971393
2023-09-24 04:00:00,17.772190000000002
2023-09-24 05:00:00,14.597802
2023-09-24 06:00:00,13.7776655
2023-09-24 07:00:00,12.8039235
2023-09-24 08:00:00,12.479181
2023-09-24 09:00:00,12.837477
2023-09-24 10:00:00,13.023133
2023-09-24 11:00:00,14.48454
2023-09-24 12:00:00,15.593174
2023-09-24 13:00:00,18.4889625
2023-09-24 14:00:00,21.0106155
2023-09-24 15:00:00,21.875025
2023-09-24 16:00:00,22.2956935
2023-09-24 17:00:00,22.945407
2023-09-24 18:00:00,22.95283
2023-09-24 19:00:00,23.790257
2023-09-24 20:00:00,26.42265
2023-09-24 21:00:00,28.1428875
2023-09-24 22:00:00,33.9827765
2023-09-24 23:00:00,34.63291
2023-09-25 00:00:00,37.3853415
2023-09-25 01:00:00,28.3072085
2023-09-25 02:00:00,26.457241000000003
2023-09-25 03:00:00,21.4737715
2023-09-25 04:00:00,20.446567
2023-09-25 05:00:00,19.528359
2023-09-25 06:00:00,20.885677
2023-09-25 07:00:00,15.703585
2023-09-25 08:00:00,15.8133015
2023-09-25 09:00:00,20.099678
2023-09-25 10:00:00,26.677809
2023-09-25 11:00:00,34.356716
2023-09-25 12:00:00,34.4336585
2023-09-25 13:00:00,31.515627
2023-09-25 14:00:00,34.245137
2023-09-25 15:00:00,34.763723
2023-09-25 16:00:00,36.022035
2023-09-25 17:00:00,36.708571500000005
2023-09-25 18:00:00,37.040902
2023-09-25 19:00:00,37.8947905
2023-09-25 20:00:00,39.6865225
2023-09-25 21:00:00,43.215381
2023-09-25 22:00:00,52.025371
2023-09-25 23:00:00,44.131532500000006
2023-09-26 00:00:00,41.3419325
2023-09-26 01:00:00,38.3048055
2023-09-26 02:00:00,33.3779815
2023-09-26 03:00:00,30.2429555
2023-09-26 04:00:00,21.923716
2023-09-26 05:00:00,20.9651625
2023-09-26 06:00:00,21.6852705
2023-09-26 07:00:00,18.1793675
2023-09-26 08:00:00,16.905908
2023-09-26 09:00:00,20.3214435
2023-09-26 10:00:00,24.5690795
2023-09-26 11:00:00,37.6383805
2023-09-26 12:00:00,33.337504
2023-09-26 13:00:00,32.310643
2023-09-26 14:00:00,35.865050999999994
2023-09-26 15:00:00,36.969971
2023-09-26 16:00:00,36.4343175
2023-09-26 17:00:00,38.46217
2023-09-26 18:00:00,37.9693815
2023-09-26 19:00:00,38.280883
2023-09-26 20:00:00,39.004347
2023-09-26 21:00:00,42.3870655
2023-09-26 22:00:00,47.677017
2023-09-26 23:00:00,46.028618
2023-09-27 00:00:00,45.515775000000005
2023-09-27 01:00:00,38.2288755
2023-09-27 02:00:00,31.3588545
2023-09-27 03:00:00,27.4470155
2023-09-27 04:00:00,23.1183465
2023-09-27 05:00:00,21.0131765
2023-09-27 06:00:00,21.092224
2023-09-27 07:00:00,18.362278
2023-09-27 08:00:00,17.730351
2023-09-27 09:00:00,19.7686365
2023-09-27 10:00:00,24.7901835
2023-09-27 11:00:00,34.6285365
2023-09-27 12:00:00,37.192828
2023-09-27 13:00:00,33.111207
2023-09-27 14:00:00,34.7867515
2023-09-27 15:00:00,35.683948
2023-09-27 16:00:00,35.420563
2023-09-27 17:00:00,34.813102
2023-09-27 18:00:00,37.263817
2023-09-27 19:00:00,34.3001865
2023-09-27 20:00:00,35.1301095
2023-09-27 21:00:00,36.302944
2023-09-27 22:00:00,39.7437325
2023-09-27 23:00:00,36.9102665
2023-09-28 00:00:00,40.635566
2023-09-28 01:00:00,35.516893499999995
2023-09-28 02:00:00,30.633889
2023-09-28 03:00:00,29.5422245
2023-09-28 04:00:00,24.055688
2023-09-28 05:00:00,22.04665
2023-09-28 06:00:00,21.836881
2023-09-28 07:00:00,20.970906
2023-09-28 08:00:00,20.265943
2023-09-28 09:00:00,21.518338
2023-09-28 10:00:00,27.513858
2023-09-28 11:00:00,35.882586
2023-09-28 12:00:00,38.294138
2023-09-28 13:00:00,37.95195150000001
2023-09-28 14:00:00,34.9977025
2023-09-28 15:00:00,33.7537785
2023-09-28 16:00:00,35.118688500000005
2023-09-28 17:00:00,36.504654
2023-09-28 18:00:00,37.1019195
2023-09-28 19:00:00,36.9003435
2023-09-28 20:00:00,40.9420815
2023-09-28 21:00:00,39.3695865
2023-09-28 22:00:00,41.810995
2023-09-28 23:00:00,46.23035
2023-09-29 00:00:00,50.5253195
2023-09-29 01:00:00,42.003600000000006
2023-09-29 02:00:00,39.21805
2023-09-29 03:00:00,36.320919
2023-09-29 04:00:00,29.725855
2023-09-29 05:00:00,22.6013345
2023-09-29 06:00:00,22.579279
2023-09-29 07:00:00,20.7172095
2023-09-29 08:00:00,20.1520755
2023-09-29 09:00:00,21.0105445
2023-09-29 10:00:00,26.5910195
2023-09-29 11:00:00,34.9436695
2023-09-29 12:00:00,37.847113500000006
2023-09-29 13:00:00,37.479647
2023-09-29 14:00:00,36.659945500000006
2023-09-29 15:00:00,36.3964095
2023-09-29 16:00:00,36.6304425
2023-09-29 17:00:00,39.488056
2023-09-29 18:00:00,42.091774
2023-09-29 19:00:00,41.495144
2023-09-29 20:00:00,42.8145755
2023-09-29 21:00:00,44.9303195
2023-09-29 22:00:00,47.2691805
2023-09-29 23:00:00,45.2654435
2023-09-30 00:00:00,44.355562000000006
2023-09-30 01:00:00,38.080438
2023-09-30 02:00:00,36.2461115
2023-09-30 03:00:00,32.2836445
2023-09-30 04:00:00,27.3835195
2023-09-30 05:00:00,21.5498415
2023-09-30 06:00:00,25.6290805
2023-09-30 07:00:00,18.931348
2023-09-30 08:00:00,18.945358
2023-09-30 09:00:00,19.264154
2023-09-30 10:00:00,20.6007515
2023-09-30 11:00:00,22.493785000000003
2023-09-30 12:00:00,24.7986225
2023-09-30 13:00:00,24.9474835
2023-09-30 14:00:00,26.6500295
2023-09-30 15:00:00,28.6099225
2023-09-30 16:00:00,30.766459
2023-09-30 17:00:00,31.623973
2023-09-30 18:00:00,33.6116855
2023-09-30 19:00:00,36.1215215
2023-09-30 20:00:00,37.9818405
2023-09-30 21:00:00,41.737317
2023-09-30 22:00:00,48.626227
2023-09-30 23:00:00,45.3215525
2023-10-01 00:00:00,42.8712175
2023-10-01 01:00:00,37.1840005
2023-10-01 02:00:00,32.460359
2023-10-01 03:00:00,28.221089
2023-10-01 04:00:00,24.6633545
2023-10-01 05:00:00,19.8818895
2023-10-01 06:00:00,19.9266675
2023-10-01 07:00:00,15.894019
2023-10-01 08:00:00,14.7437215
2023-10-01 09:00:00,14.900469
2023-10-01 10:00:00,16.6406105
2023-10-01 11:00:00,19.567651
2023-10-01 12:00:00,20.5475925
2023-10-01 13:00:00,20.3910175
2023-10-01 14:00:00,21.9107715
2023-10-01 15:00:00,25.1829585
2023-10-01 16:00:00,26.760742
2023-10-01 17:00:00,29.3707495
2023-10-01 18:00:00,34.253738
2023-10-01 19:00:00,39.132906000000006
2023-10-01 20:00:00,42.8346205
2023-10-01 21:00:00,51.0605325
2023-10-01 22:00:00,66.99995799999999
2023-10-01 23:00:00,62.63650749999999
2023-10-02 00:00:00,51.934116
2023-10-02 01:00:00,40.1673685
2023-10-02 02:00:00,32.673205499999995
2023-10-02 03:00:00,29.929754000000003
2023-10-02 04:00:00,24.9505945
2023-10-02 05:00:00,20.024089
2023-10-02 06:00:00,18.9007535
2023-10-02 07:00:00,15.7866815
2023-10-02 08:00:00,15.3373135
2023-10-02 09:00:00,15.971757
2023-10-02 10:00:00,22.6557895
2023-10-02 11:00:00,31.98379
2023-10-02 12:00:00,29.8624455
2023-10-02 13:00:00,29.399591
2023-10-02 14:00:00,30.8253485
2023-10-02 15:00:00,33.8633905
2023-10-02 16:00:00,38.0874585
2023-10-02 17:00:00,44.572003
2023-10-02 18:00:00,48.5876955
2023-10-02 19:00:00,54.2529045
2023-10-02 20:00:00,66.516838
2023-10-02 21:00:00,79.603966
2023-10-02 22:00:00,94.851239
2023-10-02 23:00:00,71.508444
2023-10-03 00:00:00,62.7687045
2023-10-03 01:00:00,44.3240455
2023-10-03 02:00:00,36.1308425
2023-10-03 03:00:00,31.515324
2023-10-03 04:00:00,26.3173925
2023-10-03 05:00:00,21.9187545
2023-10-03 06:00:00,20.425942
2023-10-03 07:00:00,16.9868955
2023-10-03 08:00:00,16.047247499999997
2023-10-03 09:00:00,17.317549
2023-10-03 10:00:00,25.1760935
2023-10-03 11:00:00,32.5358565
2023-10-03 12:00:00,32.812768500000004
2023-10-03 13:00:00,32.2606
2023-10-03 14:00:00,34.609502
2023-10-03 15:00:00,34.638365
2023-10-03 16:00:00,42.4335675
2023-10-03 17:00:00,48.8332585
2023-10-03 18:00:00,57.669825
2023-10-03 19:00:00,67.39737650000001
2023-10-03 20:00:00,78.2162305
2023-10-03 21:00:00,99.8156295
2023-10-03 22:00:00,110.745232
2023-10-03 23:00:00,88.5476405
2023-10-04 00:00:00,72.86400599999999
2023-10-04 01:00:00,51.056902
2023-10-04 02:00:00,38.26545350000001
2023-10-04 03:00:00,32.6258545
2023-10-04 04:00:00,26.993052
2023-10-04 05:00:00,21.0667275
2023-10-04 06:00:00,18.0486275
2023-10-04 07:00:00,16.766392500000002
2023-10-04 08:00:00,15.8505145
2023-10-04 09:00:00,16.6687445
2023-10-04 10:00:00,22.006103000000003
2023-10-04 11:00:00,30.918278
2023-10-04 12:00:00,31.258633
2023-10-04 13:00:00,28.043149
2023-10-04 14:00:00,31.798279
2023-10-04 15:00:00,34.119232999999994
2023-10-04 16:00:00,39.3114265
2023-10-04 17:00:00,49.70654
2023-10-04 18:00:00,61.751655
2023-10-04 19:00:00,75.59427500000001
2023-10-04 20:00:00,86.86050449999999
2023-10-04 21:00:00,102.770463
2023-10-04 22:00:00,113.6777175
2023-10-04 23:00:00,88.4889165
2023-10-05 00:00:00,70.191077
2023-10-05 01:00:00,50.7331665
2023-10-05 02:00:00,40.044259
2023-10-05 03:00:00,32.993859
2023-10-05 04:00:00,28.201177
2023-10-05 05:00:00,22.706495
2023-10-05 06:00:00,21.509034
2023-10-05 07:00:00,19.6599405
2023-10-05 08:00:00,18.3411745
2023-10-05 09:00:00,19.803295
2023-10-05 10:00:00,28.277146
2023-10-05 11:00:00,36.8144165
2023-10-05 12:00:00,36.1482345
2023-10-05 13:00:00,33.435905500000004
2023-10-05 14:00:00,36.4443205
2023-10-05 15:00:00,37.40317949999999
2023-10-05 16:00:00,40.2792275
2023-10-05 17:00:00,47.3972
2023-10-05 18:00:00,50.915819
2023-10-05 19:00:00,55.0559935
2023-10-05 20:00:00,56.940563
2023-10-05 21:00:00,65.570333
2023-10-05 22:00:00,73.31171850000001
2023-10-05 23:00:00,60.9812475
2023-10-06 00:00:00,53.8397375
2023-10-06 01:00:00,42.3562595
2023-10-06 02:00:00,36.910902
2023-10-06 03:00:00,33.734745000000004
2023-10-06 04:00:00,26.7813985
2023-10-06 05:00:00,21.915942
2023-10-06 06:00:00,20.1945805
2023-10-06 07:00:00,18.492965
2023-10-06 08:00:00,17.984219500000002
2023-10-06 09:00:00,18.940405
2023-10-06 10:00:00,25.0465245
2023-10-06 11:00:00,34.903493
2023-10-06 12:00:00,33.030064499999995
2023-10-06 13:00:00,31.9253985
2023-10-06 14:00:00,35.0199635
2023-10-06 15:00:00,34.6052435
2023-10-06 16:00:00,34.931407
2023-10-06 17:00:00,34.327079
2023-10-06 18:00:00,36.879158
2023-10-06 19:00:00,39.622743
2023-10-06 20:00:00,41.2608645
2023-10-06 21:00:00,44.4934115
2023-10-06 22:00:00,45.752699500000006
2023-10-06 23:00:00,44.817177
2023-10-07 00:00:00,40.909862
2023-10-07 01:00:00,33.704401000000004
2023-10-07 02:00:00,28.5766845
2023-10-07 03:00:00,25.526329
2023-10-07 04:00:00,23.1326
2023-10-07 05:00:00,23.689095
2023-10-07 06:00:00,24.7307615
2023-10-07 07:00:00,21.8245195
2023-10-07 08:00:00,20.0023035
2023-10-07 09:00:00,19.5424975
2023-10-07 10:00:00,22.2488975
2023-10-07 11:00:00,26.7426865
2023-10-07 12:00:00,27.750884
2023-10-07 13:00:00,29.5938595
2023-10-07 14:00:00,26.934999
2023-10-07 15:00:00,26.461171
2023-10-07 16:00:00,27.040914
2023-10-07 17:00:00,24.871468
2023-10-07 18:00:00,24.705206
2023-10-07 19:00:00,25.3983665
2023-10-07 20:00:00,24.863381
2023-10-07 21:00:00,27.5075045
2023-10-07 22:00:00,33.2266235
2023-10-07 23:00:00,36.9663655
2023-10-08 00:00:00,46.8958745
2023-10-08 01:00:00,38.7933005
2023-10-08 02:00:00,34.455413500000006
2023-10-08 03:00:00,31.3962125
2023-10-08 04:00:00,26.8338535
2023-10-08 05:00:00,23.5307435
2023-10-08 06:00:00,23.4822385
2023-10-08 07:00:00,21.4991205
2023-10-08 08:00:00,19.4390475
2023-10-08 09:00:00,20.299097
2023-10-08 10:00:00,22.1185415
2023-10-08 11:00:00,22.894026
2023-10-08 12:00:00,24.976205
2023-10-08 13:00:00,23.8545245
2023-10-08 14:00:00,23.8281195
2023-10-08 15:00:00,24.080907
2023-10-08 16:00:00,24.0796135
2023-10-08 17:00:00,23.7751085
2023-10-08 18:00:00,23.736356
2023-10-08 19:00:00,23.6898775
2023-10-08 20:00:00,24.0355185
2023-10-08 21:00:00,25.674602
2023-10-08 22:00:00,36.8868575
2023-10-08 23:00:00,56.1996245
2023-10-09 00:00:00,72.986423
2023-10-09 01:00:00,42.6148565
2023-10-09 02:00:00,36.433042
2023-10-09 03:00:00,34.478696
2023-10-09 04:00:00,27.848863
2023-10-09 05:00:00,24.1016645
2023-10-09 06:00:00,22.818069
2023-10-09 07:00:00,21.245782
2023-10-09 08:00:00,21.381639
2023-10-09 09:00:00,23.7259475
2023-10-09 10:00:00,29.9660065
2023-10-09 11:00:00,50.8162495
2023-10-09 12:00:00,62.1869525
2023-10-09 13:00:00,44.6454325
2023-10-09 14:00:00,35.752777
2023-10-09 15:00:00,37.2974385
2023-10-09 16:00:00,36.2253345
2023-10-09 17:00:00,34.326382
2023-10-09 18:00:00,31.55045
2023-10-09 19:00:00,31.739683
2023-10-09 20:00:00,31.521695
2023-10-09 21:00:00,32.523360499999995
2023-10-09 22:00:00,38.7485305
2023-10-09 23:00:00,54.617478
2023-10-10 00:00:00,70.460316
2023-10-10 01:00:00,43.868565
2023-10-10 02:00:00,33.9195305
2023-10-10 03:00:00,30.484365
2023-10-10 04:00:00,26.928934
2023-10-10 05:00:00,26.3678375
2023-10-10 06:00:00,26.156246
2023-10-10 07:00:00,24.435022
2023-10-10 08:00:00,23.9971175
2023-10-10 09:00:00,25.60163
2023-10-10 10:00:00,31.9428425
2023-10-10 11:00:00,56.688476
2023-10-10 12:00:00,62.5780705
2023-10-10 13:00:00,45.142532
2023-10-10 14:00:00,37.7200745
2023-10-10 15:00:00,36.947601
2023-10-10 16:00:00,35.1090655
2023-10-10 17:00:00,32.861921
2023-10-10 18:00:00,31.087799
2023-10-10 19:00:00,30.0774325
2023-10-10 20:00:00,31.000293
2023-10-10 21:00:00,35.240564500000005
2023-10-10 22:00:00,43.398168
2023-10-10 23:00:00,61.653428000000005
2023-10-11 00:00:00,73.03757200000001
2023-10-11 01:00:00,46.866728
2023-10-11 02:00:00,39.4745
2023-10-11 03:00:00,32.0514865
2023-10-11 04:00:00,28.378854500000003
2023-10-11 05:00:00,25.4771625
2023-10-11 06:00:00,25.9559345
2023-10-11 07:00:00,23.0756935
2023-10-11 08:00:00,22.397487
2023-10-11 09:00:00,26.0458145
2023-10-11 10:00:00,37.2470255
2023-10-11 11:00:00,56.2878125
2023-10-11 12:00:00,59.1544855
2023-10-11 13:00:00,39.572739
2023-10-11 14:00:00,32.339008
2023-10-11 15:00:00,31.662597500000004
2023-10-11 16:00:00,31.3483375
2023-10-11 17:00:00,31.548567
2023-10-11 18:00:00,31.956892000000003
2023-10-11 19:00:00,31.2459595
2023-10-11 20:00:00,31.631068
2023-10-11 21:00:00,38.646737
2023-10-11 22:00:00,47.379517
2023-10-11 23:00:00,58.083936
2023-10-12 00:00:00,52.615869
2023-10-12 01:00:00,36.965602
2023-10-12 02:00:00,30.898236
2023-10-12 03:00:00,26.608318
2023-10-12 04:00:00,24.558495
2023-10-12 05:00:00,23.0930505
2023-10-12 06:00:00,22.6827745
2023-10-12 07:00:00,20.973555
2023-10-12 08:00:00,21.2210655
2023-10-12 09:00:00,24.3406035
2023-10-12 10:00:00,29.242098
2023-10-12 11:00:00,43.456525
2023-10-12 12:00:00,49.0550935
2023-10-12 13:00:00,37.9814745
2023-10-12 14:00:00,32.6575885
2023-10-12 15:00:00,34.7063115
2023-10-12 16:00:00,34.418336499999995
2023-10-12 17:00:00,37.293702
2023-10-12 18:00:00,37.992488
2023-10-12 19:00:00,37.299249
2023-10-12 20:00:00,39.8901925
2023-10-12 21:00:00,44.059037
2023-10-12 22:00:00,59.953277
2023-10-12 23:00:00,65.649655
2023-10-13 00:00:00,56.1332285
2023-10-13 01:00:00,42.3020445
2023-10-13 02:00:00,32.2525225
2023-10-13 03:00:00,29.815362
2023-10-13 04:00:00,25.2351295
2023-10-13 05:00:00,26.381643
2023-10-13 06:00:00,25.7666135
2023-10-13 07:00:00,21.116365
2023-10-13 08:00:00,20.496578
2023-10-13 09:00:00,24.004362
2023-10-13 10:00:00,31.8377785
2023-10-13 11:00:00,40.290270500000005
2023-10-13 12:00:00,42.324071
2023-10-13 13:00:00,33.671635
2023-10-13 14:00:00,33.359671
2023-10-13 15:00:00,33.66795
2023-10-13 16:00:00,33.7751925
2023-10-13 17:00:00,38.7119015
2023-10-13 18:00:00,39.037432
2023-10-13 19:00:00,39.273798
2023-10-13 20:00:00,40.496115
2023-10-13 21:00:00,46.1027715
2023-10-13 22:00:00,54.719295
2023-10-13 23:00:00,58.8367585
2023-10-14 00:00:00,52.556113
2023-10-14 01:00:00,44.8274755
2023-10-14 02:00:00,36.649623
2023-10-14 03:00:00,36.6107135
2023-10-14 04:00:00,30.6417165
2023-10-14 05:00:00,30.3760845
2023-10-14 06:00:00,30.483114
2023-10-14 07:00:00,25.102567
2023-10-14 08:00:00,22.9203785
2023-10-14 09:00:00,24.5842145
2023-10-14 10:00:00,28.041733
2023-10-14 11:00:00,30.0138795
2023-10-14 12:00:00,32.633602499999995
2023-10-14 13:00:00,41.196852
2023-10-14 14:00:00,42.596173
2023-10-14 15:00:00,40.0773245
2023-10-14 16:00:00,38.1664225
2023-10-14 17:00:00,40.1438685
2023-10-14 18:00:00,37.639266000000006
2023-10-14 19:00:00,34.2245805
2023-10-14 20:00:00,35.0768255
2023-10-14 21:00:00,36.2558325
2023-10-14 22:00:00,45.150592
2023-10-14 23:00:00,47.2777085
2023-10-15 00:00:00,48.666985
2023-10-15 01:00:00,42.6836235
2023-10-15 02:00:00,38.4550995
2023-10-15 03:00:00,35.851369000000005
2023-10-15 04:00:00,28.617185
2023-10-15 05:00:00,26.283183
2023-10-15 06:00:00,26.0399135
2023-10-15 07:00:00,22.638425
2023-10-15 08:00:00,21.4842345
2023-10-15 09:00:00,22.154568
2023-10-15 10:00:00,22.66606
2023-10-15 11:00:00,24.479398
2023-10-15 12:00:00,28.974555
2023-10-15 13:00:00,30.764897
2023-10-15 14:00:00,33.4573425
2023-10-15 15:00:00,32.0300035
2023-10-15 16:00:00,32.163946
2023-10-15 17:00:00,32.360391
2023-10-15 18:00:00,30.5679855
2023-10-15 19:00:00,28.1950165
2023-10-15 20:00:00,28.1820445
2023-10-15 21:00:00,32.535251
2023-10-15 22:00:00,41.862789500000005
2023-10-15 23:00:00,60.490478
2023-10-16 00:00:00,67.5985225
2023-10-16 01:00:00,43.581617
2023-10-16 02:00:00,39.282553
2023-10-16 03:00:00,36.2266755
2023-10-16 04:00:00,30.343385
2023-10-16 05:00:00,25.7072445
2023-10-16 06:00:00,25.233471
2023-10-16 07:00:00,23.289294
2023-10-16 08:00:00,23.1677995
2023-10-16 09:00:00,27.5117125
2023-10-16 10:00:00,37.06265
2023-10-16 11:00:00,60.8723855
2023-10-16 12:00:00,83.2426355
2023-10-16 13:00:00,51.919499
2023-10-16 14:00:00,46.3869095
2023-10-16 15:00:00,52.7370835
2023-10-16 16:00:00,47.314157
2023-10-16 17:00:00,47.728361
2023-10-16 18:00:00,49.25589
2023-10-16 19:00:00,46.744922
2023-10-16 20:00:00,42.559591
2023-10-16 21:00:00,46.4493735
2023-10-16 22:00:00,58.375789
2023-10-16 23:00:00,81.53541949999999
2023-10-17 00:00:00,81.68789050000001
2023-10-17 01:00:00,52.7355685
2023-10-17 02:00:00,50.1286265
2023-10-17 03:00:00,45.233098
2023-10-17 04:00:00,34.5694585
2023-10-17 05:00:00,31.473254
2023-10-17 06:00:00,28.9047495
2023-10-17 07:00:00,26.681753
2023-10-17 08:00:00,25.9577435
2023-10-17 09:00:00,28.495255
2023-10-17 10:00:00,36.868724
2023-10-17 11:00:00,59.5932425
2023-10-17 12:00:00,79.43007850000001
2023-10-17 13:00:00,62.054491
2023-10-17 14:00:00,45.394612
2023-10-17 15:00:00,42.467777
2023-10-17 16:00:00,40.6472995
2023-10-17 17:00:00,41.439764
2023-10-17 18:00:00,39.703965
2023-10-17 19:00:00,38.789331
2023-10-17 20:00:00,38.003614
2023-10-17 21:00:00,43.505088
2023-10-17 22:00:00,57.471295
2023-10-17 23:00:00,83.75681399999999
2023-10-18 00:00:00,83.53492750000001
2023-10-18 01:00:00,53.5948805
2023-10-18 02:00:00,45.417998
2023-10-18 03:00:00,39.160253
2023-10-18 04:00:00,33.332587000000004
2023-10-18 05:00:00,28.4630345
2023-10-18 06:00:00,28.668213
2023-10-18 07:00:00,26.6120975
2023-10-18 08:00:00,26.528825
2023-10-18 09:00:00,27.709229
2023-10-18 10:00:00,36.7816585
2023-10-18 11:00:00,66.148286
2023-10-18 12:00:00,68.0157065
2023-10-18 13:00:00,52.092655500000006
2023-10-18 14:00:00,34.2931325
2023-10-18 15:00:00,34.123127499999995
2023-10-18 16:00:00,34.1180415
2023-10-18 17:00:00,32.6132825
2023-10-18 18:00:00,31.9923785
2023-10-18 19:00:00,31.9212455
2023-10-18 20:00:00,31.821246
2023-10-18 21:00:00,35.90484
2023-10-18 22:00:00,48.609775
2023-10-18 23:00:00,73.530036
2023-10-19 00:00:00,69.662283
2023-10-19 01:00:00,48.041057
2023-10-19 02:00:00,35.7274585
2023-10-19 03:00:00,29.529566000000003
2023-10-19 04:00:00,25.481943
2023-10-19 05:00:00,22.729328
2023-10-19 06:00:00,21.7151845
2023-10-19 07:00:00,19.959978
2023-10-19 08:00:00,20.667303500000003
2023-10-19 09:00:00,23.1002375
2023-10-19 10:00:00,29.2344525
2023-10-19 11:00:00,50.247252
2023-10-19 12:00:00,76.39579499999999
2023-10-19 13:00:00,44.277593
2023-10-19 14:00:00,34.343293
2023-10-19 15:00:00,33.4946
2023-10-19 16:00:00,34.145885500000006
2023-10-19 17:00:00,34.297388
2023-10-19 18:00:00,34.557515499999994
2023-10-19 19:00:00,32.1210895
2023-10-19 20:00:00,32.299818
2023-10-19 21:00:00,36.0622875
2023-10-19 22:00:00,46.1778345
2023-10-19 23:00:00,75.1894045
2023-10-20 00:00:00,76.8380315
2023-10-20 01:00:00,50.52381
2023-10-20 02:00:00,38.9944455
2023-10-20 03:00:00,31.9776315
2023-10-20 04:00:00,27.036575
2023-10-20 05:00:00,26.180487
2023-10-20 06:00:00,26.1978965
2023-10-20 07:00:00,22.4082855
2023-10-20 08:00:00,22.5244705
2023-10-20 09:00:00,22.703744
2023-10-20 10:00:00,27.211741
2023-10-20 11:00:00,41.57966
2023-10-20 12:00:00,57.6062285
2023-10-20 13:00:00,49.156302
2023-10-20 14:00:00,45.080277
2023-10-20 15:00:00,44.772002
2023-10-20 16:00:00,41.973309
2023-10-20 17:00:00,42.106258
2023-10-20 18:00:00,38.605425
2023-10-20 19:00:00,36.533101
2023-10-20 20:00:00,34.472514000000004
2023-10-20 21:00:00,36.776622
2023-10-20 22:00:00,46.6341685
2023-10-20 23:00:00,61.8629885
2023-10-21 00:00:00,60.045132
2023-10-21 01:00:00,44.922208
2023-10-21 02:00:00,40.32471150000001
2023-10-21 03:00:00,37.188024
2023-10-21 04:00:00,31.042878
2023-10-21 05:00:00,29.580485
2023-10-21 06:00:00,30.1014685
2023-10-21 07:00:00,23.00002
2023-10-21 08:00:00,22.463782
2023-10-21 09:00:00,22.263131
2023-10-21 10:00:00,21.9850005
2023-10-21 11:00:00,27.119827
2023-10-21 12:00:00,31.4921255
2023-10-21 13:00:00,32.3398575
2023-10-21 14:00:00,28.370682
2023-10-21 15:00:00,27.0232945
2023-10-21 16:00:00,25.317924
2023-10-21 17:00:00,25.9779175
2023-10-21 18:00:00,22.823961
2023-10-21 19:00:00,21.718206
2023-10-21 20:00:00,21.218016
2023-10-21 21:00:00,22.4513665
2023-10-21 22:00:00,31.081897
2023-10-21 23:00:00,39.4529365
2023-10-22 00:00:00,39.6365655
2023-10-22 01:00:00,33.4696415
2023-10-22 02:00:00,30.4802025
2023-10-22 03:00:00,30.2439345
2023-10-22 04:00:00,24.045998500000003
2023-10-22 05:00:00,22.3044165
2023-10-22 06:00:00,22.862441
2023-10-22 07:00:00,20.880301000000003
2023-10-22 08:00:00,20.841257
2023-10-22 09:00:00,25.6588785
2023-10-22 10:00:00,25.626001
2023-10-22 11:00:00,25.6167985
2023-10-22 12:00:00,29.3791105
2023-10-22 13:00:00,27.4751905
2023-10-22 14:00:00,24.577464
2023-10-22 15:00:00,25.7622075
2023-10-22 16:00:00,25.290907
2023-10-22 17:00:00,26.31572
2023-10-22 18:00:00,25.310802
2023-10-22 19:00:00,25.318339
2023-10-22 20:00:00,25.0857005
2023-10-22 21:00:00,27.486465
2023-10-22 22:00:00,44.411436
2023-10-22 23:00:00,63.7893795
2023-10-23 00:00:00,80.8724135
2023-10-23 01:00:00,44.501331
2023-10-23 02:00:00,40.945819
2023-10-23 03:00:00,35.422922
2023-10-23 04:00:00,30.5437875
2023-10-23 05:00:00,24.2415635
2023-10-23 06:00:00,22.9201825
2023-10-23 07:00:00,22.9142035
2023-10-23 08:00:00,22.7991205
2023-10-23 09:00:00,25.2635205
2023-10-23 10:00:00,34.8619675
2023-10-23 11:00:00,71.73388750000001
2023-10-23 12:00:00,132.7562325
2023-10-23 13:00:00,54.76506
2023-10-23 14:00:00,37.716899
2023-10-23 15:00:00,35.6545435
2023-10-23 16:00:00,35.528205
2023-10-23 17:00:00,36.2611105
2023-10-23 18:00:00,32.925248
2023-10-23 19:00:00,31.4736375
2023-10-23 20:00:00,29.8928375
2023-10-23 21:00:00,34.5917695
2023-10-23 22:00:00,48.585233
2023-10-23 23:00:00,77.826133
2023-10-24 00:00:00,76.982783
2023-10-24 01:00:00,47.3419155
2023-10-24 02:00:00,35.666959
2023-10-24 03:00:00,31.035335
2023-10-24 04:00:00,23.4595085
2023-10-24 05:00:00,22.451474
2023-10-24 06:00:00,22.292873
2023-10-24 07:00:00,21.077668000000003
2023-10-24 08:00:00,21.2355485
2023-10-24 09:00:00,22.8656195
2023-10-24 10:00:00,27.4183055
2023-10-24 11:00:00,61.3634245
2023-10-24 12:00:00,71.3904455
2023-10-24 13:00:00,37.71757
2023-10-24 14:00:00,27.5480725
2023-10-24 15:00:00,27.6211105
2023-10-24 16:00:00,28.1278715
2023-10-24 17:00:00,28.7938015
2023-10-24 18:00:00,27.726913
2023-10-24 19:00:00,27.952223
2023-10-24 20:00:00,28.0487795
2023-10-24 21:00:00,32.7243505
2023-10-24 22:00:00,43.4568965
2023-10-24 23:00:00,58.927345
2023-10-25 00:00:00,46.192282
2023-10-25 01:00:00,35.295298
2023-10-25 02:00:00,29.143313
2023-10-25 03:00:00,24.9904115
2023-10-25 04:00:00,24.145015
2023-10-25 05:00:00,23.2249295
2023-10-25 06:00:00,23.5766265
2023-10-25 07:00:00,22.7844505
2023-10-25 08:00:00,22.6983565
2023-10-25 09:00:00,25.683054
2023-10-25 10:00:00,25.1536925
2023-10-25 11:00:00,38.3521635
2023-10-25 12:00:00,47.295059
2023-10-25 13:00:00,32.782627000000005
2023-10-25 14:00:00,27.1826075
2023-10-25 15:00:00,26.615742
2023-10-25 16:00:00,28.931656500000003
2023-10-25 17:00:00,27.8585645
2023-10-25 18:00:00,28.9323145
2023-10-25 19:00:00,30.503157
2023-10-25 20:00:00,32.103164500000005
2023-10-25 21:00:00,35.7418855
2023-10-25 22:00:00,42.738
2023-10-25 23:00:00,52.4588725
2023-10-26 00:00:00,49.692095
2023-10-26 01:00:00,40.3631045
2023-10-26 02:00:00,33.5000635
2023-10-26 03:00:00,29.7191915
2023-10-26 04:00:00,25.8072465
2023-10-26 05:00:00,20.3188525
2023-10-26 06:00:00,21.0338265
2023-10-26 07:00:00,17.649451
2023-10-26 08:00:00,16.806488
2023-10-26 09:00:00,19.7258
2023-10-26 10:00:00,22.759793
2023-10-26 11:00:00,35.210203500000006
2023-10-26 12:00:00,48.4132705
2023-10-26 13:00:00,37.252925000000005
2023-10-26 14:00:00,30.72592
2023-10-26 15:00:00,31.8578215
2023-10-26 16:00:00,33.0069265
2023-10-26 17:00:00,36.5198435
2023-10-26 18:00:00,40.153036
2023-10-26 19:00:00,40.5856135
2023-10-26 20:00:00,41.3174355
2023-10-26 21:00:00,45.0288695
2023-10-26 22:00:00,52.539477
2023-10-26 23:00:00,61.2409405
2023-10-27 00:00:00,52.5130605
2023-10-27 01:00:00,38.5071825
2023-10-27 02:00:00,31.8800155
2023-10-27 03:00:00,27.982854
2023-10-27 04:00:00,21.5250215
2023-10-27 05:00:00,21.1719565
2023-10-27 06:00:00,19.3394465
2023-10-27 07:00:00,18.1504955
2023-10-27 08:00:00,17.9947415
2023-10-27 09:00:00,19.588954
2023-10-27 10:00:00,24.0602435
2023-10-27 11:00:00,39.902103
2023-10-27 12:00:00,49.6754895
2023-10-27 13:00:00,43.655655
2023-10-27 14:00:00,38.834112000000005
2023-10-27 15:00:00,36.441309
2023-10-27 16:00:00,42.7331945
2023-10-27 17:00:00,47.938985
2023-10-27 18:00:00,50.276356500000006
2023-10-27 19:00:00,57.174231500000005
2023-10-27 20:00:00,61.892076
2023-10-27 21:00:00,80.03543400000001
2023-10-27 22:00:00,91.8811305
2023-10-27 23:00:00,69.673201
2023-10-28 00:00:00,59.928341
2023-10-28 01:00:00,42.725816
2023-10-28 02:00:00,37.152129
2023-10-28 03:00:00,37.763739
2023-10-28 04:00:00,30.9651435
2023-10-28 05:00:00,28.1042695
2023-10-28 06:00:00,26.5512
2023-10-28 07:00:00,22.328629
2023-10-28 08:00:00,22.0655075
2023-10-28 09:00:00,22.4666955
2023-10-28 10:00:00,24.816994
2023-10-28 11:00:00,25.871344
2023-10-28 12:00:00,29.7697725
2023-10-28 13:00:00,31.380793
2023-10-28 14:00:00,32.975178
2023-10-28 15:00:00,38.2787555
2023-10-28 16:00:00,42.930989
2023-10-28 17:00:00,49.5114735
2023-10-28 18:00:00,50.555844
2023-10-28 19:00:00,56.8548165
2023-10-28 20:00:00,60.4977605
2023-10-28 21:00:00,66.492882
2023-10-28 22:00:00,79.6679565
2023-10-28 23:00:00,87.1734385
2023-10-29 00:00:00,58.6483225
2023-10-29 01:00:00,43.828089
2023-10-29 02:00:00,37.2834865
2023-10-29 03:00:00,35.9807665
2023-10-29 04:00:00,31.150759
2023-10-29 05:00:00,25.857433
2023-10-29 06:00:00,27.876969
2023-10-29 07:00:00,23.0102565
2023-10-29 08:00:00,22.3285325
2023-10-29 09:00:00,21.655824
2023-10-29 10:00:00,21.586924
2023-10-29 11:00:00,23.596457
2023-10-29 12:00:00,27.040821
2023-10-29 13:00:00,29.725749
2023-10-29 14:00:00,29.4856885
2023-10-29 15:00:00,30.2287075
2023-10-29 16:00:00,36.0449145
2023-10-29 17:00:00,38.93386
2023-10-29 18:00:00,37.8524475
2023-10-29 19:00:00,36.058324
2023-10-29 20:00:00,37.165107
2023-10-29 21:00:00,45.5929355
2023-10-29 22:00:00,59.5053485
2023-10-29 23:00:00,68.453031
2023-10-30 00:00:00,55.3603905
2023-10-30 01:00:00,43.7136395
2023-10-30 02:00:00,35.3788205
2023-10-30 03:00:00,33.539600500000006
2023-10-30 04:00:00,28.8649055
2023-10-30 05:00:00,22.758852
2023-10-30 06:00:00,22.043085
2023-10-30 07:00:00,20.844527
2023-10-30 08:00:00,19.811781
2023-10-30 09:00:00,21.2908105
2023-10-30 10:00:00,23.9905655
2023-10-30 11:00:00,33.478706
2023-10-30 12:00:00,44.289101
2023-10-30 13:00:00,36.362971
2023-10-30 14:00:00,34.782724
2023-10-30 15:00:00,37.2084935
2023-10-30 16:00:00,38.4704635
2023-10-30 17:00:00,35.0612985
2023-10-30 18:00:00,32.5895275
2023-10-30 19:00:00,33.5385435
2023-10-30 20:00:00,32.917129
2023-10-30 21:00:00,37.5407665
2023-10-30 22:00:00,53.5881085
2023-10-30 23:00:00,75.744541
2023-10-31 00:00:00,62.77283
2023-10-31 01:00:00,48.116811
2023-10-31 02:00:00,39.684462
2023-10-31 03:00:00,37.1423485
2023-10-31 04:00:00,31.415854
2023-10-31 05:00:00,26.8753585
2023-10-31 06:00:00,27.491253
2023-10-31 07:00:00,26.112859
2023-10-31 08:00:00,25.97904
2023-10-31 09:00:00,29.215647
2023-10-31 10:00:00,31.956685
2023-10-31 11:00:00,47.1740825
2023-10-31 12:00:00,80.84009499999999
2023-10-31 13:00:00,58.5086075
2023-10-31 14:00:00,45.546394
2023-10-31 15:00:00,44.929183
2023-10-31 16:00:00,38.2891725
2023-10-31 17:00:00,36.486851
2023-10-31 18:00:00,35.6100105
2023-10-31 19:00:00,34.9817045
2023-10-31 20:00:00,34.667613
2023-10-31 21:00:00,37.5740205
2023-10-31 22:00:00,47.165142
2023-10-31 23:00:00,63.1133425
2023-11-01 00:00:00,57.1307585
2023-11-01 01:00:00,47.93281
2023-11-01 02:00:00,42.072738
2023-11-01 03:00:00,41.911317
2023-11-01 04:00:00,34.4069755
2023-11-01 05:00:00,41.5795875
2023-11-01 06:00:00,38.9741395
2023-11-01 07:00:00,37.436741
2023-11-01 08:00:00,37.245561
2023-11-01 09:00:00,40.80715549999999
2023-11-01 10:00:00,46.674823
2023-11-01 11:00:00,73.928044
2023-11-01 12:00:00,113.957096
2023-11-01 13:00:00,82.52962450000001
2023-11-01 14:00:00,54.814874
2023-11-01 15:00:00,50.688971
2023-11-01 16:00:00,42.909337
2023-11-01 17:00:00,40.7257395
2023-11-01 18:00:00,40.168914
2023-11-01 19:00:00,35.9246385
2023-11-01 20:00:00,34.8928135
2023-11-01 21:00:00,41.7661675
2023-11-01 22:00:00,56.5791555
2023-11-01 23:00:00,88.6740045
2023-11-02 00:00:00,65.6036765
2023-11-02 01:00:00,62.023672000000005
2023-11-02 02:00:00,52.9403825
2023-11-02 03:00:00,48.9557225
2023-11-02 04:00:00,47.4745815
2023-11-02 05:00:00,39.699054
2023-11-02 06:00:00,39.0690925
2023-11-02 07:00:00,38.960461
2023-11-02 08:00:00,39.604444
2023-11-02 09:00:00,42.702368
2023-11-02 10:00:00,49.777433
2023-11-02 11:00:00,91.605366
2023-11-02 12:00:00,129.0143635
2023-11-02 13:00:00,77.0151935
2023-11-02 14:00:00,45.682461
2023-11-02 15:00:00,37.092641
2023-11-02 16:00:00,35.2736135
2023-11-02 17:00:00,33.6106205
2023-11-02 18:00:00,32.205538000000004
2023-11-02 19:00:00,28.041786
2023-11-02 20:00:00,28.319298
2023-11-02 21:00:00,32.590844000000004
2023-11-02 22:00:00,40.650785
2023-11-02 23:00:00,54.896784
2023-11-03 00:00:00,48.451176
2023-11-03 01:00:00,43.251045000000005
2023-11-03 02:00:00,37.6405795
2023-11-03 03:00:00,35.330477
2023-11-03 04:00:00,33.5320625
2023-11-03 05:00:00,35.7215075
2023-11-03 06:00:00,35.233872000000005
2023-11-03 07:00:00,35.13686
2023-11-03 08:00:00,35.369798
2023-11-03 09:00:00,40.460741
2023-11-03 10:00:00,54.287301
2023-11-03 11:00:00,78.584328
2023-11-03 12:00:00,118.734159
2023-11-03 13:00:00,59.5619975
2023-11-03 14:00:00,23.7765515
2023-11-03 15:00:00,34.715166
2023-11-03 16:00:00,33.199268000000004
2023-11-03 17:00:00,30.4902565
2023-11-03 18:00:00,29.534088
2023-11-03 19:00:00,26.47951
2023-11-03 20:00:00,27.129375000000003
2023-11-03 21:00:00,31.473845500000003
2023-11-03 22:00:00,39.949412
2023-11-03 23:00:00,48.503229
2023-11-04 00:00:00,40.903545
2023-11-04 01:00:00,36.86574
2023-11-04 02:00:00,35.5037755
2023-11-04 03:00:00,33.733269500000006
2023-11-04 04:00:00,26.722413
2023-11-04 05:00:00,29.086237
2023-11-04 06:00:00,30.6631915
2023-11-04 07:00:00,31.058899
2023-11-04 08:00:00,30.695675
2023-11-04 09:00:00,34.10896
2023-11-04 10:00:00,36.451904
2023-11-04 11:00:00,40.5662685
2023-11-04 12:00:00,50.768327
2023-11-04 13:00:00,55.600421
2023-11-04 14:00:00,39.7941545
2023-11-04 15:00:00,33.0270515
2023-11-04 16:00:00,32.7200265
2023-11-04 17:00:00,31.1214625
2023-11-04 18:00:00,29.01903
2023-11-04 19:00:00,28.191913
2023-11-04 20:00:00,28.5355095
2023-11-04 21:00:00,29.917056
2023-11-04 22:00:00,35.2426145
2023-11-04 23:00:00,42.3808875
2023-11-05 00:00:00,35.5636375
2023-11-05 01:00:00,34.9744015
2023-11-05 02:00:00,31.8735305
2023-11-05 03:00:00,31.4738925
2023-11-05 04:00:00,26.3759525
2023-11-05 05:00:00,26.1025995
2023-11-05 06:00:00,26.885858
2023-11-05 07:00:00,23.021521
2023-11-05 08:00:00,25.3650665
2023-11-05 09:00:00,24.057942
2023-11-05 10:00:00,25.5834355
2023-11-05 11:00:00,28.806679
2023-11-05 12:00:00,30.169259500000003
2023-11-05 13:00:00,33.3709025
2023-11-05 14:00:00,28.259703
2023-11-05 15:00:00,26.833628
2023-11-05 16:00:00,25.150736
2023-11-05 17:00:00,25.136482
2023-11-05 18:00:00,24.727443
2023-11-05 19:00:00,24.3539515
2023-11-05 20:00:00,24.049135
2023-11-05 21:00:00,25.8968725
2023-11-05 22:00:00,37.75764
2023-11-05 23:00:00,50.7744595
2023-11-06 00:00:00,40.7899655
2023-11-06 01:00:00,39.963415
2023-11-06 02:00:00,35.604507
2023-11-06 03:00:00,29.84198
2023-11-06 04:00:00,29.5353735
2023-11-06 05:00:00,24.3306705
2023-11-06 06:00:00,21.126882
2023-11-06 07:00:00,22.0418425
2023-11-06 08:00:00,20.5242455
2023-11-06 09:00:00,21.704431
2023-11-06 10:00:00,23.726888
2023-11-06 11:00:00,32.005292
2023-11-06 12:00:00,55.951508
2023-11-06 13:00:00,39.418241
2023-11-06 14:00:00,28.5186955
2023-11-06 15:00:00,22.7964295
2023-11-06 16:00:00,24.3347435
2023-11-06 17:00:00,24.0224125
2023-11-06 18:00:00,24.8238885
2023-11-06 19:00:00,25.0159245
2023-11-06 20:00:00,27.272645
2023-11-06 21:00:00,28.574838
2023-11-06 22:00:00,40.9630715
2023-11-06 23:00:00,72.2091795
2023-11-07 00:00:00,42.038351000000006
2023-11-07 01:00:00,33.9349555
2023-11-07 02:00:00,29.878413
2023-11-07 03:00:00,26.513401
2023-11-07 04:00:00,25.0963765
2023-11-07 05:00:00,21.901992
2023-11-07 06:00:00,20.982782
2023-11-07 07:00:00,21.5972715
2023-11-07 08:00:00,20.8098285
2023-11-07 09:00:00,20.9987605
2023-11-07 10:00:00,23.116557
2023-11-07 11:00:00,27.6165785
2023-11-07 12:00:00,37.988894
2023-11-07 13:00:00,37.649426000000005
2023-11-07 14:00:00,32.430233
2023-11-07 15:00:00,29.7493015
2023-11-07 16:00:00,28.0432185
2023-11-07 17:00:00,29.203255
2023-11-07 18:00:00,29.0325815
2023-11-07 19:00:00,27.6337845
2023-11-07 20:00:00,24.934466
2023-11-07 21:00:00,24.670227500000003
2023-11-07 22:00:00,27.876697
2023-11-07 23:00:00,51.140018
2023-11-08 00:00:00,40.4463045
2023-11-08 01:00:00,29.1215665
2023-11-08 02:00:00,29.736273
2023-11-08 03:00:00,26.9827215
2023-11-08 04:00:00,23.3472665
2023-11-08 05:00:00,21.094046
2023-11-08 06:00:00,19.4816115
2023-11-08 07:00:00,18.3182465
2023-11-08 08:00:00,16.1592595
2023-11-08 09:00:00,16.1211195
2023-11-08 10:00:00,20.2919975
2023-11-08 11:00:00,25.790365
2023-11-08 12:00:00,35.303237
2023-11-08 13:00:00,35.6874695
2023-11-08 14:00:00,26.7708245
2023-11-08 15:00:00,22.6050655
2023-11-08 16:00:00,26.7354255
2023-11-08 17:00:00,27.1174865
2023-11-08 18:00:00,28.8076295
2023-11-08 19:00:00,29.0134845
2023-11-08 20:00:00,29.214724500000003
2023-11-08 21:00:00,30.0519995
2023-11-08 22:00:00,36.339176
2023-11-08 23:00:00,62.865073
2023-11-09 00:00:00,44.6655535
2023-11-09 01:00:00,38.1106885
2023-11-09 02:00:00,34.107046
2023-11-09 03:00:00,27.9413035
2023-11-09 04:00:00,25.3990635
2023-11-09 05:00:00,21.3883125
2023-11-09 06:00:00,20.8663815
2023-11-09 07:00:00,20.136466
2023-11-09 08:00:00,19.379821
2023-11-09 09:00:00,19.3420635
2023-11-09 10:00:00,20.924835
2023-11-09 11:00:00,26.7827555
2023-11-09 12:00:00,35.900732500000004
2023-11-09 13:00:00,37.617795
2023-11-09 14:00:00,31.574042
2023-11-09 15:00:00,26.646247
2023-11-09 16:00:00,26.3289185
2023-11-09 17:00:00,25.7617025
2023-11-09 18:00:00,26.546381
2023-11-09 19:00:00,25.6537505
2023-11-09 20:00:00,22.8203215
2023-11-09 21:00:00,26.9986855
2023-11-09 22:00:00,42.1889215
2023-11-09 23:00:00,68.34308150000001
2023-11-10 00:00:00,48.086219
2023-11-10 01:00:00,38.556533
2023-11-10 02:00:00,34.4266925
2023-11-10 03:00:00,29.4069505
2023-11-10 04:00:00,25.777237
2023-11-10 05:00:00,23.9252115
2023-11-10 06:00:00,22.488163
2023-11-10 07:00:00,23.737823
2023-11-10 08:00:00,21.3605105
2023-11-10 09:00:00,21.8397595
2023-11-10 10:00:00,23.8932265
2023-11-10 11:00:00,25.453646
2023-11-10 12:00:00,35.1977925
2023-11-10 13:00:00,41.551135
2023-11-10 14:00:00,45.6468425
2023-11-10 15:00:00,54.809825
2023-11-10 16:00:00,48.3092785
2023-11-10 17:00:00,40.149528
2023-11-10 18:00:00,36.6463735
2023-11-10 19:00:00,34.898765
2023-11-10 20:00:00,32.083281
2023-11-10 21:00:00,31.791371
2023-11-10 22:00:00,42.6719635
2023-11-10 23:00:00,70.968865
2023-11-11 00:00:00,50.8469925
2023-11-11 01:00:00,44.0486945
2023-11-11 02:00:00,43.413362500000005
2023-11-11 03:00:00,47.2569035
2023-11-11 04:00:00,42.643298
2023-11-11 05:00:00,33.312719
2023-11-11 06:00:00,32.219744500000004
2023-11-11 07:00:00,31.709174500000003
2023-11-11 08:00:00,28.440714
2023-11-11 09:00:00,27.8882315
2023-11-11 10:00:00,30.3491945
2023-11-11 11:00:00,29.843236
2023-11-11 12:00:00,33.963271
2023-11-11 13:00:00,38.3223435
2023-11-11 14:00:00,34.748682
2023-11-11 15:00:00,30.049544
2023-11-11 16:00:00,28.8369715
2023-11-11 17:00:00,25.961635
2023-11-11 18:00:00,26.3154725
2023-11-11 19:00:00,25.1326195
2023-11-11 20:00:00,24.296018
2023-11-11 21:00:00,27.3888315
2023-11-11 22:00:00,37.3263845
2023-11-11 23:00:00,53.515848000000005
2023-11-12 00:00:00,40.0357765
2023-11-12 01:00:00,38.9980135
2023-11-12 02:00:00,37.2424935
2023-11-12 03:00:00,33.2327825
2023-11-12 04:00:00,31.9319915
2023-11-12 05:00:00,31.2786035
2023-11-12 06:00:00,32.991553
2023-11-12 07:00:00,32.674792499999995
2023-11-12 08:00:00,28.2942165
2023-11-12 09:00:00,27.8499985
2023-11-12 10:00:00,29.8617235
2023-11-12 11:00:00,30.9336315
2023-11-12 12:00:00,36.2127415
2023-11-12 13:00:00,38.304473
2023-11-12 14:00:00,33.878896
2023-11-12 15:00:00,28.9785165
2023-11-12 16:00:00,27.9128595
2023-11-12 17:00:00,27.3426185
2023-11-12 18:00:00,26.8084325
2023-11-12 19:00:00,25.785113000000003
2023-11-12 20:00:00,24.446391
2023-11-12 21:00:00,25.285262
2023-11-12 22:00:00,37.849589
2023-11-12 23:00:00,63.171123
2023-11-13 00:00:00,47.5777415
2023-11-13 01:00:00,44.0398125
2023-11-13 02:00:00,41.9000235
2023-11-13 03:00:00,33.405845
2023-11-13 04:00:00,30.0464725
2023-11-13 05:00:00,29.0835705
2023-11-13 06:00:00,29.802772
2023-11-13 07:00:00,32.9386275
2023-11-13 08:00:00,33.402032500000004
2023-11-13 09:00:00,33.5728995
2023-11-13 10:00:00,40.8153475
2023-11-13 11:00:00,54.154427
2023-11-13 12:00:00,116.200959
2023-11-13 13:00:00,121.580303
2023-11-13 14:00:00,58.73619
2023-11-13 15:00:00,37.639893
2023-11-13 16:00:00,33.234283000000005
2023-11-13 17:00:00,29.21495
2023-11-13 18:00:00,27.699509
2023-11-13 19:00:00,26.783434
2023-11-13 20:00:00,25.5106385
2023-11-13 21:00:00,27.4207245
2023-11-13 22:00:00,41.3929755
2023-11-13 23:00:00,95.335051
2023-11-14 00:00:00,54.6224555
2023-11-14 01:00:00,51.8390435
2023-11-14 02:00:00,44.8143745
2023-11-14 03:00:00,44.241174
2023-11-14 04:00:00,40.4114445
2023-11-14 05:00:00,35.0937265
2023-11-14 06:00:00,32.029165
2023-11-14 07:00:00,31.1686585
2023-11-14 08:00:00,30.8031285
2023-11-14 09:00:00,31.179227500000003
2023-11-14 10:00:00,36.486796
2023-11-14 11:00:00,40.899914
2023-11-14 12:00:00,73.0138175
2023-11-14 13:00:00,68.18375
2023-11-14 14:00:00,37.971521
2023-11-14 15:00:00,30.8787975
2023-11-14 16:00:00,30.8006555
2023-11-14 17:00:00,30.4765655
2023-11-14 18:00:00,30.224176
2023-11-14 19:00:00,28.624535
2023-11-14 20:00:00,28.409752
2023-11-14 21:00:00,30.1887565
2023-11-14 22:00:00,50.4086305
2023-11-14 23:00:00,82.3959695
2023-11-15 00:00:00,56.061445500000005
2023-11-15 01:00:00,54.8661865
2023-11-15 02:00:00,48.022036
2023-11-15 03:00:00,41.627815
2023-11-15 04:00:00,38.2937815
2023-11-15 05:00:00,36.0400405
2023-11-15 06:00:00,33.7194055
2023-11-15 07:00:00,33.58967
2023-11-15 08:00:00,31.876289
2023-11-15 09:00:00,32.388919
2023-11-15 10:00:00,35.9867175
2023-11-15 11:00:00,46.774936
2023-11-15 12:00:00,114.36312
2023-11-15 13:00:00,96.636271
2023-11-15 14:00:00,49.7776975
2023-11-15 15:00:00,48.340004500000006
2023-11-15 16:00:00,47.7930905
2023-11-15 17:00:00,44.113417
2023-11-15 18:00:00,42.270232500000006
2023-11-15 19:00:00,39.6756405
2023-11-15 20:00:00,39.4998945
2023-11-15 21:00:00,39.730149
2023-11-15 22:00:00,51.4491685
2023-11-15 23:00:00,72.435289
2023-11-16 00:00:00,53.940293
2023-11-16 01:00:00,48.510227
2023-11-16 02:00:00,41.311303
2023-11-16 03:00:00,39.2973155
2023-11-16 04:00:00,37.267048
2023-11-16 05:00:00,32.58628
2023-11-16 06:00:00,26.9457815
2023-11-16 07:00:00,26.562426
2023-11-16 08:00:00,26.648782
2023-11-16 09:00:00,28.3539245
2023-11-16 10:00:00,30.8314215
2023-11-16 11:00:00,37.175538
2023-11-16 12:00:00,74.4937235
2023-11-16 13:00:00,66.3486
2023-11-16 14:00:00,38.327875000000006
2023-11-16 15:00:00,34.816100500000005
2023-11-16 16:00:00,34.9054945
2023-11-16 17:00:00,33.332328
2023-11-16 18:00:00,30.2512805
2023-11-16 19:00:00,29.0076055
2023-11-16 20:00:00,27.251474
2023-11-16 21:00:00,27.833233
2023-11-16 22:00:00,35.392286
2023-11-16 23:00:00,54.4252685
2023-11-17 00:00:00,44.604870000000005
2023-11-17 01:00:00,38.048237
2023-11-17 02:00:00,33.567113
2023-11-17 03:00:00,28.2280595
2023-11-17 04:00:00,26.233497
2023-11-17 05:00:00,24.2280405
2023-11-17 06:00:00,23.215458
2023-11-17 07:00:00,23.1103255
2023-11-17 08:00:00,22.7144255
2023-11-17 09:00:00,22.8355845
2023-11-17 10:00:00,23.6117575
2023-11-17 11:00:00,28.0379935
2023-11-17 12:00:00,40.9310565
2023-11-17 13:00:00,40.7186805
2023-11-17 14:00:00,34.8539345
2023-11-17 15:00:00,34.069737
2023-11-17 16:00:00,36.1529315
2023-11-17 17:00:00,37.468568
2023-11-17 18:00:00,39.182374
2023-11-17 19:00:00,38.7183025
2023-11-17 20:00:00,35.8931265
2023-11-17 21:00:00,33.9050115
2023-11-17 22:00:00,38.8112815
2023-11-17 23:00:00,52.53661
2023-11-18 00:00:00,44.935481
2023-11-18 01:00:00,38.4986445
2023-11-18 02:00:00,38.917928
2023-11-18 03:00:00,39.1784415
2023-11-18 04:00:00,35.777798
2023-11-18 05:00:00,28.6778405
2023-11-18 06:00:00,27.7953925
2023-11-18 07:00:00,25.6963135
2023-11-18 08:00:00,25.925693000000003
2023-11-18 09:00:00,25.451082
2023-11-18 10:00:00,25.886436
2023-11-18 11:00:00,27.7980635
2023-11-18 12:00:00,30.761681
2023-11-18 13:00:00,34.025994
2023-11-18 14:00:00,32.732865000000004
2023-11-18 15:00:00,31.472597
2023-11-18 16:00:00,30.761416
2023-11-18 17:00:00,29.460134
2023-11-18 18:00:00,26.244026
2023-11-18 19:00:00,25.1899905
2023-11-18 20:00:00,24.099934
2023-11-18 21:00:00,25.2742055
2023-11-18 22:00:00,30.489132
2023-11-18 23:00:00,42.211610500000006
2023-11-19 00:00:00,40.6895845
2023-11-19 01:00:00,36.899358
2023-11-19 02:00:00,33.8441175
2023-11-19 03:00:00,31.959048000000003
2023-11-19 04:00:00,31.824888
2023-11-19 05:00:00,29.6617855
2023-11-19 06:00:00,25.201858
2023-11-19 07:00:00,24.109947
2023-11-19 08:00:00,24.0011935
2023-11-19 09:00:00,24.356584
2023-11-19 10:00:00,24.6177565
2023-11-19 11:00:00,26.572976500000003
2023-11-19 12:00:00,28.2449025
2023-11-19 13:00:00,30.5410275
2023-11-19 14:00:00,26.392854
2023-11-19 15:00:00,23.7728495
2023-11-19 16:00:00,23.8452215
2023-11-19 17:00:00,23.789423
2023-11-19 18:00:00,23.4933135
2023-11-19 19:00:00,22.6505485
2023-11-19 20:00:00,22.150445
2023-11-19 21:00:00,23.122723
2023-11-19 22:00:00,27.524166
2023-11-19 23:00:00,37.6816665
2023-11-20 00:00:00,34.7024675
2023-11-20 01:00:00,34.3545225
2023-11-20 02:00:00,34.060280500000005
2023-11-20 03:00:00,31.0286545
2023-11-20 04:00:00,29.13638
2023-11-20 05:00:00,27.338359500000003
2023-11-20 06:00:00,24.7843625
2023-11-20 07:00:00,24.5160165
2023-11-20 08:00:00,24.389652
2023-11-20 09:00:00,24.5849
2023-11-20 10:00:00,26.3592
2023-11-20 11:00:00,29.673166
2023-11-20 12:00:00,53.413865
2023-11-20 13:00:00,56.040942
2023-11-20 14:00:00,35.794865
2023-11-20 15:00:00,31.288929
2023-11-20 16:00:00,30.4674245
2023-11-20 17:00:00,29.070548
2023-11-20 18:00:00,27.3949945
2023-11-20 19:00:00,26.028547000000003
2023-11-20 20:00:00,26.872678
2023-11-20 21:00:00,27.819096
2023-11-20 22:00:00,32.1534875
2023-11-20 23:00:00,57.9174965
2023-11-21 00:00:00,40.659588
2023-11-21 01:00:00,35.274210999999994
2023-11-21 02:00:00,33.680319999999995
2023-11-21 03:00:00,30.605034
2023-11-21 04:00:00,28.6756005
2023-11-21 05:00:00,26.6957365
2023-11-21 06:00:00,26.1015905
2023-11-21 07:00:00,25.8610915
2023-11-21 08:00:00,25.631281
2023-11-21 09:00:00,24.7323405
2023-11-21 10:00:00,25.654566
2023-11-21 11:00:00,27.541919
2023-11-21 12:00:00,40.131882
2023-11-21 13:00:00,42.969254
2023-11-21 14:00:00,37.1080665
2023-11-21 15:00:00,37.3988985
2023-11-21 16:00:00,41.2930085
2023-11-21 17:00:00,37.8186185
2023-11-21 18:00:00,35.3849885
2023-11-21 19:00:00,35.876624
2023-11-21 20:00:00,33.390998999999994
2023-11-21 21:00:00,32.844815
2023-11-21 22:00:00,33.0591095
2023-11-21 23:00:00,42.0898535
2023-11-22 00:00:00,36.2077235
2023-11-22 01:00:00,33.1069825
2023-11-22 02:00:00,30.264278
2023-11-22 03:00:00,27.20076
2023-11-22 04:00:00,26.5328485
2023-11-22 05:00:00,23.4376305
2023-11-22 06:00:00,23.6615355
2023-11-22 07:00:00,23.5107835
2023-11-22 08:00:00,22.7086685
2023-11-22 09:00:00,22.025529
2023-11-22 10:00:00,23.604615
2023-11-22 11:00:00,27.120316000000003
2023-11-22 12:00:00,33.257117
2023-11-22 13:00:00,35.4369545
2023-11-22 14:00:00,35.154427
2023-11-22 15:00:00,34.523564
2023-11-22 16:00:00,34.9955765
2023-11-22 17:00:00,34.2738685
2023-11-22 18:00:00,32.25415
2023-11-22 19:00:00,30.1230585
2023-11-22 20:00:00,28.9173485
2023-11-22 21:00:00,30.6333235
2023-11-22 22:00:00,33.7466565
2023-11-22 23:00:00,40.794599000000005
2023-11-23 00:00:00,35.456824999999995
2023-11-23 01:00:00,33.622157
2023-11-23 02:00:00,32.214248
2023-11-23 03:00:00,30.62522
2023-11-23 04:00:00,25.724842
2023-11-23 05:00:00,23.2858535
2023-11-23 06:00:00,23.3119535
2023-11-23 07:00:00,22.914327
2023-11-23 08:00:00,22.398697
2023-11-23 09:00:00,21.8036385
2023-11-23 10:00:00,22.2594115
2023-11-23 11:00:00,23.4706255
2023-11-23 12:00:00,28.569317
2023-11-23 13:00:00,29.898934
2023-11-23 14:00:00,26.4625035
2023-11-23 15:00:00,25.168959
2023-11-23 16:00:00,25.897429
2023-11-23 17:00:00,25.38132
2023-11-23 18:00:00,23.6705735
2023-11-23 19:00:00,22.6205255
2023-11-23 20:00:00,22.757229
2023-11-23 21:00:00,23.4944135
2023-11-23 22:00:00,27.2058715
2023-11-23 23:00:00,33.775987
2023-11-24 00:00:00,32.1524865
2023-11-24 01:00:00,30.4493655
2023-11-24 02:00:00,28.635736
2023-11-24 03:00:00,27.773111
2023-11-24 04:00:00,26.21604
2023-11-24 05:00:00,25.842425
2023-11-24 06:00:00,22.45181
2023-11-24 07:00:00,22.4468485
2023-11-24 08:00:00,21.7261935
2023-11-24 09:00:00,21.7684415
2023-11-24 10:00:00,23.597048
2023-11-24 11:00:00,25.8964915
2023-11-24 12:00:00,32.326613
2023-11-24 13:00:00,31.755102
2023-11-24 14:00:00,27.225476
2023-11-24 15:00:00,25.5926875
2023-11-24 16:00:00,25.5381105
2023-11-24 17:00:00,26.27535
2023-11-24 18:00:00,25.6735545
2023-11-24 19:00:00,24.4059845
2023-11-24 20:00:00,23.970835
2023-11-24 21:00:00,26.087799
2023-11-24 22:00:00,31.556843
2023-11-24 23:00:00,39.214665
2023-11-25 00:00:00,32.249535
2023-11-25 01:00:00,32.7293255
2023-11-25 02:00:00,32.336166500000004
2023-11-25 03:00:00,31.7543315
2023-11-25 04:00:00,32.791181
2023-11-25 05:00:00,28.0749835
2023-11-25 06:00:00,28.121294
2023-11-25 07:00:00,31.462824
2023-11-25 08:00:00,28.8652775
2023-11-25 09:00:00,27.296984
2023-11-25 10:00:00,28.360302
2023-11-25 11:00:00,31.3249005
2023-11-25 12:00:00,36.2559625
2023-11-25 13:00:00,37.050536
2023-11-25 14:00:00,34.748861500000004
2023-11-25 15:00:00,29.7789205
2023-11-25 16:00:00,30.3257225
2023-11-25 17:00:00,27.925279
2023-11-25 18:00:00,26.5258865
2023-11-25 19:00:00,25.80893
2023-11-25 20:00:00,25.5184365
2023-11-25 21:00:00,28.5585715
2023-11-25 22:00:00,39.087745
2023-11-25 23:00:00,46.809822
2023-11-26 00:00:00,39.5268275
2023-11-26 01:00:00,37.094324
2023-11-26 02:00:00,35.9100405
2023-11-26 03:00:00,35.901276
2023-11-26 04:00:00,37.702889
2023-11-26 05:00:00,31.59174
2023-11-26 06:00:00,30.4040755
2023-11-26 07:00:00,27.5440085
2023-11-26 08:00:00,26.503285
2023-11-26 09:00:00,25.762526
2023-11-26 10:00:00,25.920267000000003
2023-11-26 11:00:00,29.0437295
2023-11-26 12:00:00,31.5391635
2023-11-26 13:00:00,33.703869
2023-11-26 14:00:00,29.568245
2023-11-26 15:00:00,28.8847025
2023-11-26 16:00:00,28.1653405
2023-11-26 17:00:00,25.7337095
2023-11-26 18:00:00,25.221366
2023-11-26 19:00:00,24.487445
2023-11-26 20:00:00,24.3931235
2023-11-26 21:00:00,24.432016500000003
2023-11-26 22:00:00,28.637142
2023-11-26 23:00:00,37.5748845
2023-11-27 00:00:00,34.2278355
2023-11-27 01:00:00,29.8091285
2023-11-27 02:00:00,26.7909075
2023-11-27 03:00:00,26.096117
2023-11-27 04:00:00,24.931999
2023-11-27 05:00:00,23.222039
2023-11-27 06:00:00,23.1991405
2023-11-27 07:00:00,23.115811
2023-11-27 08:00:00,22.9319045
2023-11-27 09:00:00,23.200867
2023-11-27 10:00:00,24.176017
2023-11-27 11:00:00,30.3807015
2023-11-27 12:00:00,45.507232
2023-11-27 13:00:00,53.371922
2023-11-27 14:00:00,42.1393425
2023-11-27 15:00:00,33.8540345
2023-11-27 16:00:00,32.614018
2023-11-27 17:00:00,30.937595
2023-11-27 18:00:00,30.89336
2023-11-27 19:00:00,29.467573
2023-11-27 20:00:00,29.889516
2023-11-27 21:00:00,30.8958655
2023-11-27 22:00:00,39.043866
2023-11-27 23:00:00,71.0745205
2023-11-28 00:00:00,67.01594
2023-11-28 01:00:00,59.12698400000001
2023-11-28 02:00:00,44.6538035
2023-11-28 03:00:00,40.032701
2023-11-28 04:00:00,35.113707000000005
2023-11-28 05:00:00,31.4142165
2023-11-28 06:00:00,28.7776375
2023-11-28 07:00:00,29.0228645
2023-11-28 08:00:00,29.0041705
2023-11-28 09:00:00,28.793938500000003
2023-11-28 10:00:00,31.5477475
2023-11-28 11:00:00,37.479541
2023-11-28 12:00:00,64.00876099999999
2023-11-28 13:00:00,80.214778
2023-11-28 14:00:00,51.8521735
2023-11-28 15:00:00,38.1536005
2023-11-28 16:00:00,39.660625
2023-11-28 17:00:00,36.912396
2023-11-28 18:00:00,36.4122315
2023-11-28 19:00:00,35.643587
2023-11-28 20:00:00,35.4156945
2023-11-28 21:00:00,38.2949005
2023-11-28 22:00:00,59.479288
2023-11-28 23:00:00,95.446398
2023-11-29 00:00:00,79.20622
2023-11-29 01:00:00,74.046348
2023-11-29 02:00:00,67.386121
2023-11-29 03:00:00,60.499508
2023-11-29 04:00:00,53.9783695
2023-11-29 05:00:00,50.8981845
2023-11-29 06:00:00,61.406732
2023-11-29 07:00:00,61.145258
2023-11-29 08:00:00,57.778682
2023-11-29 09:00:00,60.46334900000001
2023-11-29 10:00:00,69.386704
2023-11-29 11:00:00,85.91267450000001
2023-11-29 12:00:00,139.8799325
2023-11-29 13:00:00,149.6321585
2023-11-29 14:00:00,80.065831
2023-11-29 15:00:00,54.697083000000006
2023-11-29 16:00:00,48.118557
2023-11-29 17:00:00,40.9725295
2023-11-29 18:00:00,38.763264500000005
2023-11-29 19:00:00,37.632755
2023-11-29 20:00:00,36.3436485
2023-11-29 21:00:00,38.018695
2023-11-29 22:00:00,55.942097
2023-11-29 23:00:00,73.710244
2023-11-30 00:00:00,62.15666
2023-11-30 01:00:00,58.2682915
2023-11-30 02:00:00,53.960124500000006
2023-11-30 03:00:00,49.113998
2023-11-30 04:00:00,42.868735
2023-11-30 05:00:00,38.397386
2023-11-30 06:00:00,45.2450915
2023-11-30 07:00:00,43.3090355
2023-11-30 08:00:00,41.2430255
2023-11-30 09:00:00,40.739522
2023-11-30 10:00:00,47.9800495
2023-11-30 11:00:00,62.6738495
2023-11-30 12:00:00,103.482193
2023-11-30 13:00:00,95.2349525
2023-11-30 14:00:00,52.137805
2023-11-30 15:00:00,37.125284
2023-11-30 16:00:00,31.042122
2023-11-30 17:00:00,28.630388
2023-11-30 18:00:00,28.6489935
2023-11-30 19:00:00,27.7231135
2023-11-30 20:00:00,28.162705000000003
2023-11-30 21:00:00,28.700501
2023-11-30 22:00:00,33.500884
2023-11-30 23:00:00,43.7659795
2023-12-01 00:00:00,39.487756000000005
2023-12-01 01:00:00,37.91733
2023-12-01 02:00:00,36.184441
2023-12-01 03:00:00,31.5823155
2023-12-01 04:00:00,28.7655405
2023-12-01 05:00:00,27.7367585
2023-12-02 06:00:00,24.0872505
2023-12-02 07:00:00,22.314997
2023-12-02 08:00:00,21.2500295
2023-12-02 09:00:00,21.462213
2023-12-02 10:00:00,21.282841
2023-12-02 11:00:00,21.2096795
2023-12-02 12:00:00,23.585954
2023-12-02 13:00:00,27.4890155
2023-12-02 14:00:00,30.2165975
2023-12-02 15:00:00,30.0842755
2023-12-02 16:00:00,30.7802975
2023-12-02 17:00:00,30.3464875
2023-12-02 18:00:00,28.7083555
2023-12-02 19:00:00,26.7921625
2023-12-02 20:00:00,26.6087875
2023-12-02 21:00:00,27.336496500000003
2023-12-02 22:00:00,32.540083
2023-12-02 23:00:00,34.871956
2023-12-03 00:00:00,33.184740500000004
2023-12-03 01:00:00,31.754211
2023-12-03 02:00:00,30.857897
2023-12-03 03:00:00,29.131354
2023-12-03 04:00:00,25.946795
2023-12-03 05:00:00,22.029285
2023-12-03 06:00:00,19.435634
2023-12-03 07:00:00,19.542789
2023-12-03 08:00:00,19.226312
2023-12-03 09:00:00,18.260594
2023-12-03 10:00:00,17.889508499999998
2023-12-03 11:00:00,18.0620055
2023-12-03 12:00:00,18.8750735
2023-12-03 13:00:00,19.226083000000003
2023-12-03 14:00:00,21.222889
2023-12-03 15:00:00,21.8870855
2023-12-03 16:00:00,23.5351795
2023-12-03 17:00:00,23.283089
2023-12-03 18:00:00,23.5507675
2023-12-03 19:00:00,22.82426
2023-12-03 20:00:00,20.778671000000003
2023-12-03 21:00:00,21.0354805
2023-12-03 22:00:00,27.376620000000003
2023-12-03 23:00:00,32.391928
2023-12-04 00:00:00,27.8770245
2023-12-04 01:00:00,25.0856425
2023-12-04 02:00:00,24.1814485
2023-12-04 03:00:00,22.1952555
2023-12-04 04:00:00,20.598699
2023-12-04 05:00:00,18.4402385
2023-12-04 06:00:00,20.094754
2023-12-04 07:00:00,19.582586
2023-12-04 08:00:00,19.6951865
2023-12-04 09:00:00,19.660889500000003
2023-12-04 10:00:00,20.8922275
2023-12-04 11:00:00,23.838513
2023-12-04 12:00:00,31.990259
2023-12-04 13:00:00,34.077358
2023-12-04 14:00:00,29.27387
2023-12-04 15:00:00,29.0075805
2023-12-04 16:00:00,30.772059
2023-12-04 17:00:00,30.436026
2023-12-04 18:00:00,30.207722
2023-12-04 19:00:00,28.5492395
2023-12-04 20:00:00,28.5126305
2023-12-04 21:00:00,29.1123725
2023-12-04 22:00:00,39.465673
2023-12-04 23:00:00,51.35217
2023-12-05 00:00:00,37.9540165
2023-12-05 01:00:00,37.034611
2023-12-05 02:00:00,36.4622095
2023-12-05 03:00:00,32.6720185
2023-12-05 04:00:00,28.2425515
2023-12-05 05:00:00,24.9328305
2023-12-05 06:00:00,28.409934
2023-12-05 07:00:00,27.426128
2023-12-05 08:00:00,26.5810325
2023-12-05 09:00:00,26.2890255
2023-12-05 10:00:00,28.070382
2023-12-05 11:00:00,35.547217
2023-12-05 12:00:00,55.012437
2023-12-05 13:00:00,64.9152175
2023-12-05 14:00:00,37.9062705
2023-12-05 15:00:00,32.632642000000004
2023-12-05 16:00:00,33.4731475
2023-12-05 17:00:00,32.606462
2023-12-05 18:00:00,30.1614465
2023-12-05 19:00:00,28.492651
2023-12-05 20:00:00,29.3770795
2023-12-05 21:00:00,30.7397875
2023-12-05 22:00:00,41.2739635
2023-12-05 23:00:00,54.2174905
2023-12-06 00:00:00,44.8817795
2023-12-06 01:00:00,42.0502485
2023-12-06 02:00:00,41.37051
2023-12-06 03:00:00,37.4588675
2023-12-06 04:00:00,31.910088
2023-12-06 05:00:00,27.917657
2023-12-06 06:00:00,26.0028395
2023-12-06 07:00:00,24.555941
2023-12-06 08:00:00,24.093834
2023-12-06 09:00:00,24.1207515
2023-12-06 10:00:00,26.3579185
2023-12-06 11:00:00,31.805971
2023-12-06 12:00:00,56.2813505
2023-12-06 13:00:00,60.790678
2023-12-06 14:00:00,42.638511
2023-12-06 15:00:00,37.0514045
2023-12-06 16:00:00,37.2298595
2023-12-06 17:00:00,35.354352
2023-12-06 18:00:00,33.317119000000005
2023-12-06 19:00:00,31.4823445
2023-12-06 20:00:00,30.8258795
2023-12-06 21:00:00,33.8323525
2023-12-06 22:00:00,52.9155005
2023-12-06 23:00:00,79.9101895
2023-12-07 00:00:00,53.185736
2023-12-07 01:00:00,50.082879000000005
2023-12-07 02:00:00,46.348681
2023-12-07 03:00:00,45.5002495
2023-12-07 04:00:00,38.0738475
2023-12-07 05:00:00,34.210478
2023-12-07 06:00:00,36.1785245
2023-12-07 07:00:00,35.719405
2023-12-07 08:00:00,34.067969500000004
2023-12-07 09:00:00,35.117181
2023-12-07 10:00:00,38.4127095
2023-12-07 11:00:00,46.1471325
2023-12-07 12:00:00,92.1121615
2023-12-07 13:00:00,85.6583835
2023-12-07 14:00:00,45.334725000000006
2023-12-07 15:00:00,36.273113
2023-12-07 16:00:00,33.081537999999995
2023-12-07 17:00:00,30.909746
2023-12-07 18:00:00,29.7298025
2023-12-07 19:00:00,28.491843000000003
2023-12-07 20:00:00,27.825551
2023-12-07 21:00:00,26.7187745
2023-12-07 22:00:00,41.7157215
2023-12-07 23:00:00,55.54088
2023-12-08 00:00:00,41.2459195
2023-12-08 01:00:00,40.862065
2023-12-08 02:00:00,36.843058
2023-12-08 03:00:00,33.134412
2023-12-08 04:00:00,28.119548
2023-12-08 05:00:00,26.1402755
2023-12-08 06:00:00,25.049277
2023-12-08 07:00:00,25.2040975
2023-12-08 08:00:00,24.98399
2023-12-08 09:00:00,25.7129105
2023-12-08 10:00:00,29.0511885
2023-12-08 11:00:00,37.166635
2023-12-08 12:00:00,61.0469445
2023-12-08 13:00:00,59.55375099999999
2023-12-08 14:00:00,36.016084500000005
2023-12-08 15:00:00,27.2059415
2023-12-08 16:00:00,23.737565
2023-12-08 17:00:00,22.5193075
2023-12-08 18:00:00,22.176532
2023-12-08 19:00:00,21.793494000000003
2023-12-08 20:00:00,21.826592
2023-12-08 21:00:00,22.271602
2023-12-08 22:00:00,27.017785
2023-12-08 23:00:00,34.2390475
2023-12-09 00:00:00,30.3491135
2023-12-09 01:00:00,28.256179
2023-12-09 02:00:00,25.568241
2023-12-09 03:00:00,24.4346965
2023-12-09 04:00:00,21.9225505
2023-12-09 05:00:00,21.9358415
2023-12-09 06:00:00,23.526023
2023-12-09 07:00:00,22.2857665
2023-12-09 08:00:00,21.9881305
2023-12-09 09:00:00,21.337549000000003
2023-12-09 10:00:00,22.2231625
2023-12-09 11:00:00,22.9774265
2023-12-09 12:00:00,25.7788845
2023-12-09 13:00:00,28.0423845
2023-12-09 14:00:00,25.955579
2023-12-09 15:00:00,22.58669
2023-12-09 16:00:00,21.6643705
2023-12-09 17:00:00,22.2447835
2023-12-09 18:00:00,21.4900115
2023-12-09 19:00:00,20.2021605
2023-12-09 20:00:00,20.63024
2023-12-09 21:00:00,21.7835655
2023-12-09 22:00:00,30.343546
2023-12-09 23:00:00,34.1050465
2023-12-10 00:00:00,28.0929575
2023-12-10 01:00:00,27.3020045
2023-12-10 02:00:00,26.425775
2023-12-10 03:00:00,26.338341
2023-12-10 04:00:00,23.4640425
2023-12-10 05:00:00,21.215267
2023-12-10 06:00:00,19.835431
2023-12-10 07:00:00,18.750083
2023-12-10 08:00:00,18.7860865
2023-12-10 09:00:00,18.093709
2023-12-10 10:00:00,18.612635
2023-12-10 11:00:00,19.208166
2023-12-10 12:00:00,20.288165
2023-12-10 13:00:00,20.804062
2023-12-10 14:00:00,23.77942
2023-12-10 15:00:00,25.6864515
2023-12-10 16:00:00,26.642605
2023-12-10 17:00:00,26.688578
2023-12-10 18:00:00,27.465894
2023-12-10 19:00:00,26.9551285
2023-12-10 20:00:00,27.1773325
2023-12-10 21:00:00,27.228387
2023-12-10 22:00:00,31.830504
2023-12-10 23:00:00,37.531901000000005
2023-12-11 00:00:00,36.4818635
2023-12-11 01:00:00,35.633395
2023-12-11 02:00:00,34.1452975
2023-12-11 03:00:00,32.510569000000004
2023-12-11 04:00:00,27.5430925
2023-12-11 05:00:00,26.581661
2023-12-11 06:00:00,28.335257
2023-12-11 07:00:00,28.119558
2023-12-11 08:00:00,27.312149
2023-12-11 09:00:00,27.6646935
2023-12-11 10:00:00,30.973086
2023-12-11 11:00:00,34.336307000000005
2023-12-11 12:00:00,50.8428605
2023-12-11 13:00:00,65.6936625
2023-12-11 14:00:00,50.9490215
2023-12-11 15:00:00,38.7090765
2023-12-11 16:00:00,38.412263
2023-12-11 17:00:00,33.080551
2023-12-11 18:00:00,31.639328
2023-12-11 19:00:00,29.0356375
2023-12-11 20:00:00,28.8065005
2023-12-11 21:00:00,32.8500445
2023-12-11 22:00:00,51.127512
2023-12-11 23:00:00,85.46658049999999
2023-12-12 00:00:00,64.5515785
2023-12-12 01:00:00,55.904134
2023-12-12 02:00:00,51.8866805
2023-12-12 03:00:00,46.4101875
2023-12-12 04:00:00,40.052223
2023-12-12 05:00:00,33.8164135
2023-12-12 06:00:00,37.143910000000005
2023-12-12 07:00:00,33.4648245
2023-12-12 08:00:00,34.611742500000005
2023-12-12 09:00:00,36.999104
2023-12-12 10:00:00,41.2029635
2023-12-12 11:00:00,50.4022085
2023-12-12 12:00:00,102.361878
2023-12-12 13:00:00,103.15291
2023-12-12 14:00:00,49.534886
2023-12-12 15:00:00,34.432457
2023-12-12 16:00:00,30.839158
2023-12-12 17:00:00,28.877674
2023-12-12 18:00:00,27.603172
2023-12-12 19:00:00,26.328835
2023-12-12 20:00:00,25.997117000000003
2023-12-12 21:00:00,28.1297905
2023-12-12 22:00:00,39.071578
2023-12-12 23:00:00,65.6225485
2023-12-13 00:00:00,56.3429
2023-12-13 01:00:00,51.011208
2023-12-13 02:00:00,47.6929575
2023-12-13 03:00:00,41.04625
2023-12-13 04:00:00,36.2740075
2023-12-13 05:00:00,35.7254645
2023-12-13 06:00:00,32.263105499999995
2023-12-13 07:00:00,31.926297
2023-12-13 08:00:00,31.7470375
2023-12-13 09:00:00,32.2463915
2023-12-13 10:00:00,34.898047500000004
2023-12-13 11:00:00,41.5313465
2023-12-13 12:00:00,66.206436
2023-12-13 13:00:00,74.58114699999999
2023-12-13 14:00:00,43.3290335
2023-12-13 15:00:00,32.3898035
2023-12-13 16:00:00,30.2159735
2023-12-13 17:00:00,29.4864095
2023-12-13 18:00:00,27.886457
2023-12-13 19:00:00,26.846297
2023-12-13 20:00:00,26.9520155
2023-12-13 21:00:00,29.1659815
2023-12-13 22:00:00,38.492334
2023-12-13 23:00:00,58.066197
2023-12-14 00:00:00,44.013774
2023-12-14 01:00:00,44.142075
2023-12-14 02:00:00,42.426538
2023-12-14 03:00:00,37.611397
2023-12-14 04:00:00,35.834864499999995
2023-12-14 05:00:00,35.405165
2023-12-14 06:00:00,34.5555915
2023-12-14 07:00:00,34.1308705
2023-12-14 08:00:00,33.9940835
2023-12-14 09:00:00,35.122097000000004
2023-12-14 10:00:00,36.6947805
2023-12-14 11:00:00,45.6210925
2023-12-14 12:00:00,73.489087
2023-12-14 13:00:00,82.966399
2023-12-14 14:00:00,45.8873675
2023-12-14 15:00:00,31.494559
2023-12-14 16:00:00,30.9648725
2023-12-14 17:00:00,27.2133185
2023-12-14 18:00:00,26.640339
2023-12-14 19:00:00,25.78532
2023-12-14 20:00:00,25.517924
2023-12-14 21:00:00,26.584239
2023-12-14 22:00:00,37.6950185
2023-12-14 23:00:00,53.0903025
2023-12-15 00:00:00,45.2009905
2023-12-15 01:00:00,42.0959745
2023-12-15 02:00:00,40.194205
2023-12-15 03:00:00,37.0943005
2023-12-15 04:00:00,34.568453
2023-12-15 05:00:00,34.1830765
2023-12-15 06:00:00,36.274226
2023-12-15 07:00:00,35.21743
2023-12-15 08:00:00,35.0127185
2023-12-15 09:00:00,35.4061455
2023-12-15 10:00:00,38.435233
2023-12-15 11:00:00,42.4496555
2023-12-15 12:00:00,68.10983250000001
2023-12-15 13:00:00,74.7981045
2023-12-15 14:00:00,47.47687
2023-12-15 15:00:00,31.5089005
2023-12-15 16:00:00,27.940256
2023-12-15 17:00:00,26.9055015
2023-12-15 18:00:00,26.027258
2023-12-15 19:00:00,25.399990000000003
2023-12-15 20:00:00,25.130334
2023-12-15 21:00:00,25.7048295
2023-12-15 22:00:00,31.8598115
2023-12-15 23:00:00,41.166178
2023-12-16 00:00:00,37.6989795
2023-12-16 01:00:00,36.2709715
2023-12-16 02:00:00,34.150763
2023-12-16 03:00:00,33.630532
2023-12-16 04:00:00,29.527825
2023-12-16 05:00:00,27.726929
2023-12-16 06:00:00,30.575567
2023-12-16 07:00:00,27.706632
2023-12-16 08:00:00,27.24917
2023-12-16 09:00:00,27.6000335
2023-12-16 10:00:00,28.4239345
2023-12-16 11:00:00,30.005825
2023-12-16 12:00:00,37.471950500000005
2023-12-16 13:00:00,37.686048
2023-12-16 14:00:00,32.236738
2023-12-16 15:00:00,24.7333965
2023-12-16 16:00:00,23.262301
2023-12-16 17:00:00,22.933827
2023-12-16 18:00:00,21.2126575
2023-12-16 19:00:00,21.351013
2023-12-16 20:00:00,20.499355
2023-12-16 21:00:00,20.834026
2023-12-16 22:00:00,26.6280025
2023-12-16 23:00:00,33.1457105
2023-12-17 00:00:00,31.7322085
2023-12-17 01:00:00,30.230031
2023-12-17 02:00:00,29.5279625
2023-12-17 03:00:00,27.849663
2023-12-17 04:00:00,26.07636
2023-12-17 05:00:00,23.194317
2023-12-17 06:00:00,24.504299
2023-12-17 07:00:00,23.188807500000003
2023-12-17 08:00:00,21.7731025
2023-12-17 09:00:00,21.1933585
2023-12-17 10:00:00,21.085674
2023-12-17 11:00:00,21.699208
2023-12-17 12:00:00,24.517713
2023-12-17 13:00:00,27.2407725
2023-12-17 14:00:00,29.642232
2023-12-17 15:00:00,30.1763345
2023-12-17 16:00:00,30.7452205
2023-12-17 17:00:00,29.6566345
2023-12-17 18:00:00,29.553555
2023-12-17 19:00:00,28.7557895
2023-12-17 20:00:00,28.608564
2023-12-17 21:00:00,28.190861
2023-12-17 22:00:00,30.2366265
2023-12-17 23:00:00,38.5675645
2023-12-18 00:00:00,36.367081
2023-12-18 01:00:00,34.329059
2023-12-18 02:00:00,30.578328
2023-12-18 03:00:00,27.6513855
2023-12-18 04:00:00,24.399555
2023-12-18 05:00:00,22.413399
2023-12-18 06:00:00,21.046474
2023-12-18 07:00:00,19.5717775
2023-12-18 08:00:00,18.671460000000003
2023-12-18 09:00:00,19.0299585
2023-12-18 10:00:00,20.3448125
2023-12-18 11:00:00,23.424182
2023-12-18 12:00:00,32.9922245
2023-12-18 13:00:00,37.172497
2023-12-18 14:00:00,36.332573
2023-12-18 15:00:00,36.174139
2023-12-18 16:00:00,35.412751
2023-12-18 17:00:00,30.655564
2023-12-18 18:00:00,29.0989205
2023-12-18 19:00:00,27.865658
2023-12-18 20:00:00,27.0776505
2023-12-18 21:00:00,28.606763
2023-12-18 22:00:00,37.3837375
2023-12-18 23:00:00,52.865152
2023-12-19 00:00:00,45.919035
2023-12-19 01:00:00,46.1935685
2023-12-19 02:00:00,43.781792
2023-12-19 03:00:00,43.221377
2023-12-19 04:00:00,37.8064335
2023-12-19 05:00:00,32.400009
2023-12-19 06:00:00,30.0811395
2023-12-19 07:00:00,28.5671925
2023-12-19 08:00:00,27.974759
2023-12-19 09:00:00,30.072396
2023-12-19 10:00:00,33.703722
2023-12-19 11:00:00,38.154419
2023-12-19 12:00:00,57.13768
2023-12-19 13:00:00,72.3235525
2023-12-19 14:00:00,48.749672
2023-12-19 15:00:00,36.4588565
2023-12-19 16:00:00,38.407961
2023-12-19 17:00:00,37.0511985
2023-12-19 18:00:00,34.409248000000005
2023-12-19 19:00:00,33.102265
2023-12-19 20:00:00,32.588775
2023-12-19 21:00:00,32.836757
2023-12-19 22:00:00,40.699739
2023-12-19 23:00:00,68.719193
2023-12-20 00:00:00,62.549180500000006
2023-12-20 01:00:00,58.996813
2023-12-20 02:00:00,51.784396
2023-12-20 03:00:00,48.4878815
2023-12-20 04:00:00,43.253478
2023-12-20 05:00:00,40.33574
2023-12-20 06:00:00,40.111109
2023-12-20 07:00:00,40.0529795
2023-12-20 08:00:00,40.2109515
2023-12-20 09:00:00,42.2931285
2023-12-20 10:00:00,43.7936105
2023-12-20 11:00:00,51.249553500000005
2023-12-20 12:00:00,77.88550749999999
2023-12-20 13:00:00,88.70818550000001
2023-12-20 14:00:00,49.2852875
2023-12-20 15:00:00,32.591569
2023-12-20 16:00:00,30.9360575
2023-12-20 17:00:00,29.658027
2023-12-20 18:00:00,28.3413835
2023-12-20 19:00:00,26.9435395
2023-12-20 20:00:00,26.557274
2023-12-20 21:00:00,28.26542
2023-12-20 22:00:00,32.7002325
2023-12-20 23:00:00,49.8638565
2023-12-21 00:00:00,41.1657295
2023-12-21 01:00:00,41.097890500000005
2023-12-21 02:00:00,38.4063005
2023-12-21 03:00:00,37.6851525
2023-12-21 04:00:00,32.017559000000006
2023-12-21 05:00:00,32.12851
2023-12-21 06:00:00,31.820609
2023-12-21 07:00:00,31.0931985
2023-12-21 08:00:00,31.099117
2023-12-21 09:00:00,31.5404995
2023-12-21 10:00:00,33.0382155
2023-12-21 11:00:00,37.811043
2023-12-21 12:00:00,65.9326435
2023-12-21 13:00:00,82.541001
2023-12-21 14:00:00,52.4044165
2023-12-21 15:00:00,34.680601
2023-12-21 16:00:00,32.3846955
2023-12-21 17:00:00,30.6482405
2023-12-21 18:00:00,28.6480905
2023-12-21 19:00:00,28.409993
2023-12-21 20:00:00,27.7510345
2023-12-21 21:00:00,28.725688
2023-12-21 22:00:00,32.358035
2023-12-21 23:00:00,44.130381
2023-12-22 00:00:00,38.0406945
2023-12-22 01:00:00,37.156841
2023-12-22 02:00:00,35.288439
2023-12-22 03:00:00,33.824725
2023-12-22 04:00:00,30.259134
2023-12-22 05:00:00,28.900274
2023-12-22 06:00:00,26.4599855
2023-12-22 07:00:00,24.865459
2023-12-22 08:00:00,24.750791
2023-12-22 09:00:00,24.8151185
2023-12-22 10:00:00,25.930183
2023-12-22 11:00:00,31.76925
2023-12-22 12:00:00,42.065402500000005
2023-12-22 13:00:00,52.861383
2023-12-22 14:00:00,39.1879355
2023-12-22 15:00:00,31.2715205
2023-12-22 16:00:00,29.4333145
2023-12-22 17:00:00,26.6709885
2023-12-22 18:00:00,25.446802
2023-12-22 19:00:00,24.3227905
2023-12-22 20:00:00,24.1048295
2023-12-22 21:00:00,25.13702
2023-12-22 22:00:00,30.0858675
2023-12-22 23:00:00,37.031856
2023-12-23 00:00:00,32.3661765
2023-12-23 01:00:00,30.856876
2023-12-23 02:00:00,27.903826
2023-12-23 03:00:00,26.3356235
2023-12-23 04:00:00,24.73463
2023-12-23 05:00:00,24.332232
2023-12-23 06:00:00,25.8540965
2023-12-23 07:00:00,22.9918805
2023-12-23 08:00:00,22.668502
2023-12-23 09:00:00,22.4430155
2023-12-23 10:00:00,23.243485
2023-12-23 11:00:00,26.7399385
2023-12-23 12:00:00,30.6423885
2023-12-23 13:00:00,33.3114505
2023-12-23 14:00:00,35.6826655
2023-12-23 15:00:00,29.069209
2023-12-23 16:00:00,27.774041500000003
2023-12-23 17:00:00,25.795544
2023-12-23 18:00:00,23.939842
2023-12-23 19:00:00,23.091987
2023-12-23 20:00:00,23.393402
2023-12-23 21:00:00,23.2524735
2023-12-23 22:00:00,29.8404645
2023-12-23 23:00:00,34.5346335
2023-12-24 00:00:00,30.128312
2023-12-24 01:00:00,28.174411
2023-12-24 02:00:00,27.373268
2023-12-24 03:00:00,26.6383985
2023-12-24 04:00:00,22.9432075
2023-12-24 05:00:00,22.246593
2023-12-24 06:00:00,17.768237499999998
2023-12-24 07:00:00,17.457155999999998
2023-12-24 08:00:00,17.182462
2023-12-24 09:00:00,17.191022
2023-12-24 10:00:00,16.9302285
2023-12-24 11:00:00,17.310535
2023-12-24 12:00:00,18.480394
2023-12-24 13:00:00,20.9008235
2023-12-24 14:00:00,21.686274
2023-12-24 15:00:00,20.2539525
2023-12-24 16:00:00,18.979408
2023-12-24 17:00:00,17.8142585
2023-12-24 18:00:00,17.5594335
2023-12-24 19:00:00,17.210144
2023-12-24 20:00:00,17.23344
2023-12-24 21:00:00,17.032525
2023-12-24 22:00:00,21.0679715
2023-12-24 23:00:00,27.63215
2023-12-25 00:00:00,23.6731075
2023-12-25 01:00:00,23.067685
2023-12-25 02:00:00,21.668115
2023-12-25 03:00:00,21.90406
2023-12-25 04:00:00,18.1052
2023-12-25 05:00:00,16.491791499999998
2023-12-25 06:00:00,15.2617615
2023-12-25 07:00:00,15.1867075
2023-12-25 08:00:00,14.7216975
2023-12-25 09:00:00,14.743422
2023-12-25 10:00:00,15.0859925
2023-12-25 11:00:00,17.285683499999998
2023-12-25 12:00:00,18.453066
2023-12-25 13:00:00,20.233569000000003
2023-12-25 14:00:00,20.068336
2023-12-25 15:00:00,17.1878515
2023-12-25 16:00:00,17.1385515
2023-12-25 17:00:00,16.440575000000003
2023-12-25 18:00:00,16.934
2023-12-25 19:00:00,16.2863915
2023-12-25 20:00:00,16.344773
2023-12-25 21:00:00,17.3570825
2023-12-25 22:00:00,19.308962
2023-12-25 23:00:00,24.5212745
2023-12-26 00:00:00,23.885968
2023-12-26 01:00:00,22.8994795
2023-12-26 02:00:00,21.9275175
2023-12-26 03:00:00,18.9509905
2023-12-26 04:00:00,17.317539500000002
2023-12-26 05:00:00,16.530378
2023-12-26 06:00:00,15.186943
2023-12-26 07:00:00,14.8152145
2023-12-26 08:00:00,14.4216395
2023-12-26 09:00:00,14.3463395
2023-12-26 10:00:00,14.6504515
2023-12-26 11:00:00,16.572901
2023-12-26 12:00:00,22.5859255
2023-12-26 13:00:00,26.692492
2023-12-26 14:00:00,28.0988245
2023-12-26 15:00:00,28.308951
2023-12-26 16:00:00,29.1771695
2023-12-26 17:00:00,28.26811
2023-12-26 18:00:00,27.511642
2023-12-26 19:00:00,27.2767235
2023-12-26 20:00:00,27.7110735
2023-12-26 21:00:00,27.3528425
2023-12-26 22:00:00,29.4990225
2023-12-26 23:00:00,38.8177055
2023-12-27 00:00:00,30.5329865
2023-12-27 01:00:00,30.5841425
2023-12-27 02:00:00,28.249487
2023-12-27 03:00:00,26.7304765
2023-12-27 04:00:00,23.1459915
2023-12-27 05:00:00,19.813387
2023-12-27 06:00:00,17.322152000000003
2023-12-27 07:00:00,17.040981000000002
2023-12-27 08:00:00,16.619869
2023-12-27 09:00:00,16.630454999999998
2023-12-27 10:00:00,16.848368
2023-12-27 11:00:00,19.24003
2023-12-27 12:00:00,24.495036
2023-12-27 13:00:00,27.2371915
2023-12-27 14:00:00,29.38056
2023-12-27 15:00:00,27.9324995
2023-12-27 16:00:00,30.69454
2023-12-27 17:00:00,28.6652015
2023-12-27 18:00:00,28.050604
2023-12-27 19:00:00,28.1152505
2023-12-27 20:00:00,26.7600655
2023-12-27 21:00:00,25.488879500000003
2023-12-27 22:00:00,28.34672
2023-12-27 23:00:00,31.2872435
2023-12-28 00:00:00,28.4905535
2023-12-28 01:00:00,27.252764
2023-12-28 02:00:00,25.9793465
2023-12-28 03:00:00,25.110648
2023-12-28 04:00:00,22.4063895
2023-12-28 05:00:00,19.7975175
2023-12-28 06:00:00,16.184013
2023-12-28 07:00:00,16.518825
2023-12-28 08:00:00,15.5848785
2023-12-28 09:00:00,15.6425865
2023-12-28 10:00:00,16.376905999999998
2023-12-28 11:00:00,19.4078265
2023-12-28 12:00:00,26.6564155
2023-12-28 13:00:00,27.52379
2023-12-28 14:00:00,27.9556515
2023-12-28 15:00:00,27.6340935
2023-12-28 16:00:00,27.883992
2023-12-28 17:00:00,26.331171
2023-12-28 18:00:00,24.7416025
2023-12-28 19:00:00,23.6697015
2023-12-28 20:00:00,23.431651
2023-12-28 21:00:00,23.759256
2023-12-28 22:00:00,27.4896655
2023-12-28 23:00:00,31.6160745
2023-12-29 00:00:00,28.928853
2023-12-29 01:00:00,28.283041
2023-12-29 02:00:00,27.526763000000003
2023-12-29 03:00:00,26.491908
2023-12-29 04:00:00,23.70785
2023-12-29 05:00:00,21.925994
2023-12-29 06:00:00,21.210215
2023-12-29 07:00:00,18.8485035
2023-12-29 08:00:00,18.1847925
2023-12-29 09:00:00,18.091674
2023-12-29 10:00:00,20.479057
2023-12-29 11:00:00,21.831501
2023-12-29 12:00:00,26.8642955
2023-12-29 13:00:00,29.840069
2023-12-29 14:00:00,29.38781
2023-12-29 15:00:00,29.88412
2023-12-29 16:00:00,30.203722
2023-12-29 17:00:00,27.795259
2023-12-29 18:00:00,26.873621
2023-12-29 19:00:00,25.2854235
2023-12-29 20:00:00,25.027258
2023-12-29 21:00:00,26.51521
2023-12-29 22:00:00,31.018129
2023-12-29 23:00:00,33.0907425
2023-12-30 00:00:00,29.3312935
2023-12-30 01:00:00,29.487764
2023-12-30 02:00:00,27.738155
2023-12-30 03:00:00,27.054168
2023-12-30 04:00:00,25.180293
2023-12-30 05:00:00,22.8706555
2023-12-30 06:00:00,22.2529565
2023-12-30 07:00:00,20.973269
2023-12-30 08:00:00,20.6125295
2023-12-30 09:00:00,20.565929
2023-12-30 10:00:00,20.8345835
2023-12-30 11:00:00,21.048262
2023-12-30 12:00:00,23.26021
2023-12-30 13:00:00,26.4736785
2023-12-30 14:00:00,25.087103
2023-12-30 15:00:00,23.5374135
2023-12-30 16:00:00,23.7904505
2023-12-30 17:00:00,23.359934000000003
2023-12-30 18:00:00,22.313269
2023-12-30 19:00:00,21.447163
2023-12-30 20:00:00,21.30667
2023-12-30 21:00:00,21.582244
2023-12-30 22:00:00,26.8642335
2023-12-30 23:00:00,28.713028
2023-12-31 00:00:00,25.020920500000003
2023-12-31 01:00:00,24.4777115
2023-12-31 02:00:00,23.905858
2023-12-31 03:00:00,23.697869
2023-12-31 04:00:00,22.432071
2023-12-31 05:00:00,20.3990475
2023-12-31 06:00:00,21.9304835
2023-12-31 07:00:00,20.2285535
2023-12-31 08:00:00,19.461551
2023-12-31 09:00:00,19.2834335
2023-12-31 10:00:00,20.450637
2023-12-31 11:00:00,21.5671915
2023-12-31 12:00:00,23.7887745
2023-12-31 13:00:00,24.5678965
2023-12-31 14:00:00,23.577019
2023-12-31 15:00:00,21.042562500000003
2023-12-31 16:00:00,19.7632975
2023-12-31 17:00:00,18.899778
2023-12-31 18:00:00,19.144918
2023-12-31 19:00:00,18.4698755
2023-12-31 20:00:00,18.412185
2023-12-31 21:00:00,19.6015175
2023-12-31 22:00:00,25.274295
2023-12-31 23:00:00,28.9319785
2024-01-01 00:00:00,27.448886
2024-01-01 01:00:00,26.2153335
2024-01-01 02:00:00,24.3279585
2024-01-01 03:00:00,23.2606295
2024-01-01 04:00:00,21.299756
2024-01-01 05:00:00,20.032788
