Date,FIP,U3O8
1/10/2025,83.73,83.00
2/10/2025,82.53,81.75
3/10/2025,81.73,81.13
6/10/2025,79.18,81.00
7/10/2025,79.66,80.63
8/10/2025,78.21,79.88
9/10/2025,72.94,77.00
3/11/2025,81.39,82.13
4/11/2025,80.92,79.50
5/11/2025,74.83,79.25
6/11/2025,75.57,78.63
7/11/2025,73.97,77.50
1/12/2025,74.72,76.00
2/12/2025,74.46,76.00
3/12/2025,74.03,76.00
4/12/2025,74.77,76.25
5/12/2025,75.27,76.25
8/12/2025,76.31,76.25
9/12/2025,75.57,76.25
1/01/2026,80.53,81.75
2/01/2026,80.53,81.75
5/01/2026,81.89,82.00
6/01/2026,80.75,82.00
7/01/2026,80.63,82.00
8/01/2026,81.70,82.00
9/01/2026,81.71,82.00
2/02/2026,93.04,99.00
3/02/2026,90.46,94.00
4/02/2026,90.71,91.00
5/02/2026,86.36,86.00
6/02/2026,84.02,85.25
9/02/2026,85.48,86.00
2/03/2026,83.94,86.00
3/03/2026,86.89,86.50
4/03/2026,82.92,86.00
5/03/2026,83.33,86.00
6/03/2026,81.78,86.00
9/03/2026,82.52,85.75
1/04/2026,83.68,84.05
2/04/2026,84.33,85.00
3/04/2026,84.73,85.00
6/04/2026,84.73,85.00
7/04/2026,85.04,85.00
8/04/2026,81.88,85.00
9/04/2026,84.49,85.63
1/05/2026,86.83,86.13
4/05/2026,85.10,85.75
5/05/2026,84.13,85.75
6/05/2026,84.00,85.75
7/05/2026,85.14,85.88
8/05/2026,83.56,85.88
1/06/2026,82.27,85.17
2/06/2026,81.83,86.25
3/06/2026,83.86,86.25
4/06/2026,81.70,86.00
5/06/2026,81.20,86.00
8/06/2026,78.39,85.50
9/06/2026,77.56,85.50
1/07/2026,76.51,85.25
2/07/2026,76.85,85.63
3/07/2026,79.44,84.88
6/07/2026,79.73,84.88
7/07/2026,79.10,84.88
8/07/2026,76.49,84.88
9/07/2026,76.95,84.88
3/08/2026,75.34,86.50
4/08/2026,74.69,85.75
5/08/2026,77.58,86.20
6/08/2026,77.32,86.20
7/08/2026,81.24,86.50
27/07/2007,111.50,112.50
30/07/2007,111.50,112.50
31/07/2007,109.00,110.00
01/08/2007,109.00,110.00
02/08/2007,109.00,110.00
03/08/2007,108.22,110.00
07/08/2007,107.17,105.00
08/08/2007,106.77,100.00
09/08/2007,105.19,97.50
10/08/2007,104.24,97.50
13/08/2007,103.50,97.50
14/08/2007,102.02,97.50
15/08/2007,101.50,100.00
16/08/2007,100.75,95.00
17/08/2007,99.25,95.00
20/08/2007,98.52,87.50
21/08/2007,97.33,87.50
22/08/2007,96.67,87.50
23/08/2007,95.97,89.75
24/08/2007,95.17,90.25
27/08/2007,94.71,90.75
28/08/2007,90.83,91.25
29/08/2007,92.18,91.50
30/08/2007,90.55,91.50
31/08/2007,83.17,91.50
04/09/2007,84.48,90.00
05/09/2007,81.88,89.00
06/09/2007,83.29,88.50
07/09/2007,81.71,85.00
10/09/2007,80.08,85.00
11/09/2007,82.08,85.00
12/09/2007,83.50,80.00
13/09/2007,85.47,80.00
14/09/2007,88.54,80.00
17/09/2007,88.45,81.50
18/09/2007,90.07,81.50
19/09/2007,89.13,77.50
20/09/2007,89.59,80.00
21/09/2007,90.45,80.00
24/09/2007,88.20,80.00
25/09/2007,89.38,80.00
26/09/2007,94.23,77.00
27/09/2007,95.29,73.00
28/09/2007,92.87,70.00
01/10/2007,90.43,70.00
02/10/2007,88.84,69.00
03/10/2007,86.25,69.00
04/10/2007,87.52,70.00
05/10/2007,89.38,70.00
09/10/2007,91.21,70.50
10/10/2007,92.00,72.00
11/10/2007,90.38,76.00
12/10/2007,93.63,73.50
15/10/2007,99.40,73.50
16/10/2007,101.76,75.00
17/10/2007,102.12,75.00
18/10/2007,100.68,83.00
19/10/2007,100.43,83.00
22/10/2007,98.60,83.00
23/10/2007,102.44,83.00
24/10/2007,103.18,83.00
25/10/2007,104.61,82.00
26/10/2007,106.83,82.00
29/10/2007,108.42,84.00
30/10/2007,107.05,85.00
31/10/2007,116.17,87.00
01/11/2007,114.98,90.00
02/11/2007,116.43,90.00
05/11/2007,114.38,91.00
06/11/2007,114.12,93.00
07/11/2007,111.99,93.00
08/11/2007,109.31,93.00
09/11/2007,107.87,93.00
12/11/2007,100.14,93.00
13/11/2007,100.11,94.00
14/11/2007,98.02,94.00
15/11/2007,96.90,94.00
16/11/2007,96.48,94.00
19/11/2007,91.50,94.00
20/11/2007,95.18,93.50
21/11/2007,93.26,93.50
22/11/2007,92.75,94.50
23/11/2007,95.50,94.50
26/11/2007,93.68,94.00
27/11/2007,91.59,93.00
28/11/2007,96.66,91.00
29/11/2007,95.73,88.00
30/11/2007,95.14,88.00
03/12/2007,92.92,89.50
04/12/2007,91.14,89.50
05/12/2007,92.10,89.50
06/12/2007,94.83,89.50
07/12/2007,95.81,89.50
10/12/2007,96.40,89.00
11/12/2007,93.64,89.00
12/12/2007,93.56,89.00
13/12/2007,90.43,89.00
14/12/2007,88.33,89.00
17/12/2007,86.99,89.00
18/12/2007,87.26,88.00
19/12/2007,89.44,87.50
20/12/2007,89.22,87.00
21/12/2007,91.82,87.00
24/12/2007,91.83,87.00
27/12/2007,90.81,87.00
28/12/2007,91.70,87.00
31/12/2007,90.37,87.00
02/01/2008,91.41,87.00
03/01/2008,94.46,87.00
04/01/2008,91.75,88.00
07/01/2008,90.58,88.00
08/01/2008,92.05,88.00
09/01/2008,90.20,86.00
10/01/2008,89.99,84.00
11/01/2008,89.45,84.00
14/01/2008,90.27,84.00
15/01/2008,88.89,84.00
16/01/2008,85.41,84.00
17/01/2008,83.56,84.00
18/01/2008,83.80,84.00
21/01/2008,77.77,81.00
22/01/2008,79.37,78.50
23/01/2008,79.14,78.50
24/01/2008,81.04,78.50
25/01/2008,78.96,75.50
28/01/2008,78.56,75.50
29/01/2008,77.78,75.50
30/01/2008,75.42,75.50
31/01/2008,75.03,75.50
01/02/2008,77.27,75.00
04/02/2008,80.43,75.00
05/02/2008,77.90,75.00
06/02/2008,75.07,74.00
07/02/2008,76.17,73.50
08/02/2008,74.44,73.50
11/02/2008,73.88,73.50
12/02/2008,73.79,73.50
13/02/2008,73.95,73.50
14/02/2008,75.52,73.50
15/02/2008,78.47,73.50
19/02/2008,79.44,71.00
20/02/2008,78.59,71.00
21/02/2008,80.05,71.00
22/02/2008,81.83,71.00
25/02/2008,84.58,71.00
26/02/2008,85.92,71.00
27/02/2008,82.96,71.00
28/02/2008,89.92,73.00
29/02/2008,90.83,73.50
03/03/2008,90.11,73.50
04/03/2008,90.76,73.50
05/03/2008,92.37,73.50
06/03/2008,90.76,72.50
07/03/2008,89.53,72.50
10/03/2008,86.20,72.50
11/03/2008,86.09,72.50
12/03/2008,88.09,72.50
13/03/2008,90.43,72.50
14/03/2008,89.10,72.00
17/03/2008,87.25,70.50
18/03/2008,85.85,70.50
19/03/2008,82.61,70.00
20/03/2008,75.08,70.00
24/03/2008,77.60,70.00
25/03/2008,77.77,70.00
26/03/2008,68.76,69.50
27/03/2008,67.64,69.50
28/03/2008,66.02,67.50
31/03/2008,66.22,67.50
01/04/2008,65.49,67.50
02/04/2008,67.74,67.50
03/04/2008,67.23,67.50
04/04/2008,67.56,67.50
07/04/2008,65.29,67.50
08/04/2008,63.31,67.50
09/04/2008,63.93,67.50
10/04/2008,64.24,67.50
11/04/2008,63.23,67.50
14/04/2008,60.64,64.50
15/04/2008,60.86,64.50
16/04/2008,61.45,63.50
17/04/2008,59.87,63.50
18/04/2008,57.29,63.50
21/04/2008,58.42,62.00
22/04/2008,57.75,62.00
23/04/2008,59.60,62.00
24/04/2008,60.47,62.00
25/04/2008,61.99,62.00
28/04/2008,61.33,62.00
29/04/2008,59.37,62.00
30/04/2008,61.53,62.00
01/05/2008,60.49,62.00
02/05/2008,60.08,61.00
05/05/2008,60.50,61.00
06/05/2008,63.94,61.00
07/05/2008,65.29,61.00
08/05/2008,68.94,61.00
09/05/2008,67.86,61.00
12/05/2008,65.94,61.00
13/05/2008,66.07,59.50
14/05/2008,64.57,59.50
15/05/2008,64.98,59.50
16/05/2008,63.31,59.50
20/05/2008,67.55,59.50
21/05/2008,71.08,59.00
22/05/2008,73.30,59.00
23/05/2008,76.90,59.00
26/05/2008,75.71,59.00
27/05/2008,77.59,59.00
28/05/2008,75.40,59.00
29/05/2008,74.54,59.00
30/05/2008,75.32,58.00
02/06/2008,74.14,57.00
03/06/2008,74.04,57.00
04/06/2008,71.40,57.00
05/06/2008,69.99,57.00
06/06/2008,70.78,57.00
09/06/2008,69.50,57.00
10/06/2008,68.00,57.00
11/06/2008,67.01,57.00
12/06/2008,66.09,57.00
13/06/2008,65.47,56.50
16/06/2008,65.14,56.50
17/06/2008,62.76,56.50
18/06/2008,61.83,56.50
19/06/2008,61.97,56.50
20/06/2008,62.30,56.50
23/06/2008,65.27,56.50
24/06/2008,67.88,56.50
25/06/2008,69.42,56.50
26/06/2008,68.68,56.50
27/06/2008,69.87,57.00
30/06/2008,69.17,57.50
02/07/2008,68.58,58.50
03/07/2008,65.96,58.50
04/07/2008,65.37,58.50
07/07/2008,65.67,60.75
08/07/2008,65.42,61.00
09/07/2008,67.60,61.00
10/07/2008,68.15,61.00
11/07/2008,68.61,62.00
14/07/2008,70.23,62.00
15/07/2008,71.20,62.00
16/07/2008,67.34,64.00
17/07/2008,65.01,64.00
18/07/2008,63.30,64.00
21/07/2008,67.54,64.00
22/07/2008,69.07,64.00
23/07/2008,67.00,62.50
24/07/2008,63.59,62.50
25/07/2008,63.47,62.50
28/07/2008,63.36,62.50
29/07/2008,64.69,62.50
30/07/2008,64.72,62.50
31/07/2008,64.28,62.50
01/08/2008,64.22,62.50
05/08/2008,60.45,64.50
06/08/2008,61.04,64.50
07/08/2008,60.18,64.50
08/08/2008,58.19,64.50
11/08/2008,55.60,64.50
12/08/2008,55.03,64.50
13/08/2008,59.88,62.50
14/08/2008,60.65,62.50
15/08/2008,61.67,62.50
18/08/2008,61.55,62.50
19/08/2008,60.56,62.50
20/08/2008,60.50,62.50
21/08/2008,62.39,62.50
22/08/2008,62.77,63.00
25/08/2008,61.43,63.00
26/08/2008,61.14,63.00
27/08/2008,60.85,63.00
28/08/2008,61.04,63.00
29/08/2008,62.59,63.00
02/09/2008,62.02,63.00
03/09/2008,61.94,63.00
04/09/2008,61.68,62.00
05/09/2008,61.87,62.00
08/09/2008,62.78,62.00
09/09/2008,57.91,62.00
10/09/2008,57.26,62.00
11/09/2008,54.82,62.00
12/09/2008,56.56,61.50
15/09/2008,54.76,58.50
16/09/2008,53.29,57.00
17/09/2008,48.59,56.00
18/09/2008,53.43,56.00
19/09/2008,58.98,57.00
22/09/2008,59.71,55.50
23/09/2008,59.07,54.00
24/09/2008,57.41,54.50
25/09/2008,56.52,54.00
26/09/2008,53.32,53.50
29/09/2008,47.48,51.00
30/09/2008,44.66,50.00
01/10/2008,41.78,50.00
02/10/2008,35.73,49.50
03/10/2008,36.50,46.50
06/10/2008,36.87,46.50
07/10/2008,38.55,46.50
08/10/2008,38.72,46.50
09/10/2008,34.46,45.50
10/10/2008,30.66,45.50
13/10/2008,32.15,45.50
14/10/2008,36.31,44.00
15/10/2008,31.64,44.00
16/10/2008,32.28,44.00
17/10/2008,30.69,43.50
20/10/2008,30.13,43.00
21/10/2008,29.45,42.00
22/10/2008,29.36,42.00
23/10/2008,28.81,42.00
24/10/2008,31.64,42.00
27/10/2008,29.54,43.00
28/10/2008,31.46,43.50
29/10/2008,34.00,43.50
30/10/2008,35.66,44.50
31/10/2008,36.01,45.50
03/11/2008,34.24,45.50
04/11/2008,37.24,46.00
05/11/2008,35.44,46.00
06/11/2008,33.94,47.00
07/11/2008,34.90,48.00
10/11/2008,34.67,48.50
11/11/2008,34.40,50.50
12/11/2008,34.49,51.50
13/11/2008,36.17,51.00
14/11/2008,38.32,52.00
17/11/2008,40.71,52.50
18/11/2008,40.21,54.00
19/11/2008,37.83,54.50
20/11/2008,36.77,54.50
21/11/2008,38.26,55.00
24/11/2008,41.80,54.50
25/11/2008,41.44,54.50
26/11/2008,40.25,54.00
27/11/2008,40.86,53.50
28/11/2008,40.68,53.50
01/12/2008,37.61,53.00
02/12/2008,37.86,53.00
03/12/2008,37.83,53.00
04/12/2008,37.85,53.00
08/12/2008,39.83,52.50
09/12/2008,40.60,52.50
10/12/2008,40.22,52.50
16/12/2008,42.35,51.50
18/12/2008,39.02,51.50
30/12/2008,42.32,51.50
05/01/2009,44.64,51.00
06/01/2009,45.47,51.00
07/01/2009,44.97,51.00
09/01/2009,44.90,50.00
12/01/2009,43.03,50.00
15/01/2009,40.07,50.00
16/01/2009,39.38,49.50
19/01/2009,40.61,49.00
20/01/2009,41.32,49.00
21/01/2009,41.76,48.00
22/01/2009,41.50,48.00
23/01/2009,41.39,49.00
26/01/2009,41.31,48.00
28/01/2009,43.66,48.00
02/02/2009,39.08,47.00
03/02/2009,39.36,46.50
04/02/2009,37.95,45.50
05/02/2009,40.88,45.50
09/02/2009,41.18,45.50
13/02/2009,40.44,45.00
24/02/2009,37.01,44.00
26/02/2009,35.43,42.50
02/03/2009,31.38,42.50
04/03/2009,33.08,43.00
05/03/2009,34.74,43.00
09/03/2009,33.79,41.50
11/03/2009,33.87,42.00
16/03/2009,36.03,42.00
20/03/2009,39.48,41.00
23/03/2009,39.82,41.50
24/03/2009,37.69,41.38
26/03/2009,38.09,41.25
27/03/2009,36.30,41.00
30/03/2009,35.66,41.25
01/04/2009,35.69,41.25
03/04/2009,37.92,41.25
07/04/2009,36.41,40.50
08/04/2009,36.96,40.00
09/04/2009,38.74,40.50
14/04/2009,39.79,40.25
16/04/2009,42.75,40.75
17/04/2009,42.47,41.75
20/04/2009,39.62,41.75
24/04/2009,44.35,41.75
27/04/2009,43.99,43.00
28/04/2009,44.14,44.50
01/05/2009,45.64,44.75
05/05/2009,48.87,45.75
07/05/2009,47.74,46.25
08/05/2009,48.14,46.75
11/05/2009,48.13,49.00
12/05/2009,49.78,49.50
15/05/2009,47.34,49.50
18/05/2009,46.86,49.25
19/05/2009,49.59,50.00
20/05/2009,51.57,49.50
21/05/2009,50.30,49.25
22/05/2009,50.02,48.50
26/05/2009,49.36,48.00
27/05/2009,48.66,47.75
29/05/2009,48.30,47.25
04/06/2009,48.99,48.50
05/06/2009,48.51,48.75
08/06/2009,48.81,49.00
09/06/2009,49.31,50.00
12/06/2009,48.41,51.00
15/06/2009,46.84,52.50
16/06/2009,47.69,52.50
17/06/2009,47.45,52.00
18/06/2009,46.48,52.50
22/06/2009,46.92,54.00
23/06/2009,46.94,54.00
24/06/2009,47.99,52.50
25/06/2009,48.52,51.50
26/06/2009,48.93,51.50
29/06/2009,47.70,51.00
02/07/2009,46.71,51.00
07/07/2009,43.64,51.00
08/07/2009,44.45,50.50
09/07/2009,44.52,50.50
10/07/2009,44.20,50.00
13/07/2009,44.55,49.50
14/07/2009,45.11,49.00
15/07/2009,45.74,49.00
20/07/2009,49.15,48.50
22/07/2009,48.74,47.75
27/07/2009,50.49,47.25
28/07/2009,48.89,46.50
30/07/2009,50.09,46.75
31/07/2009,50.84,47.00
03/08/2009,50.86,47.75
06/08/2009,51.12,48.00
13/08/2009,48.21,47.75
14/08/2009,48.40,47.75
17/08/2009,47.22,47.25
19/08/2009,48.05,47.63
20/08/2009,48.07,47.38
24/08/2009,48.56,47.00
25/08/2009,47.16,47.00
27/08/2009,45.94,46.50
01/09/2009,41.49,46.00
02/09/2009,43.23,46.25
03/09/2009,44.78,45.75
09/09/2009,44.23,45.00
14/09/2009,43.89,44.50
17/09/2009,44.94,44.25
18/09/2009,44.54,43.00
21/09/2009,44.67,42.25
24/09/2009,44.17,42.13
28/09/2009,43.11,42.25
29/09/2009,42.98,42.75
01/10/2009,41.95,43.25
02/10/2009,42.60,43.13
05/10/2009,43.24,43.38
06/10/2009,43.47,43.50
07/10/2009,44.97,44.25
08/10/2009,45.92,44.25
12/10/2009,45.42,45.38
13/10/2009,45.81,46.38
15/10/2009,47.33,47.00
16/10/2009,47.49,47.13
21/10/2009,50.42,47.88
22/10/2009,49.40,49.43
23/10/2009,49.49,49.50
26/10/2009,49.47,50.00
27/10/2009,48.80,49.50
28/10/2009,46.79,46.75
29/10/2009,47.77,46.25
30/10/2009,46.97,46.50
02/11/2009,44.89,46.00
03/11/2009,47.45,45.88
06/11/2009,48.61,45.88
09/11/2009,49.77,45.75
10/11/2009,50.13,45.50
12/11/2009,47.05,44.50
13/11/2009,47.03,44.75
16/11/2009,47.45,43.00
17/11/2009,47.17,43.00
19/11/2009,46.09,42.75
20/11/2009,45.45,42.75
24/11/2009,46.53,42.65
25/11/2009,46.35,42.50
26/11/2009,44.97,42.75
27/11/2009,45.13,44.00
30/11/2009,44.15,44.75
01/12/2009,46.47,45.00
03/12/2009,46.67,45.00
04/12/2009,45.61,45.10
07/12/2009,45.52,44.00
08/12/2009,44.16,44.50
09/12/2009,44.20,44.25
10/12/2009,44.16,44.30
11/12/2009,44.06,44.25
14/12/2009,43.77,44.00
16/12/2009,45.45,44.10
17/12/2009,43.78,43.75
22/12/2009,44.19,43.85
04/01/2010,45.53,44.25
05/01/2010,45.88,44.50
07/01/2010,46.02,44.60
08/01/2010,45.87,44.65
11/01/2010,48.13,44.56
12/01/2010,47.44,44.55
13/01/2010,47.85,44.45
14/01/2010,48.05,44.40
15/01/2010,46.23,44.00
18/01/2010,47.07,43.75
19/01/2010,46.13,43.25
20/01/2010,45.23,43.00
22/01/2010,43.95,43.00
25/01/2010,43.04,42.25
27/01/2010,40.78,42.25
01/02/2010,42.53,42.25
02/02/2010,42.52,42.50
04/02/2010,40.88,42.50
08/02/2010,40.67,42.50
10/02/2010,40.57,42.50
12/02/2010,41.26,42.00
16/02/2010,41.26,42.00
17/02/2010,41.26,42.05
19/02/2010,43.70,41.75
24/02/2010,43.41,40.75
25/02/2010,43.23,40.58
26/02/2010,43.48,40.58
01/03/2010,44.40,40.50
02/03/2010,43.41,40.35
09/03/2010,43.38,40.85
10/03/2010,42.84,40.76
11/03/2010,42.92,40.77
12/03/2010,42.54,40.80
15/03/2010,43.40,40.80
16/03/2010,43.62,41.00
17/03/2010,44.80,41.25
18/03/2010,44.17,41.25
19/03/2010,42.80,41.25
22/03/2010,41.94,41.75
23/03/2010,42.55,42.00
24/03/2010,42.91,42.00
25/03/2010,43.02,42.00
26/03/2010,42.47,42.15
29/03/2010,42.97,42.00
30/03/2010,42.98,42.00
31/03/2010,43.29,41.91
01/04/2010,44.17,41.50
06/04/2010,44.74,41.75
07/04/2010,44.77,41.75
08/04/2010,44.48,41.73
09/04/2010,44.24,41.71
12/04/2010,47.99,41.71
13/04/2010,47.99,41.72
14/04/2010,44.67,41.26
15/04/2010,44.26,41.22
16/04/2010,44.15,41.22
19/04/2010,43.17,41.15
20/04/2010,44.03,41.18
21/04/2010,43.92,41.25
22/04/2010,43.74,41.20
23/04/2010,44.23,41.20
26/04/2010,44.16,41.50
27/04/2010,43.54,41.50
28/04/2010,43.80,41.60
29/04/2010,43.82,41.70
30/04/2010,43.45,41.75
04/05/2010,42.69,41.80
05/05/2010,41.82,41.85
06/05/2010,39.29,41.65
07/05/2010,39.23,41.50
11/05/2010,40.09,41.40
13/05/2010,41.78,41.50
17/05/2010,39.74,41.40
18/05/2010,39.57,41.38
20/05/2010,35.42,41.50
21/05/2010,35.98,41.10
24/05/2010,35.82,40.50
26/05/2010,37.68,40.50
28/05/2010,39.66,40.51
02/06/2010,39.58,40.75
11/06/2010,40.16,40.75
14/06/2010,40.44,40.73
15/06/2010,41.08,40.65
16/06/2010,40.43,40.70
17/06/2010,40.42,40.71
18/06/2010,40.40,40.68
28/06/2010,41.70,41.50
29/06/2010,39.93,41.80
30/06/2010,39.16,41.79
01/07/2010,39.28,41.65
02/07/2010,38.83,41.60
05/07/2010,38.87,41.70
07/07/2010,40.93,41.65
09/07/2010,41.89,41.60
12/07/2010,42.05,41.60
15/07/2010,42.96,41.55
19/07/2010,42.01,41.70
21/07/2010,42.65,41.90
22/07/2010,43.75,42.20
26/07/2010,44.81,43.50
27/07/2010,45.44,45.50
28/07/2010,46.40,45.45
29/07/2010,45.33,45.40
30/07/2010,44.61,45.45
09/08/2010,44.88,46.00
10/08/2010,44.46,46.25
11/08/2010,43.91,46.50
12/08/2010,44.29,46.75
16/08/2010,43.98,46.50
17/08/2010,45.60,46.25
18/08/2010,45.46,46.25
20/08/2010,44.05,46.00
24/08/2010,43.13,45.75
25/08/2010,42.22,44.75
26/08/2010,43.26,44.00
31/08/2010,40.93,44.50
01/09/2010,42.20,45.85
02/09/2010,42.10,46.00
03/09/2010,42.61,46.15
06/09/2010,43.39,46.75
08/09/2010,45.73,47.75
09/09/2010,51.42,48.25
10/09/2010,45.88,48.00
13/09/2010,46.32,47.75
20/09/2010,46.26,47.75
21/09/2010,46.22,47.50
22/09/2010,46.16,46.75
23/09/2010,46.93,46.25
24/09/2010,47.31,46.50
27/09/2010,47.34,46.25
28/09/2010,47.30,46.75
29/09/2010,47.35,46.75
30/09/2010,46.87,47.25
01/10/2010,47.98,47.00
04/10/2010,47.93,47.50
05/10/2010,48.05,48.10
06/10/2010,48.30,48.25
07/10/2010,48.21,48.15
11/10/2010,48.26,48.15
12/10/2010,48.64,48.40
13/10/2010,49.98,48.25
14/10/2010,49.87,48.00
15/10/2010,49.70,48.50
18/10/2010,51.04,48.62
20/10/2010,52.86,50.00
21/10/2010,52.52,51.50
22/10/2010,52.14,51.75
25/10/2010,54.72,52.00
26/10/2010,53.65,51.75
27/10/2010,52.83,51.50
28/10/2010,52.78,51.25
01/11/2010,53.33,52.00
02/11/2010,54.00,53.50
03/11/2010,55.20,54.00
04/11/2010,55.66,54.75
05/11/2010,58.51,55.00
08/11/2010,62.77,57.00
09/11/2010,63.74,58.00
10/11/2010,61.72,58.00
11/11/2010,60.74,58.75
12/11/2010,59.97,58.85
15/11/2010,59.97,58.85
16/11/2010,56.96,59.00
17/11/2010,57.04,59.50
18/11/2010,57.33,59.75
19/11/2010,58.75,60.00
23/11/2010,59.18,60.05
24/11/2010,60.57,60.15
26/11/2010,60.79,60.75
30/11/2010,62.16,60.25
01/12/2010,62.16,60.00
03/12/2010,62.55,60.00
06/12/2010,62.15,59.37
07/12/2010,61.77,59.75
08/12/2010,61.48,60.00
09/12/2010,61.68,60.25
10/12/2010,61.47,60.25
13/12/2010,61.81,60.50
14/12/2010,62.25,61.25
16/12/2010,60.97,61.25
20/12/2010,60.26,61.75
04/01/2011,61.22,62.50
05/01/2011,62.07,63.50
06/01/2011,61.65,65.30
07/01/2011,61.91,65.50
10/01/2011,62.00,66.25
12/01/2011,64.42,66.50
14/01/2011,66.51,66.75
18/01/2011,65.84,67.00
19/01/2011,64.75,68.75
20/01/2011,63.65,69.00
21/01/2011,63.83,69.25
24/01/2011,64.69,69.30
26/01/2011,64.61,69.50
31/01/2011,70.11,72.25
01/02/2011,71.56,72.51
02/02/2011,72.60,72.61
03/02/2011,72.28,72.56
04/02/2011,72.86,72.60
07/02/2011,71.41,72.75
08/02/2011,69.91,72.74
09/02/2011,70.53,72.75
10/02/2011,70.53,72.65
11/02/2011,70.53,72.63
14/02/2011,70.53,72.63
15/02/2011,69.48,70.75
16/02/2011,68.91,69.73
17/02/2011,69.16,68.77
18/02/2011,68.59,68.80
21/02/2011,68.76,68.52
22/02/2011,66.39,67.98
23/02/2011,67.43,67.75
24/02/2011,68.29,67.50
25/02/2011,68.97,67.50
28/02/2011,71.45,68.25
01/03/2011,70.65,69.75
02/03/2011,70.37,70.25
03/03/2011,70.17,68.74
04/03/2011,70.60,65.75
07/03/2011,67.98,65.75
08/03/2011,67.66,65.99
09/03/2011,68.25,66.00
10/03/2011,66.84,67.00
11/03/2011,66.11,68.24
14/03/2011,54.91,60.75
15/03/2011,53.84,54.50
16/03/2011,48.70,49.99
17/03/2011,50.82,50.01
18/03/2011,53.40,50.00
21/03/2011,59.21,58.50
22/03/2011,57.75,59.51
23/03/2011,57.84,59.75
24/03/2011,57.20,61.27
25/03/2011,55.19,60.26
28/03/2011,53.81,60.00
29/03/2011,53.27,60.02
30/03/2011,52.34,59.50
31/03/2011,52.41,59.01
01/04/2011,55.16,58.76
04/04/2011,54.33,58.77
05/04/2011,54.52,58.74
06/04/2011,53.62,59.00
07/04/2011,52.62,58.75
08/04/2011,54.14,58.65
11/04/2011,53.18,57.75
12/04/2011,51.21,58.01
13/04/2011,50.91,58.25
14/04/2011,51.08,57.91
15/04/2011,51.01,57.51
18/04/2011,51.02,57.01
19/04/2011,51.15,57.01
20/04/2011,52.18,56.52
21/04/2011,52.63,55.50
22/04/2011,52.59,55.50
26/04/2011,52.64,55.15
27/04/2011,53.62,55.13
28/04/2011,53.68,55.13
03/05/2011,55.98,55.25
04/05/2011,56.12,56.00
05/05/2011,53.37,56.13
06/05/2011,54.82,56.00
09/05/2011,53.75,56.00
11/05/2011,53.34,56.99
12/05/2011,52.77,57.00
13/05/2011,52.05,57.24
16/05/2011,51.78,57.24
17/05/2011,53.71,58.01
18/05/2011,51.87,58.00
19/05/2011,51.86,57.99
20/05/2011,51.07,57.99
23/05/2011,50.48,56.25
24/05/2011,50.39,56.89
25/05/2011,51.63,57.00
26/05/2011,51.43,57.02
27/05/2011,51.29,57.25
31/05/2011,49.27,57.00
01/06/2011,49.83,57.00
02/06/2011,50.93,56.75
03/06/2011,50.82,56.75
09/06/2011,48.05,55.75
10/06/2011,48.35,55.00
13/06/2011,49.42,54.62
14/06/2011,48.73,54.50
20/06/2011,48.74,54.25
28/06/2011,49.05,53.76
29/06/2011,48.19,53.25
30/06/2011,49.64,51.50
01/07/2011,49.93,51.50
05/07/2011,50.06,52.50
07/07/2011,50.91,53.50
11/07/2011,50.76,53.75
12/07/2011,51.78,53.75
13/07/2011,51.73,53.20
14/07/2011,51.39,53.12
18/07/2011,50.72,53.50
19/07/2011,51.19,53.38
20/07/2011,51.25,52.76
21/07/2011,51.26,52.50
22/07/2011,50.51,52.50
25/07/2011,49.94,51.50
26/07/2011,50.77,51.13
27/07/2011,49.53,51.13
28/07/2011,48.48,51.49
29/07/2011,48.42,51.77
01/08/2011,48.38,52.00
02/08/2011,48.73,51.50
03/08/2011,48.05,51.50
04/08/2011,47.09,51.75
05/08/2011,47.10,51.50
09/08/2011,44.04,51.25
11/08/2011,46.65,50.75
12/08/2011,45.69,50.50
15/08/2011,47.08,50.01
16/08/2011,45.48,50.00
17/08/2011,45.47,50.00
18/08/2011,44.61,50.02
19/08/2011,44.12,50.11
22/08/2011,43.95,50.00
23/08/2011,43.71,49.97
24/08/2011,44.16,49.50
25/08/2011,44.47,49.50
26/08/2011,45.52,48.99
29/08/2011,45.83,49.01
30/08/2011,45.94,48.75
31/08/2011,46.15,49.00
01/09/2011,45.94,50.27
02/09/2011,44.90,50.27
08/09/2011,45.17,50.50
09/09/2011,45.78,51.00
12/09/2011,44.45,52.50
13/09/2011,44.87,52.49
14/09/2011,45.41,52.51
15/09/2011,46.03,52.75
16/09/2011,47.21,52.99
19/09/2011,47.11,54.25
20/09/2011,47.22,54.50
21/09/2011,46.99,54.52
22/09/2011,43.64,54.01
23/09/2011,41.50,52.99
26/09/2011,41.29,53.01
27/09/2011,42.43,52.00
28/09/2011,43.14,52.01
29/09/2011,41.38,51.77
30/09/2011,41.37,51.99
03/10/2011,39.04,52.00
04/10/2011,37.02,52.50
05/10/2011,40.16,52.76
06/10/2011,41.47,52.51
07/10/2011,39.46,52.48
10/10/2011,40.25,52.51
11/10/2011,40.57,52.52
12/10/2011,41.50,52.53
13/10/2011,40.66,53.00
14/10/2011,42.66,52.98
19/10/2011,40.39,52.75
20/10/2011,39.94,51.99
21/10/2011,39.95,51.99
24/10/2011,40.24,51.76
25/10/2011,39.72,51.26
26/10/2011,39.48,51.50
27/10/2011,42.01,51.24
28/10/2011,42.25,51.00
31/10/2011,39.98,52.25
01/11/2011,40.78,51.75
04/11/2011,41.19,52.00
07/11/2011,42.07,51.74
08/11/2011,42.02,52.24
09/11/2011,40.98,52.26
10/11/2011,41.18,52.73
11/11/2011,41.55,52.78
14/11/2011,43.63,56.00
15/11/2011,44.32,56.01
16/11/2011,43.23,53.49
17/11/2011,41.78,52.51
18/11/2011,41.82,52.50
21/11/2011,41.37,52.77
22/11/2011,40.65,52.78
23/11/2011,40.14,52.74
24/11/2011,40.18,52.78
25/11/2011,40.32,52.75
28/11/2011,41.94,52.25
30/11/2011,42.06,51.75
02/12/2011,41.46,51.76
05/12/2011,42.57,52.49
06/12/2011,41.84,52.25
07/12/2011,42.09,52.25
08/12/2011,41.71,52.50
09/12/2011,41.55,52.25
12/12/2011,41.66,52.25
13/12/2011,40.94,52.25
14/12/2011,40.96,52.00
15/12/2011,40.48,52.00
16/12/2011,40.13,52.00
19/12/2011,39.84,52.00
20/12/2011,40.02,51.87
21/12/2011,39.47,51.89
22/12/2011,39.22,51.88
23/12/2011,39.65,51.89
26/12/2011,39.65,51.88
27/12/2011,39.65,51.89
28/12/2011,38.95,51.88
29/12/2011,39.09,51.89
02/01/2012,40.35,51.88
03/01/2012,39.58,52.00
04/01/2012,39.80,52.00
05/01/2012,39.57,51.75
06/01/2012,40.29,51.87
09/01/2012,42.22,52.00
10/01/2012,42.52,52.00
11/01/2012,42.14,52.25
12/01/2012,44.25,53.25
13/01/2012,43.61,52.75
16/01/2012,43.44,52.75
17/01/2012,45.50,52.50
18/01/2012,46.46,52.50
19/01/2012,46.75,52.25
20/01/2012,46.37,52.25
23/01/2012,46.80,52.25
24/01/2012,45.63,52.25
25/01/2012,45.60,52.25
26/01/2012,45.58,52.25
27/01/2012,46.28,52.25
30/01/2012,46.42,52.25
31/01/2012,46.15,52.12
01/02/2012,45.47,52.12
02/02/2012,45.63,52.12
03/02/2012,46.94,52.12
06/02/2012,46.74,52.12
07/02/2012,46.34,52.12
08/02/2012,46.65,52.38
09/02/2012,46.42,52.25
10/02/2012,45.91,52.25
13/02/2012,46.33,52.00
14/02/2012,46.68,51.75
15/02/2012,46.85,51.87
16/02/2012,46.72,51.86
17/02/2012,48.15,51.90
20/02/2012,48.31,51.86
21/02/2012,47.42,51.85
22/02/2012,47.89,51.88
23/02/2012,46.87,51.87
24/02/2012,46.68,52.00
27/02/2012,46.16,52.00
28/02/2012,46.68,52.00
29/02/2012,46.67,52.00
01/03/2012,46.63,51.86
02/03/2012,46.47,51.86
05/03/2012,46.39,51.75
06/03/2012,45.55,51.52
07/03/2012,45.08,51.50
08/03/2012,44.84,51.24
09/03/2012,45.58,51.25
12/03/2012,45.28,51.00
13/03/2012,45.59,51.88
14/03/2012,43.52,51.25
15/03/2012,42.89,50.75
16/03/2012,43.12,50.88
19/03/2012,42.54,51.00
20/03/2012,42.21,51.13
21/03/2012,42.89,51.13
22/03/2012,42.35,51.15
23/03/2012,42.05,51.13
26/03/2012,43.75,51.10
27/03/2012,44.20,51.00
28/03/2012,44.20,51.00
29/03/2012,43.68,51.00
30/03/2012,43.19,51.50
02/04/2012,44.36,51.25
03/04/2012,43.34,51.25
04/04/2012,42.74,51.50
05/04/2012,42.48,51.50
06/04/2012,42.48,51.50
09/04/2012,42.16,51.50
10/04/2012,41.24,51.50
11/04/2012,41.32,51.25
12/04/2012,41.18,51.25
13/04/2012,41.20,51.33
16/04/2012,42.16,51.33
17/04/2012,42.52,51.50
18/04/2012,42.21,51.50
19/04/2012,41.92,51.50
20/04/2012,42.25,51.50
23/04/2012,43.06,51.50
24/04/2012,42.88,51.64
25/04/2012,42.57,51.84
26/04/2012,43.22,51.84
30/04/2012,43.03,52.00
01/05/2012,42.57,52.00
02/05/2012,43.86,52.00
03/05/2012,42.97,51.87
04/05/2012,42.21,51.87
07/05/2012,42.12,51.87
08/05/2012,41.54,52.00
09/05/2012,41.12,52.00
10/05/2012,40.93,52.00
11/05/2012,40.62,51.87
14/05/2012,40.40,51.87
15/05/2012,40.20,51.87
16/05/2012,40.08,52.00
17/05/2012,39.70,52.00
18/05/2012,40.05,51.75
21/05/2012,40.05,51.75
22/05/2012,39.81,51.75
25/05/2012,39.23,51.75
28/05/2012,39.32,52.00
29/05/2012,38.08,52.00
30/05/2012,38.97,52.00
31/05/2012,38.93,51.25
01/06/2012,38.45,50.75
04/06/2012,38.38,51.00
05/06/2012,38.55,51.13
06/06/2012,37.47,51.00
07/06/2012,38.41,51.13
08/06/2012,38.39,51.13
11/06/2012,38.98,51.13
12/06/2012,39.12,51.00
13/06/2012,40.28,51.00
14/06/2012,40.78,51.00
15/06/2012,41.11,50.87
18/06/2012,40.89,50.75
19/06/2012,42.07,50.75
20/06/2012,42.25,50.75
21/06/2012,41.17,50.68
22/06/2012,41.31,50.68
25/06/2012,40.49,50.68
26/06/2012,40.41,50.75
27/06/2012,40.37,50.68
28/06/2012,39.66,50.75
29/06/2012,40.72,50.90
02/07/2012,40.81,50.90
03/07/2012,40.94,50.75
04/07/2012,41.24,50.75
05/07/2012,41.59,50.63
06/07/2012,42.04,50.63
09/07/2012,42.07,50.63
10/07/2012,42.27,50.63
11/07/2012,42.53,50.50
12/07/2012,42.90,50.50
13/07/2012,43.20,50.25
16/07/2012,42.96,50.00
17/07/2012,43.28,49.75
18/07/2012,43.28,50.00
19/07/2012,43.48,50.00
20/07/2012,43.30,49.88
23/07/2012,43.22,50.00
24/07/2012,43.00,50.00
25/07/2012,42.38,50.00
26/07/2012,42.57,49.75
27/07/2012,43.04,49.75
30/07/2012,43.18,49.50
31/07/2012,43.34,49.50
01/08/2012,42.51,49.38
02/08/2012,42.69,49.50
03/08/2012,42.87,49.33
06/08/2012,42.97,49.50
07/08/2012,41.52,49.33
08/08/2012,42.25,49.25
09/08/2012,42.43,49.25
10/08/2012,42.43,49.00
13/08/2012,42.20,49.00
14/08/2012,42.12,48.89
15/08/2012,42.66,48.89
16/08/2012,43.36,48.89
17/08/2012,43.18,48.89
20/08/2012,42.54,49.00
21/08/2012,42.37,48.89
22/08/2012,42.19,48.89
23/08/2012,41.74,48.75
24/08/2012,41.79,48.50
27/08/2012,41.49,48.50
28/08/2012,41.82,48.50
29/08/2012,41.39,48.38
30/08/2012,41.16,48.25
31/08/2012,41.10,47.98
03/09/2012,41.43,47.98
04/09/2012,41.42,48.12
05/09/2012,41.21,48.50
06/09/2012,41.61,48.47
07/09/2012,41.42,48.13
10/09/2012,41.66,48.00
11/09/2012,41.10,48.00
12/09/2012,41.66,47.86
13/09/2012,41.69,47.75
14/09/2012,42.25,47.00
17/09/2012,42.11,47.00
18/09/2012,41.95,46.75
19/09/2012,41.82,46.75
20/09/2012,41.75,46.50
21/09/2012,40.73,46.38
24/09/2012,40.29,46.25
25/09/2012,40.00,46.25
26/09/2012,39.76,46.25
27/09/2012,39.95,45.75
28/09/2012,40.07,46.00
01/10/2012,40.34,45.75
02/10/2012,40.60,45.88
03/10/2012,40.65,45.88
04/10/2012,40.21,45.75
05/10/2012,40.02,45.75
08/10/2012,39.99,45.75
09/10/2012,38.75,45.38
10/10/2012,38.33,44.75
11/10/2012,38.45,44.50
12/10/2012,38.15,44.00
15/10/2012,38.17,43.75
16/10/2012,38.22,43.50
17/10/2012,39.60,43.50
18/10/2012,39.39,43.50
19/10/2012,38.71,43.50
22/10/2012,37.94,43.50
23/10/2012,37.99,43.38
24/10/2012,38.00,43.25
25/10/2012,38.12,43.25
26/10/2012,38.03,43.00
29/10/2012,38.20,43.00
30/10/2012,37.10,42.50
31/10/2012,37.19,40.50
01/11/2012,37.32,41.25
05/11/2012,36.37,40.75
06/11/2012,36.27,40.75
07/11/2012,36.14,40.75
08/11/2012,35.82,40.63
09/11/2012,36.82,41.25
12/11/2012,37.45,41.75
13/11/2012,36.91,41.50
14/11/2012,36.92,41.35
15/11/2012,36.54,41.25
16/11/2012,36.12,41.25
19/11/2012,36.48,41.35
20/11/2012,36.91,41.75
21/11/2012,37.29,41.75
22/11/2012,37.30,42.25
23/11/2012,37.32,42.00
26/11/2012,37.46,42.00
27/11/2012,37.38,42.25
28/11/2012,38.47,42.25
29/11/2012,38.48,42.25
30/11/2012,38.14,42.50
03/12/2012,38.38,42.50
04/12/2012,38.34,42.50
05/12/2012,39.09,43.00
06/12/2012,39.17,43.25
07/12/2012,39.23,43.50
10/12/2012,39.83,43.50
11/12/2012,40.50,44.25
12/12/2012,40.61,45.00
13/12/2012,40.27,45.50
14/12/2012,40.27,45.50
17/12/2012,40.63,45.00
18/12/2012,40.53,44.75
19/12/2012,40.22,44.00
20/12/2012,40.18,43.75
21/12/2012,40.22,43.50
24/12/2012,41.00,43.50
25/12/2012,40.93,43.50
26/12/2012,40.90,43.50
27/12/2012,40.93,43.33
28/12/2012,40.92,43.33
31/12/2012,40.76,43.25
01/01/2013,40.76,43.25
02/01/2013,40.38,43.25
03/01/2013,40.16,43.13
04/01/2013,40.12,42.75
07/01/2013,39.92,42.50
08/01/2013,39.36,42.25
09/01/2013,39.57,42.00
10/01/2013,40.02,41.87
11/01/2013,40.15,41.75
14/01/2013,40.19,42.00
15/01/2013,40.68,42.00
16/01/2013,41.03,42.25
17/01/2013,41.26,42.25
18/01/2013,40.63,42.50
21/01/2013,40.23,42.50
22/01/2013,41.13,42.75
23/01/2013,40.50,43.00
24/01/2013,41.60,43.50
25/01/2013,40.98,44.00
28/01/2013,41.58,44.15
29/01/2013,41.80,44.00
30/01/2013,41.86,44.00
31/01/2013,41.44,44.00
01/02/2013,42.55,44.00
04/02/2013,42.51,44.00
05/02/2013,42.88,43.75
06/02/2013,42.57,43.75
07/02/2013,42.47,43.50
08/02/2013,42.63,43.50
11/02/2013,42.09,43.50
12/02/2013,42.18,43.25
13/02/2013,41.70,43.25
14/02/2013,41.96,43.25
15/02/2013,42.20,43.00
18/02/2013,40.00,43.00
19/02/2013,40.17,42.75
20/02/2013,40.12,42.75
21/02/2013,40.06,42.00
22/02/2013,39.96,42.00
25/02/2013,40.06,41.69
26/02/2013,39.35,42.00
27/02/2013,39.04,42.00
28/02/2013,38.57,42.00
01/03/2013,39.39,42.00
04/03/2013,38.20,42.37
05/03/2013,39.13,42.25
06/03/2013,38.61,42.50
07/03/2013,40.10,42.50
08/03/2013,39.76,42.38
11/03/2013,39.19,42.38
12/03/2013,39.03,42.38
13/03/2013,38.69,42.25
14/03/2013,39.02,42.12
15/03/2013,39.28,42.12
16/03/2013,39.24,42.12
18/03/2013,39.23,42.25
19/03/2013,39.45,42.25
20/03/2013,39.40,42.25
21/03/2013,39.58,42.25
22/03/2013,39.60,42.25
25/03/2013,39.93,42.29
26/03/2013,40.65,42.25
27/03/2013,40.74,42.25
28/03/2013,40.69,42.25
29/03/2013,40.65,42.25
01/04/2013,41.04,42.25
02/04/2013,40.66,42.25
03/04/2013,40.42,42.25
04/04/2013,40.39,42.31
05/04/2013,39.88,42.25
08/04/2013,39.80,42.13
09/04/2013,39.49,41.88
10/04/2013,39.57,41.50
11/04/2013,39.56,41.50
12/04/2013,38.62,41.25
15/04/2013,35.43,41.00
16/04/2013,35.15,40.75
17/04/2013,35.21,40.75
18/04/2013,35.29,40.25
19/04/2013,35.39,40.25
22/04/2013,35.12,40.12
23/04/2013,34.72,40.25
24/04/2013,34.20,40.62
25/04/2013,35.18,40.75
26/04/2013,35.10,40.50
29/04/2013,35.34,40.50
30/04/2013,35.52,40.63
01/05/2013,35.26,40.63
02/05/2013,35.51,40.63
03/05/2013,36.45,40.63
06/05/2013,36.41,40.75
07/05/2013,36.28,40.75
08/05/2013,37.60,40.75
09/05/2013,37.51,40.75
10/05/2013,37.03,40.75
13/05/2013,37.25,40.75
14/05/2013,36.70,40.75
15/05/2013,36.77,40.87
16/05/2013,37.19,40.87
17/05/2013,37.10,40.75
20/05/2013,37.13,40.75
21/05/2013,36.78,40.50
22/05/2013,36.56,40.38
23/05/2013,36.71,40.38
24/05/2013,36.97,40.50
27/05/2013,37.45,40.50
28/05/2013,37.04,40.50
29/05/2013,37.12,40.62
30/05/2013,37.02,40.50
31/05/2013,36.44,40.50
03/06/2013,36.72,40.13
04/06/2013,36.88,39.83
05/06/2013,37.15,39.83
06/06/2013,37.52,40.00
07/06/2013,37.86,39.75
10/06/2013,38.39,39.75
11/06/2013,38.32,39.75
12/06/2013,38.32,39.75
13/06/2013,37.10,39.88
14/06/2013,38.72,39.88
17/06/2013,38.22,39.88
18/06/2013,37.76,39.75
19/06/2013,36.85,39.75
20/06/2013,36.35,39.75
21/06/2013,35.87,39.61
22/06/2013,35.75,39.61
25/06/2013,35.89,39.61
26/06/2013,35.78,39.61
27/06/2013,35.57,39.61
28/06/2013,35.52,39.61
01/07/2013,35.63,39.61
02/07/2013,35.67,39.50
03/07/2013,36.17,39.50
04/07/2013,36.10,39.50
05/07/2013,36.17,39.50
08/07/2013,36.10,39.40
09/07/2013,36.46,39.40
10/07/2013,36.79,39.40
11/07/2013,37.43,39.25
12/07/2013,37.65,38.00
15/07/2013,37.75,37.85
16/07/2013,37.10,37.85
17/07/2013,37.17,37.25
18/07/2013,37.82,37.00
19/07/2013,37.82,36.50
22/07/2013,38.22,36.50
23/07/2013,37.65,36.00
24/07/2013,36.81,36.00
25/07/2013,37.16,36.10
26/07/2013,36.45,34.15
29/07/2013,35.95,34.50
30/07/2013,35.81,34.50
31/07/2013,35.70,35.00
01/08/2013,35.48,35.25
02/08/2013,35.31,35.50
05/08/2013,35.45,35.75
06/08/2013,35.73,35.75
07/08/2013,35.89,35.75
08/08/2013,36.03,35.75
09/08/2013,35.94,35.75
12/08/2013,36.01,35.75
13/08/2013,36.04,35.75
14/08/2013,35.92,35.50
15/08/2013,35.87,35.50
16/08/2013,35.02,35.00
19/08/2013,34.83,35.00
20/08/2013,35.20,35.00
21/08/2013,34.77,35.00
22/08/2013,35.05,35.00
23/08/2013,34.98,34.88
26/08/2013,35.03,34.88
27/08/2013,35.34,34.88
28/08/2013,35.19,34.38
29/08/2013,34.91,34.38
30/08/2013,35.06,34.12
02/09/2013,34.93,34.00
03/09/2013,35.07,34.00
04/09/2013,34.77,34.00
05/09/2013,34.94,34.00
06/09/2013,34.40,34.00
09/09/2013,34.62,34.00
10/09/2013,35.70,34.00
11/09/2013,35.68,34.00
12/09/2013,35.65,34.00
13/09/2013,35.34,34.12
16/09/2013,35.24,34.34
17/09/2013,35.12,34.65
18/09/2013,34.92,35.00
19/09/2013,35.50,35.25
20/09/2013,35.62,35.25
23/09/2013,35.79,35.25
24/09/2013,34.73,35.00
25/09/2013,34.87,35.00
26/09/2013,34.92,35.00
27/09/2013,36.21,35.12
30/09/2013,35.99,35.12
01/10/2013,35.52,35.25
02/10/2013,34.82,35.25
03/10/2013,34.32,35.12
04/10/2013,33.96,35.25
07/10/2013,34.39,35.25
08/10/2013,34.53,35.25
09/10/2013,34.75,35.25
10/10/2013,34.82,35.25
11/10/2013,35.33,35.25
14/10/2013,35.22,35.11
15/10/2013,34.66,35.25
16/10/2013,34.44,35.33
17/10/2013,34.41,35.25
18/10/2013,34.70,35.25
21/10/2013,35.64,35.25
22/10/2013,34.93,35.25
23/10/2013,34.35,35.12
24/10/2013,34.50,35.12
25/10/2013,34.28,34.85
28/10/2013,34.18,34.75
29/10/2013,34.12,34.50
30/10/2013,34.33,34.33
31/10/2013,34.76,34.25
01/11/2013,34.05,34.25
04/11/2013,34.48,34.50
05/11/2013,34.65,34.75
06/11/2013,34.79,34.80
07/11/2013,34.72,34.95
08/11/2013,35.22,35.25
11/11/2013,35.80,35.50
12/11/2013,35.80,35.75
13/11/2013,35.72,35.95
14/11/2013,36.60,36.00
15/11/2013,36.95,36.18
18/11/2013,37.47,36.18
19/11/2013,37.53,36.00
20/11/2013,37.60,36.00
21/11/2013,37.75,36.25
22/11/2013,37.35,36.50
25/11/2013,38.99,36.25
26/11/2013,39.36,36.25
27/11/2013,38.06,36.00
28/11/2013,38.56,36.12
29/11/2013,39.06,36.00
02/12/2013,38.71,36.00
03/12/2013,37.80,35.75
04/12/2013,38.57,35.50
05/12/2013,38.22,35.25
06/12/2013,38.55,34.50
09/12/2013,37.60,34.75
10/12/2013,38.08,34.75
11/12/2013,38.01,34.88
12/12/2013,37.24,34.75
13/12/2013,37.94,34.75
16/12/2013,38.50,34.65
17/12/2013,37.88,34.65
18/12/2013,37.81,34.75
19/12/2013,37.95,34.75
20/12/2013,38.72,34.75
23/12/2013,38.37,34.65
24/12/2013,38.32,34.65
25/12/2013,38.32,34.65
26/12/2013,38.40,34.50
27/12/2013,38.65,34.50
30/12/2013,39.56,34.50
31/12/2013,39.56,34.50
01/01/2014,39.56,34.50
02/01/2014,38.51,34.50
03/01/2014,38.44,34.50
06/01/2014,38.30,34.75
07/01/2014,37.84,34.75
08/01/2014,37.71,34.75
09/01/2014,36.99,35.10
10/01/2014,36.82,35.10
13/01/2014,37.30,35.15
14/01/2014,37.64,35.15
15/01/2014,39.14,35.15
16/01/2014,36.91,35.75
17/01/2014,36.97,36.13
20/01/2014,37.30,36.13
21/01/2014,38.95,35.75
22/01/2014,38.95,35.75
23/01/2014,38.03,35.75
24/01/2014,37.48,35.60
25/01/2014,37.32,35.60
28/01/2014,36.85,35.50
29/01/2014,37.00,35.50
30/01/2014,36.75,35.50
31/01/2014,37.00,35.60
03/02/2014,35.90,35.50
04/02/2014,36.50,35.50
05/02/2014,36.17,35.50
06/02/2014,36.10,35.62
07/02/2014,36.51,35.92
10/02/2014,36.37,35.75
11/02/2014,37.25,35.63
12/02/2014,37.51,35.63
13/02/2014,37.21,35.63
14/02/2014,37.26,35.63
17/02/2014,36.66,35.64
18/02/2014,36.53,35.63
19/02/2014,36.26,35.63
20/02/2014,36.20,35.60
21/02/2014,36.13,35.63
24/02/2014,36.20,35.50
25/02/2014,37.27,35.50
26/02/2014,38.13,35.50
27/02/2014,39.54,35.25
28/02/2014,39.47,35.25
03/03/2014,39.00,35.25
04/03/2014,39.00,35.25
05/03/2014,39.13,35.00
06/03/2014,38.66,35.00
07/03/2014,38.86,35.00
10/03/2014,38.53,35.13
11/03/2014,38.46,35.13
12/03/2014,39.66,35.13
13/03/2014,39.62,35.00
14/03/2014,39.33,34.88
17/03/2014,39.14,35.00
18/03/2014,38.07,35.00
19/03/2014,37.88,35.00
20/03/2014,37.35,35.00
21/03/2014,36.83,34.75
25/03/2014,36.85,34.75
26/03/2014,36.99,34.75
27/03/2014,36.29,34.60
28/03/2014,36.36,34.00
31/03/2014,36.69,34.25
01/04/2014,37.10,34.50
02/04/2014,37.30,34.50
03/04/2014,37.17,33.85
04/04/2014,37.37,33.75
07/04/2014,36.77,33.85
08/04/2014,36.31,33.50
09/04/2014,35.91,33.15
10/04/2014,35.44,33.25
11/04/2014,35.31,33.25
14/04/2014,35.11,33.00
15/04/2014,35.71,32.50
16/04/2014,35.51,32.33
17/04/2014,35.65,32.50
18/04/2014,35.62,32.50
21/04/2014,35.53,32.50
22/04/2014,35.46,32.25
23/04/2014,35.19,31.67
24/04/2014,35.19,31.50
25/04/2014,35.06,30.75
28/04/2014,33.55,30.75
29/04/2014,32.13,30.50
30/04/2014,31.43,30.00
01/05/2014,32.67,30.00
02/05/2014,33.00,29.00
05/05/2014,32.61,29.00
06/05/2014,31.38,29.00
07/05/2014,31.44,29.00
08/05/2014,31.31,29.00
09/05/2014,32.29,29.00
12/05/2014,31.77,29.00
13/05/2014,31.87,29.00
14/05/2014,32.19,28.50
15/05/2014,32.00,28.37
16/05/2014,32.06,28.25
19/05/2014,32.02,28.37
20/05/2014,31.56,28.00
21/05/2014,31.49,28.00
22/05/2014,31.69,28.00
23/05/2014,31.62,28.25
26/05/2014,32.70,28.25
27/05/2014,33.60,28.25
28/05/2014,33.58,28.25
29/05/2014,33.97,28.25
02/06/2014,34.24,28.25
03/06/2014,34.24,28.25
04/06/2014,33.97,28.25
05/06/2014,33.31,28.50
06/06/2014,33.56,28.50
09/06/2014,33.86,28.50
10/06/2014,33.59,28.50
11/06/2014,33.25,28.50
12/06/2014,33.21,28.50
13/06/2014,33.66,28.50
16/06/2014,33.91,28.35
17/06/2014,33.56,28.25
18/06/2014,33.29,28.25
19/06/2014,33.15,28.25
20/06/2014,32.95,28.25
23/06/2014,32.52,28.13
24/06/2014,32.47,28.25
25/06/2014,32.41,28.33
26/06/2014,32.82,28.33
27/06/2014,32.88,28.25
30/06/2014,33.08,28.25
01/07/2014,33.39,28.25
02/07/2014,33.39,28.25
03/07/2014,33.35,28.50
04/07/2014,33.21,28.50
07/07/2014,33.28,28.50
08/07/2014,32.87,28.50
09/07/2014,32.92,28.35
10/07/2014,33.05,28.25
11/07/2014,33.11,28.25
14/07/2014,33.75,28.37
15/07/2014,33.49,28.50
16/07/2014,33.31,28.50
17/07/2014,33.76,28.50
18/07/2014,33.49,28.50
21/07/2014,34.31,28.50
22/07/2014,34.24,28.50
23/07/2014,33.90,28.50
24/07/2014,34.04,28.50
25/07/2014,33.97,28.50
28/07/2014,34.47,28.64
29/07/2014,34.81,28.64
30/07/2014,34.11,28.64
31/07/2014,35.53,28.64
01/08/2014,35.08,28.88
04/08/2014,35.08,28.88
05/08/2014,35.01,28.88
06/08/2014,35.57,29.63
07/08/2014,35.63,29.50
08/08/2014,35.65,29.75
11/08/2014,35.91,30.25
12/08/2014,36.07,30.50
13/08/2014,36.11,30.88
14/08/2014,36.59,30.88
15/08/2014,35.63,30.88
18/08/2014,35.94,31.25
19/08/2014,35.64,31.33
20/08/2014,35.76,31.50
21/08/2014,35.84,31.63
22/08/2014,35.71,31.69
25/08/2014,35.89,31.38
26/08/2014,36.17,31.50
27/08/2014,36.06,32.50
28/08/2014,35.97,33.00
29/08/2014,35.86,32.63
01/09/2014,35.92,32.63
02/09/2014,36.06,32.50
03/09/2014,35.83,32.50
04/09/2014,36.15,32.89
08/09/2014,36.00,32.89
09/09/2014,35.84,32.89
10/09/2014,35.80,32.89
11/09/2014,36.12,33.00
12/09/2014,36.04,33.25
15/09/2014,36.05,33.25
16/09/2014,36.24,35.00
17/09/2014,36.30,35.75
18/09/2014,36.86,36.10
19/09/2014,37.48,36.75
22/09/2014,37.34,36.63
23/09/2014,37.72,36.63
24/09/2014,37.71,36.50
25/09/2014,35.84,35.50
26/09/2014,35.04,35.40
29/09/2014,35.42,35.50
30/09/2014,34.95,35.39
01/10/2014,34.66,35.50
02/10/2014,34.53,35.50
03/10/2014,34.18,35.50
06/10/2014,34.80,35.50
07/10/2014,35.16,35.83
08/10/2014,35.81,35.62
09/10/2014,35.10,35.50
10/10/2014,34.72,35.62
13/10/2014,34.72,35.62
14/10/2014,34.69,35.50
15/10/2014,34.43,35.62
16/10/2014,34.72,35.62
17/10/2014,34.57,35.75
20/10/2014,34.44,35.75
21/10/2014,35.22,35.75
22/10/2014,35.23,35.82
23/10/2014,34.03,36.00
24/10/2014,35.05,36.12
27/10/2014,34.52,36.50
28/10/2014,34.62,36.75
29/10/2014,35.03,37.00
30/10/2014,34.15,36.75
31/10/2014,34.17,36.25
03/11/2014,34.01,36.75
04/11/2014,33.90,37.00
05/11/2014,34.68,37.63
06/11/2014,34.58,38.25
07/11/2014,36.91,41.00
10/11/2014,38.10,41.75
11/11/2014,37.70,41.75
12/11/2014,37.59,42.25
13/11/2014,37.48,42.75
14/11/2014,38.27,43.50
17/11/2014,38.49,43.75
18/11/2014,38.45,43.16
19/11/2014,37.78,42.50
20/11/2014,37.90,41.75
21/11/2014,36.75,38.50
24/11/2014,35.98,40.00
25/11/2014,35.38,40.25
26/11/2014,35.14,39.50
27/11/2014,35.54,39.50
28/11/2014,35.25,39.12
01/12/2014,35.31,39.00
02/12/2014,34.20,38.50
03/12/2014,34.18,38.25
04/12/2014,33.91,38.13
05/12/2014,35.24,38.00
08/12/2014,34.49,37.75
09/12/2014,34.42,37.75
10/12/2014,34.47,37.50
11/12/2014,34.25,37.25
12/12/2014,33.99,37.38
15/12/2014,36.38,37.38
16/12/2014,36.25,37.25
17/12/2014,36.00,37.00
18/12/2014,35.83,36.83
19/12/2014,35.75,36.75
22/12/2014,35.75,36.75
23/12/2014,33.15,36.50
24/12/2014,32.86,36.00
25/12/2014,32.86,36.00
26/12/2014,32.86,36.00
29/12/2014,33.02,35.50
30/12/2014,33.27,35.38
31/12/2014,33.01,35.25
01/01/2015,33.01,35.25
02/01/2015,33.01,35.25
05/01/2015,32.91,35.12
06/01/2015,32.97,35.12
07/01/2015,33.51,35.25
08/01/2015,33.77,35.25
09/01/2015,32.97,35.25
12/01/2015,33.54,35.50
13/01/2015,33.80,35.65
14/01/2015,34.03,36.00
15/01/2015,34.03,36.50
16/01/2015,33.75,36.75
19/01/2015,33.82,36.50
20/01/2015,33.82,36.50
21/01/2015,33.29,36.75
22/01/2015,33.01,36.75
23/01/2015,32.77,36.75
26/01/2015,32.05,36.75
27/01/2015,32.06,37.00
28/01/2015,32.70,37.25
29/01/2015,33.26,37.50
30/01/2015,33.44,37.13
02/02/2015,32.87,37.25
03/02/2015,32.94,37.50
04/02/2015,33.40,37.75
05/02/2015,33.51,38.00
06/02/2015,33.37,38.15
09/02/2015,33.26,38.15
10/02/2015,33.21,38.25
11/02/2015,33.34,38.00
12/02/2015,33.52,37.75
13/02/2015,33.28,38.12
16/02/2015,33.28,38.25
17/02/2015,33.91,38.25
18/02/2015,33.55,38.37
19/02/2015,33.72,38.37
20/02/2015,33.98,38.37
23/02/2015,33.65,38.50
24/02/2015,34.10,38.63
25/02/2015,34.59,38.63
26/02/2015,33.80,38.63
27/02/2015,34.07,38.75
02/03/2015,34.24,39.25
03/03/2015,33.97,39.65
04/03/2015,34.12,39.50
05/03/2015,34.42,39.50
06/03/2015,34.12,39.42
09/03/2015,33.87,39.42
10/03/2015,33.14,39.50
11/03/2015,33.08,39.42
12/03/2015,33.16,39.42
13/03/2015,32.95,39.42
16/03/2015,33.13,39.42
17/03/2015,33.34,39.50
18/03/2015,33.52,40.25
19/03/2015,33.78,39.50
20/03/2015,33.89,39.25
23/03/2015,33.53,39.33
24/03/2015,34.08,39.33
25/03/2015,34.48,39.33
26/03/2015,33.72,39.33
27/03/2015,34.76,39.33
30/03/2015,34.03,39.33
31/03/2015,33.72,39.33
01/04/2015,33.98,39.25
02/04/2015,33.92,39.25
03/04/2015,34.02,39.25
06/04/2015,34.19,39.25
07/04/2015,34.25,39.25
08/04/2015,34.47,39.13
09/04/2015,34.17,39.25
10/04/2015,34.35,39.12
13/04/2015,34.13,39.00
14/04/2015,34.32,39.13
15/04/2015,34.44,39.00
16/04/2015,34.22,39.00
17/04/2015,34.22,38.88
20/04/2015,34.50,38.88
21/04/2015,33.92,38.88
22/04/2015,33.92,38.88
23/04/2015,34.50,38.88
24/04/2015,35.27,38.75
27/04/2015,35.27,38.38
28/04/2015,34.76,38.25
29/04/2015,34.96,37.25
30/04/2015,35.30,36.25
01/05/2015,34.87,35.50
04/05/2015,34.96,36.00
05/05/2015,34.49,36.13
06/05/2015,34.46,36.25
07/05/2015,33.46,36.50
08/05/2015,34.02,36.25
11/05/2015,33.50,36.12
12/05/2015,33.39,36.00
13/05/2015,33.70,36.00
14/05/2015,34.99,36.00
15/05/2015,34.96,35.75
18/05/2015,34.80,35.75
19/05/2015,34.74,35.50
20/05/2015,34.03,35.13
21/05/2015,33.49,35.13
22/05/2015,33.55,35.25
26/05/2015,33.17,35.25
27/05/2015,33.17,35.25
28/05/2015,32.96,35.25
29/05/2015,32.76,35.00
01/06/2015,32.68,34.88
02/06/2015,32.84,35.25
03/06/2015,32.32,35.50
04/06/2015,32.90,35.75
05/06/2015,32.68,35.75
08/06/2015,32.41,35.75
09/06/2015,32.45,35.75
10/06/2015,32.98,35.75
11/06/2015,32.67,35.88
12/06/2015,33.36,36.25
15/06/2015,32.70,36.50
16/06/2015,32.96,36.50
17/06/2015,32.72,36.50
18/06/2015,32.79,36.50
19/06/2015,33.24,36.75
22/06/2015,32.77,36.75
23/06/2015,33.06,36.75
24/06/2015,32.70,36.75
25/06/2015,32.50,36.75
26/06/2015,32.74,36.75
29/06/2015,32.39,36.75
30/06/2015,32.23,35.63
01/07/2015,32.07,36.13
02/07/2015,32.55,36.13
06/07/2015,31.96,36.13
07/07/2015,31.96,36.38
08/07/2015,32.29,36.38
09/07/2015,32.03,36.38
10/07/2015,32.90,36.25
13/07/2015,32.53,36.25
14/07/2015,31.67,36.25
15/07/2015,31.97,36.25
16/07/2015,31.61,36.25
17/07/2015,31.27,36.25
20/07/2015,31.10,36.13
21/07/2015,31.06,36.13
22/07/2015,31.13,36.13
23/07/2015,31.48,36.13
27/07/2015,30.83,36.13
28/07/2015,29.92,36.13
29/07/2015,29.04,36.00
30/07/2015,29.49,36.00
31/07/2015,29.39,36.00
02/08/2015,29.30,35.13
03/08/2015,29.15,35.25
04/08/2015,29.04,36.25
05/08/2015,29.38,36.33
06/08/2015,28.76,36.38
07/08/2015,29.16,36.38
10/08/2015,29.04,36.25
11/08/2015,30.09,36.25
12/08/2015,30.39,36.38
13/08/2015,30.53,36.50
14/08/2015,30.40,36.50
17/08/2015,31.01,36.50
18/08/2015,30.82,36.50
19/08/2015,30.98,36.50
20/08/2015,30.59,36.50
21/08/2015,30.41,36.50
24/08/2015,29.49,36.63
25/08/2015,28.76,36.75
26/08/2015,29.41,36.75
27/08/2015,29.52,36.75
28/08/2015,29.59,36.75
31/08/2015,29.39,36.75
01/09/2015,30.14,36.75
02/09/2015,29.57,36.91
03/09/2015,30.01,36.91
04/09/2015,29.87,37.13
07/09/2015,29.29,37.13
08/09/2015,29.18,37.13
09/09/2015,29.66,37.13
10/09/2015,29.71,37.13
11/09/2015,29.73,37.13
14/09/2015,29.56,37.13
15/09/2015,29.65,37.25
16/09/2015,29.69,37.25
17/09/2015,29.89,37.25
18/09/2015,30.11,37.25
21/09/2015,29.71,37.38
22/09/2015,29.77,37.38
23/09/2015,29.60,37.38
24/09/2015,29.51,37.38
25/09/2015,29.29,37.13
28/09/2015,28.65,37.00
29/09/2015,28.25,36.50
30/09/2015,28.11,36.63
01/10/2015,28.52,36.63
02/10/2015,28.86,36.50
05/10/2015,28.85,36.88
06/10/2015,29.43,37.00
07/10/2015,29.52,37.00
08/10/2015,30.99,37.25
09/10/2015,30.51,37.38
12/10/2015,31.09,38.25
13/10/2015,30.82,37.88
14/10/2015,30.99,37.88
15/10/2015,31.09,37.88
16/10/2015,30.80,37.88
19/10/2015,30.67,37.75
20/10/2015,31.02,37.63
21/10/2015,30.87,37.50
22/10/2015,30.77,37.38
23/10/2015,30.88,37.00
26/10/2015,30.79,36.50
27/10/2015,30.62,36.38
28/10/2015,30.25,36.13
29/10/2015,29.92,36.00
30/10/2015,30.01,35.38
02/11/2015,29.82,35.75
03/11/2015,29.88,35.88
04/11/2015,30.24,36.00
05/11/2015,30.13,36.00
06/11/2015,30.00,36.00
09/11/2015,29.84,36.00
10/11/2015,29.20,36.00
11/11/2015,29.12,36.00
12/11/2015,29.06,36.00
13/11/2015,29.24,36.00
16/11/2015,29.30,36.00
17/11/2015,29.25,36.00
18/11/2015,29.41,36.00
19/11/2015,29.75,36.05
20/11/2015,29.71,36.05
23/11/2015,29.36,36.05
24/11/2015,29.58,36.05
25/11/2015,29.81,36.05
26/11/2015,29.66,36.00
27/11/2015,29.74,36.00
30/11/2015,29.72,36.00
01/12/2015,31.18,36.00
02/12/2015,31.02,36.00
03/12/2015,30.30,36.00
04/12/2015,30.58,36.00
07/12/2015,30.36,36.00
08/12/2015,30.52,36.00
09/12/2015,30.06,36.00
10/12/2015,30.28,36.00
11/12/2015,29.89,36.00
14/12/2015,29.25,36.00
15/12/2015,29.73,35.75
16/12/2015,28.56,35.50
17/12/2015,28.56,35.25
18/12/2015,28.57,35.25
21/12/2015,28.50,33.88
22/12/2015,28.21,33.75
23/12/2015,28.00,34.00
24/12/2015,27.90,34.00
25/12/2015,27.90,34.00
26/12/2015,27.90,34.00
27/12/2015,27.90,34.00
28/12/2015,27.90,34.00
29/12/2015,27.98,34.25
30/12/2015,28.28,34.25
31/12/2015,28.28,34.25
01/01/2016,28.21,34.25
04/01/2016,28.49,34.33
05/01/2016,28.25,34.50
06/01/2016,28.19,34.50
07/01/2016,28.07,34.50
08/01/2016,28.01,34.50
11/01/2016,27.85,34.50
12/01/2016,27.53,34.50
13/01/2016,27.30,34.75
14/01/2016,26.93,34.88
15/01/2016,26.55,35.00
18/01/2016,26.49,34.88
19/01/2016,26.30,34.88
20/01/2016,26.46,34.88
21/01/2016,26.35,34.88
22/01/2016,27.04,34.75
25/01/2016,26.91,34.75
26/01/2016,26.90,34.88
27/01/2016,27.43,34.75
28/01/2016,27.60,34.75
29/01/2016,27.55,34.75
01/02/2016,27.56,34.75
02/02/2016,27.73,34.63
03/02/2016,27.67,34.63
04/02/2016,28.08,34.38
05/02/2016,28.01,34.38
08/02/2016,27.65,34.00
09/02/2016,27.60,34.13
10/02/2016,27.34,34.13
11/02/2016,26.91,34.13
12/02/2016,27.16,34.00
15/02/2016,27.29,33.88
16/02/2016,27.35,33.88
17/02/2016,27.38,33.88
18/02/2016,27.87,33.88
19/02/2016,27.91,33.63
22/02/2016,27.88,33.50
23/02/2016,28.09,33.38
24/02/2016,27.90,33.38
25/02/2016,27.95,33.38
26/02/2016,28.22,32.75
29/02/2016,27.78,32.25
01/03/2016,28.09,32.12
02/03/2016,27.90,32.12
03/03/2016,27.49,32.00
04/03/2016,27.58,31.50
07/03/2016,27.61,31.25
08/03/2016,27.74,31.00
09/03/2016,27.50,30.50
10/03/2016,27.48,29.25
11/03/2016,27.30,28.50
14/03/2016,27.32,28.75
15/03/2016,26.54,28.88
16/03/2016,25.98,29.13
17/03/2016,26.94,29.00
18/03/2016,27.51,29.63
21/03/2016,27.82,29.75
22/03/2016,27.19,29.75
23/03/2016,27.02,29.50
24/03/2016,26.56,29.38
25/03/2016,26.43,29.38
28/03/2016,26.40,29.38
29/03/2016,26.35,29.38
30/03/2016,26.63,28.88
31/03/2016,26.89,28.33
01/04/2016,26.50,28.13
04/04/2016,26.59,27.50
05/04/2016,26.41,28.25
06/04/2016,26.22,28.25
07/04/2016,26.59,28.38
08/04/2016,26.36,28.63
11/04/2016,26.82,28.50
12/04/2016,26.84,28.50
13/04/2016,26.93,28.25
14/04/2016,27.07,28.25
15/04/2016,27.05,27.00
18/04/2016,26.99,25.88
19/04/2016,27.27,27.00
20/04/2016,27.90,27.50
21/04/2016,27.17,27.00
22/04/2016,27.19,27.00
25/04/2016,27.23,27.50
26/04/2016,27.52,27.63
27/04/2016,28.06,27.50
28/04/2016,27.84,27.50
29/04/2016,27.95,27.63
02/05/2016,28.12,27.63
03/05/2016,27.10,27.63
04/05/2016,26.69,27.50
05/05/2016,26.67,27.63
06/05/2016,25.97,27.63
09/05/2016,26.32,27.63
10/05/2016,26.12,27.63
11/05/2016,25.63,27.75
12/05/2016,25.71,27.75
13/05/2016,25.76,27.88
16/05/2016,25.64,27.88
17/05/2016,25.85,28.63
18/05/2016,25.75,28.75
19/05/2016,25.21,28.75
20/05/2016,25.02,28.75
23/05/2016,25.07,28.50
24/05/2016,25.06,28.25
25/05/2016,24.94,28.13
26/05/2016,24.93,27.63
27/05/2016,24.90,27.25
30/05/2016,24.91,27.25
31/05/2016,24.87,27.35
01/06/2016,24.80,27.35
02/06/2016,24.92,27.38
03/06/2016,24.99,28.00
06/06/2016,24.94,28.30
07/06/2016,25.55,28.38
08/06/2016,25.54,28.38
09/06/2016,25.25,28.38
10/06/2016,25.32,28.38
13/06/2016,24.93,28.38
14/06/2016,24.46,28.00
15/06/2016,24.45,28.00
16/06/2016,24.26,27.50
17/06/2016,24.25,27.25
20/06/2016,24.43,25.88
21/06/2016,24.53,26.13
22/06/2016,24.24,26.38
23/06/2016,24.17,26.38
24/06/2016,23.15,26.38
27/06/2016,23.22,27.00
28/06/2016,23.36,27.00
29/06/2016,23.46,26.50
30/06/2016,23.69,26.25
01/07/2016,23.61,26.50
04/07/2016,23.64,26.50
05/07/2016,23.59,26.50
06/07/2016,23.32,26.50
07/07/2016,23.41,26.50
08/07/2016,23.37,26.50
11/07/2016,23.16,26.50
12/07/2016,23.32,26.50
13/07/2016,23.50,26.25
14/07/2016,24.08,26.03
15/07/2016,24.32,25.98
18/07/2016,25.08,25.10
19/07/2016,24.40,25.50
20/07/2016,24.50,25.60
21/07/2016,23.82,25.60
22/07/2016,23.67,25.60
25/07/2016,23.61,25.25
26/07/2016,23.82,25.00
27/07/2016,23.54,25.88
28/07/2016,23.27,25.88
29/07/2016,23.18,26.75
01/08/2016,23.55,26.25
02/08/2016,23.30,26.63
03/08/2016,23.25,26.75
04/08/2016,23.35,26.75
05/08/2016,23.49,26.50
08/08/2016,23.70,26.13
09/08/2016,23.16,26.13
10/08/2016,23.38,25.75
11/08/2016,23.40,25.75
12/08/2016,23.62,26.00
15/08/2016,23.58,26.00
16/08/2016,23.75,26.00
17/08/2016,23.60,26.00
18/08/2016,23.67,26.13
19/08/2016,23.87,26.13
22/08/2016,23.60,26.00
23/08/2016,23.58,26.00
24/08/2016,23.58,25.88
25/08/2016,23.64,26.00
26/08/2016,23.53,26.00
29/08/2016,23.35,26.00
30/08/2016,23.32,25.25
31/08/2016,22.85,25.12
01/09/2016,22.95,25.12
02/09/2016,23.34,25.50
05/09/2016,23.35,25.50
06/09/2016,23.31,25.75
07/09/2016,23.37,25.75
08/09/2016,23.42,25.63
09/09/2016,23.51,25.63
12/09/2016,23.22,25.50
13/09/2016,23.21,25.50
14/09/2016,23.04,25.38
15/09/2016,22.72,25.38
16/09/2016,22.70,24.75
19/09/2016,23.00,24.75
20/09/2016,23.05,24.75
21/09/2016,23.18,24.75
22/09/2016,23.33,24.75
23/09/2016,23.36,24.50
26/09/2016,23.19,23.25
27/09/2016,23.00,23.50
28/09/2016,22.82,23.37
29/09/2016,22.97,23.00
30/09/2016,22.95,22.38
03/10/2016,22.91,22.50
04/10/2016,21.80,22.50
05/10/2016,21.41,22.75
06/10/2016,21.40,22.75
07/10/2016,21.78,22.75
10/10/2016,22.75,22.75
11/10/2016,22.43,22.50
12/10/2016,22.59,22.50
13/10/2016,22.81,22.25
14/10/2016,22.80,21.75
17/10/2016,22.87,21.50
18/10/2016,22.76,21.75
19/10/2016,22.65,20.88
20/10/2016,21.82,20.75
21/10/2016,21.63,20.50
24/10/2016,21.39,20.00
25/10/2016,21.00,20.00
26/10/2016,21.11,19.75
27/10/2016,21.02,19.75
28/10/2016,20.81,19.75
31/10/2016,20.78,18.75
01/11/2016,20.83,18.87
02/11/2016,21.05,18.87
03/11/2016,20.88,18.87
04/11/2016,20.80,18.75
07/11/2016,20.86,18.75
08/11/2016,20.89,18.75
09/11/2016,20.86,18.50
10/11/2016,20.83,18.63
14/11/2016,20.63,18.50
15/11/2016,20.82,18.63
16/11/2016,20.53,18.75
17/11/2016,20.57,18.50
18/11/2016,20.55,18.50
21/11/2016,20.41,18.50
22/11/2016,19.95,18.50
23/11/2016,19.71,18.50
24/11/2016,19.98,18.50
25/11/2016,20.51,18.50
28/11/2016,20.44,18.07
29/11/2016,20.61,18.12
30/11/2016,20.61,17.80
01/12/2016,20.08,17.80
02/12/2016,20.39,17.93
05/12/2016,20.43,18.03
06/12/2016,20.61,18.00
07/12/2016,20.98,18.00
08/12/2016,21.25,18.00
09/12/2016,21.49,18.25
12/12/2016,22.26,18.50
13/12/2016,22.16,20.75
14/12/2016,22.29,21.50
15/12/2016,21.97,20.50
16/12/2016,21.84,20.50
19/12/2016,21.77,20.50
20/12/2016,21.56,20.38
21/12/2016,21.65,20.38
22/12/2016,21.39,20.38
23/12/2016,21.46,20.50
26/12/2016,21.39,20.50
27/12/2016,21.42,20.50
28/12/2016,21.41,20.50
29/12/2016,21.40,20.50
30/12/2016,21.47,20.50
03/01/2017,21.52,20.50
04/01/2017,21.91,20.63
05/01/2017,22.13,21.63
06/01/2017,22.76,21.75
09/01/2017,22.79,22.16
10/01/2017,22.76,22.13
11/01/2017,24.13,24.00
12/01/2017,24.97,22.75
13/01/2017,24.97,22.75
16/01/2017,24.61,22.13
17/01/2017,24.06,22.25
18/01/2017,23.37,22.50
19/01/2017,23.94,22.75
20/01/2017,23.98,22.82
23/01/2017,23.88,22.88
24/01/2017,24.74,22.88
25/01/2017,25.31,23.00
26/01/2017,25.83,23.25
27/01/2017,24.89,23.75
30/01/2017,24.97,24.13
31/01/2017,24.37,24.38
01/02/2017,24.60,24.50
02/02/2017,25.10,25.00
03/02/2017,25.74,25.13
06/02/2017,25.97,25.50
07/02/2017,26.23,26.13
08/02/2017,25.66,26.50
09/02/2017,25.87,26.63
10/02/2017,26.54,26.50
13/02/2017,26.23,26.63
14/02/2017,26.44,25.83
15/02/2017,27.06,25.63
16/02/2017,26.75,25.25
17/02/2017,26.09,25.00
20/02/2017,25.95,24.38
21/02/2017,25.89,24.38
22/02/2017,25.63,24.38
23/02/2017,25.58,24.00
24/02/2017,24.98,22.50
27/02/2017,25.36,22.38
28/02/2017,25.29,24.50
01/03/2017,24.88,24.50
02/03/2017,24.41,24.50
03/03/2017,23.99,24.50
06/03/2017,23.89,25.63
07/03/2017,23.78,25.75
08/03/2017,23.59,26.13
09/03/2017,24.20,25.63
10/03/2017,24.66,25.63
13/03/2017,24.72,24.50
14/03/2017,24.08,24.50
15/03/2017,23.90,25.00
16/03/2017,24.44,25.25
17/03/2017,23.71,25.38
20/03/2017,23.92,25.38
21/03/2017,23.60,25.38
22/03/2017,23.60,25.25
23/03/2017,23.76,25.00
24/03/2017,23.55,24.25
27/03/2017,23.60,24.63
28/03/2017,23.25,24.50
29/03/2017,23.73,24.50
30/03/2017,23.76,24.25
31/03/2017,23.47,23.50
03/04/2017,23.31,23.50
04/04/2017,23.21,23.25
05/04/2017,23.29,23.12
06/04/2017,23.16,23.50
07/04/2017,23.21,23.38
10/04/2017,23.17,23.50
11/04/2017,24.21,23.50
12/04/2017,24.04,23.50
13/04/2017,23.60,23.50
14/04/2017,24.11,23.50
17/04/2017,24.25,23.50
18/04/2017,23.67,23.50
19/04/2017,23.90,23.25
20/04/2017,24.08,23.00
21/04/2017,23.84,23.00
24/04/2017,23.79,23.00
25/04/2017,23.32,22.75
26/04/2017,23.27,22.75
27/04/2017,22.56,22.63
28/04/2017,22.62,22.63
01/05/2017,23.20,22.63
02/05/2017,23.02,22.63
03/05/2017,23.53,22.50
04/05/2017,23.30,22.50
05/05/2017,22.73,22.38
08/05/2017,22.54,22.50
09/05/2017,22.73,22.50
10/05/2017,22.55,22.50
11/05/2017,22.55,22.50
12/05/2017,22.55,22.63
15/05/2017,22.67,21.50
16/05/2017,22.10,21.50
17/05/2017,22.27,21.50
18/05/2017,22.15,21.50
19/05/2017,22.29,21.75
22/05/2017,22.41,21.75
23/05/2017,22.35,21.75
24/05/2017,22.29,20.75
25/05/2017,22.08,20.00
26/05/2017,22.68,19.25
29/05/2017,22.61,19.25
30/05/2017,22.54,19.75
31/05/2017,21.80,19.75
01/06/2017,21.14,19.75
02/06/2017,21.06,19.50
05/06/2017,21.43,19.75
06/06/2017,21.38,19.25
07/06/2017,21.42,19.66
08/06/2017,21.65,19.63
09/06/2017,21.55,19.80
12/06/2017,21.85,19.88
13/06/2017,22.27,19.88
14/06/2017,22.27,20.00
15/06/2017,22.59,20.18
16/06/2017,22.50,20.00
19/06/2017,22.49,20.00
20/06/2017,22.29,20.00
21/06/2017,22.12,20.00
22/06/2017,22.47,20.13
23/06/2017,22.59,20.25
26/06/2017,22.72,20.10
27/06/2017,23.16,20.33
28/06/2017,23.39,20.50
29/06/2017,23.27,20.50
30/06/2017,22.85,20.05
03/07/2017,23.14,20.38
04/07/2017,22.67,20.38
05/07/2017,22.75,20.38
06/07/2017,22.60,20.38
07/07/2017,22.12,20.50
10/07/2017,21.95,20.25
11/07/2017,21.80,20.50
12/07/2017,22.14,20.63
13/07/2017,22.68,20.63
14/07/2017,22.40,20.75
17/07/2017,22.70,20.00
18/07/2017,23.08,20.25
19/07/2017,23.11,20.13
20/07/2017,23.27,20.25
21/07/2017,23.69,20.55
24/07/2017,23.67,20.38
25/07/2017,23.49,20.50
26/07/2017,23.43,20.50
27/07/2017,23.23,20.50
28/07/2017,23.57,20.50
31/07/2017,23.49,20.50
01/08/2017,23.36,20.03
02/08/2017,23.25,20.13
03/08/2017,22.72,20.13
04/08/2017,22.37,20.38
07/08/2017,22.32,20.38
08/08/2017,22.17,20.50
09/08/2017,22.24,20.75
10/08/2017,21.92,20.75
11/08/2017,21.72,20.75
14/08/2017,21.90,20.75
15/08/2017,22.14,20.75
16/08/2017,22.25,20.75
17/08/2017,22.15,21.00
18/08/2017,21.96,21.00
21/08/2017,22.35,20.50
22/08/2017,22.53,20.50
23/08/2017,22.26,20.50
24/08/2017,22.44,20.50
25/08/2017,23.24,20.25
29/08/2017,23.17,20.25
30/08/2017,22.83,20.15
31/08/2017,23.22,19.93
01/09/2017,23.23,20.13
04/09/2017,23.20,20.25
05/09/2017,22.94,20.25
06/09/2017,23.18,20.50
07/09/2017,23.42,20.75
11/09/2017,22.81,20.75
12/09/2017,23.37,20.75
13/09/2017,23.04,20.58
14/09/2017,23.38,20.58
15/09/2017,23.32,20.63
18/09/2017,23.00,20.58
19/09/2017,23.05,20.33
20/09/2017,23.02,20.07
21/09/2017,22.76,20.07
22/09/2017,23.53,19.85
25/09/2017,22.14,20.10
26/09/2017,22.05,20.38
27/09/2017,21.79,20.65
28/09/2017,22.12,20.65
29/09/2017,21.98,20.20
02/10/2017,22.90,20.37
03/10/2017,22.45,20.45
04/10/2017,22.46,20.45
05/10/2017,22.25,20.45
06/10/2017,22.62,20.45
09/10/2017,22.58,20.30
10/10/2017,22.53,20.28
11/10/2017,22.27,20.30
12/10/2017,22.29,20.56
13/10/2017,22.31,20.45
16/10/2017,21.95,20.35
17/10/2017,22.06,20.35
18/10/2017,22.12,20.38
19/10/2017,21.72,20.38
20/10/2017,21.59,20.30
23/10/2017,21.61,20.15
24/10/2017,21.75,20.15
25/10/2017,21.48,20.20
26/10/2017,21.27,20.25
27/10/2017,21.82,20.25
30/10/2017,21.31,19.90
31/10/2017,21.13,19.95
01/11/2017,22.07,20.08
02/11/2017,22.07,20.20
03/11/2017,22.51,20.25
06/11/2017,22.75,20.25
07/11/2017,22.80,20.30
08/11/2017,22.76,20.60
09/11/2017,24.93,22.75
10/11/2017,24.95,23.00
13/11/2017,24.00,23.13
14/11/2017,24.55,23.25
15/11/2017,24.23,23.88
16/11/2017,24.91,24.38
17/11/2017,26.16,24.88
20/11/2017,25.97,25.33
21/11/2017,27.62,26.81
22/11/2017,27.93,24.75
23/11/2017,27.29,24.75
24/11/2017,27.43,23.88
27/11/2017,26.20,21.75
28/11/2017,24.99,23.44
29/11/2017,25.54,23.88
30/11/2017,25.48,23.75
01/12/2017,25.78,23.25
04/12/2017,27.69,26.33
05/12/2017,28.18,25.63
06/12/2017,27.51,25.25
07/12/2017,27.61,24.88
08/12/2017,27.56,24.88
11/12/2017,27.79,24.88
12/12/2017,28.00,24.88
13/12/2017,28.09,25.00
14/12/2017,28.10,24.50
15/12/2017,28.21,24.25
18/12/2017,27.96,24.25
19/12/2017,28.24,24.25
20/12/2017,27.85,24.00
21/12/2017,27.48,24.00
22/12/2017,25.88,23.75
26/12/2017,25.95,23.75
27/12/2017,25.47,23.75
28/12/2017,26.32,23.75
29/12/2017,26.38,23.88
02/01/2018,27.46,23.98
03/01/2018,27.44,24.00
04/01/2018,27.50,24.00
05/01/2018,27.78,24.00
08/01/2018,27.72,24.00
09/01/2018,26.73,24.00
10/01/2018,26.72,23.75
11/01/2018,26.62,23.75
12/01/2018,25.94,23.75
15/01/2018,26.38,23.75
16/01/2018,26.39,23.75
17/01/2018,26.10,23.75
18/01/2018,26.20,23.14
19/01/2018,26.44,23.14
22/01/2018,26.24,23.14
23/01/2018,26.18,23.14
24/01/2018,25.93,23.14
25/01/2018,25.70,23.14
26/01/2018,25.97,23.00
29/01/2018,25.35,21.50
30/01/2018,24.62,22.25
31/01/2018,24.60,21.75
01/02/2018,24.70,22.13
02/02/2018,24.20,22.50
05/02/2018,24.00,22.50
06/02/2018,23.92,22.25
07/02/2018,23.87,22.00
08/02/2018,23.93,21.50
09/02/2018,24.07,21.50
12/02/2018,23.92,21.50
13/02/2018,24.32,21.50
14/02/2018,24.31,21.63
19/02/2018,24.61,21.86
20/02/2018,24.79,21.86
21/02/2018,24.91,22.00
22/02/2018,25.03,22.00
23/02/2018,24.68,21.88
26/02/2018,24.46,21.50
27/02/2018,24.33,21.75
28/02/2018,24.20,21.50
01/03/2018,24.03,21.75
02/03/2018,24.44,22.25
05/03/2018,24.14,22.25
06/03/2018,24.26,22.25
07/03/2018,24.16,22.25
08/03/2018,24.19,21.81
09/03/2018,24.22,21.75
12/03/2018,24.24,21.75
13/03/2018,24.06,21.88
14/03/2018,23.97,22.00
15/03/2018,23.67,22.00
16/03/2018,23.10,21.50
19/03/2018,23.06,21.50
20/03/2018,23.10,22.00
21/03/2018,23.53,22.25
22/03/2018,23.16,22.25
23/03/2018,23.22,21.75
26/03/2018,23.62,21.15
27/03/2018,23.34,21.13
28/03/2018,22.98,21.13
29/03/2018,23.27,21.00
30/03/2018,22.84,20.85
02/04/2018,22.78,21.00
03/04/2018,23.22,21.00
04/04/2018,22.84,21.13
05/04/2018,23.41,21.00
06/04/2018,23.13,20.25
07/04/2018,23.74,20.25
09/04/2018,23.74,21.00
10/04/2018,23.74,20.83
11/04/2018,23.90,20.63
12/04/2018,23.74,20.63
13/04/2018,23.55,20.38
16/04/2018,23.68,20.38
17/04/2018,24.31,20.50
18/04/2018,24.23,20.38
19/04/2018,23.79,20.50
20/04/2018,23.64,20.75
23/04/2018,23.69,20.88
24/04/2018,22.97,20.88
25/04/2018,23.08,21.00
26/04/2018,23.04,21.13
27/04/2018,23.34,20.75
30/04/2018,23.43,20.75
01/05/2018,23.92,21.00
02/05/2018,24.33,21.13
03/05/2018,24.03,21.13
04/05/2018,23.68,21.40
07/05/2018,23.43,21.75
08/05/2018,23.39,21.75
09/05/2018,23.44,21.75
10/05/2018,23.60,21.75
11/05/2018,23.48,21.66
14/05/2018,23.78,21.70
15/05/2018,23.41,21.75
16/05/2018,24.06,21.83
17/05/2018,25.00,22.35
18/05/2018,25.58,22.35
19/05/2018,25.69,22.63
20/05/2018,24.54,22.55
21/05/2018,24.76,22.88
22/05/2018,24.65,22.83
23/05/2018,24.64,22.88
24/05/2018,24.55,22.75
25/05/2018,24.56,22.88
30/05/2018,24.93,22.88
31/05/2018,24.65,22.68
01/06/2018,24.72,22.65
04/06/2018,25.02,22.85
05/06/2018,25.87,23.21
06/06/2018,26.75,23.55
07/06/2018,26.80,23.65
08/06/2018,26.88,23.65
11/06/2018,26.49,23.63
12/06/2018,25.28,23.63
13/06/2018,25.08,23.50
14/06/2018,24.75,23.44
15/06/2018,24.50,23.25
18/06/2018,24.43,23.13
19/06/2018,23.97,23.00
20/06/2018,24.21,22.95
21/06/2018,24.08,22.90
22/06/2018,24.26,22.75
25/06/2018,24.13,22.50
26/06/2018,23.77,22.55
27/06/2018,24.25,22.63
28/06/2018,23.83,22.63
29/06/2018,24.08,22.63
02/07/2018,24.06,22.72
03/07/2018,24.21,22.95
04/07/2018,24.61,23.00
05/07/2018,24.80,23.00
06/07/2018,24.77,22.88
09/07/2018,24.85,22.88
10/07/2018,24.97,23.00
11/07/2018,24.74,23.12
12/07/2018,25.02,23.12
13/07/2018,25.30,23.12
16/07/2018,25.19,23.25
17/07/2018,24.43,23.25
18/07/2018,24.72,23.50
19/07/2018,24.43,23.68
20/07/2018,24.47,23.75
23/07/2018,24.33,23.75
24/07/2018,24.18,24.00
25/07/2018,24.39,24.25
26/07/2018,26.42,25.63
27/07/2018,27.13,25.70
30/07/2018,26.82,25.70
31/07/2018,26.71,25.70
01/08/2018,26.76,25.82
02/08/2018,26.49,25.80
03/08/2018,27.04,25.85
06/08/2018,26.90,25.85
07/08/2018,27.39,26.00
08/08/2018,27.52,26.10
09/08/2018,27.34,26.10
10/08/2018,26.79,26.00
13/08/2018,26.75,26.00
14/08/2018,27.13,26.05
15/08/2018,26.87,26.25
16/08/2018,27.08,26.30
17/08/2018,27.74,26.25
20/08/2018,28.21,26.13
21/08/2018,27.79,26.13
22/08/2018,27.57,26.13
23/08/2018,28.00,26.38
24/08/2018,28.11,26.30
27/08/2018,27.86,26.30
28/08/2018,28.05,26.24
29/08/2018,28.90,26.45
30/08/2018,28.37,26.40
31/08/2018,28.19,26.40
03/09/2018,28.24,26.46
04/09/2018,27.55,26.48
05/09/2018,27.29,26.58
06/09/2018,26.29,26.58
07/09/2018,27.27,26.58
10/09/2018,27.34,26.90
11/09/2018,27.74,27.00
12/09/2018,27.71,27.00
13/09/2018,28.03,27.20
14/09/2018,27.98,27.30
17/09/2018,28.40,27.40
18/09/2018,28.73,27.50
19/09/2018,28.54,27.25
20/09/2018,28.04,27.53
21/09/2018,28.19,27.50
24/09/2018,28.57,27.38
25/09/2018,28.11,27.50
26/09/2018,28.39,27.50
27/09/2018,28.16,27.38
28/09/2018,27.79,27.38
01/10/2018,28.30,27.50
02/10/2018,27.85,27.50
03/10/2018,27.63,27.50
04/10/2018,27.67,27.63
05/10/2018,28.18,27.50
08/10/2018,27.93,27.43
09/10/2018,28.45,27.50
10/10/2018,28.08,27.55
11/10/2018,28.16,27.50
12/10/2018,28.70,27.45
15/10/2018,29.13,27.55
16/10/2018,29.44,27.45
17/10/2018,28.90,27.63
18/10/2018,28.46,27.75
19/10/2018,27.95,27.63
22/10/2018,28.24,27.83
23/10/2018,27.10,27.75
24/10/2018,27.11,27.75
25/10/2018,26.95,27.80
26/10/2018,26.53,27.75
29/10/2018,26.88,27.88
30/10/2018,26.94,27.88
31/10/2018,26.73,28.00
01/11/2018,27.52,28.05
02/11/2018,27.86,28.80
05/11/2018,28.43,28.80
06/11/2018,29.69,28.80
07/11/2018,29.60,28.80
08/11/2018,29.11,29.00
09/11/2018,29.21,29.05
12/11/2018,29.02,29.13
13/11/2018,28.19,29.08
14/11/2018,27.87,29.13
15/11/2018,27.85,29.13
16/11/2018,28.88,29.18
19/11/2018,29.41,29.18
20/11/2018,29.36,29.15
21/11/2018,28.65,29.10
22/11/2018,29.41,29.00
23/11/2018,29.31,29.00
26/11/2018,28.64,29.00
27/11/2018,28.07,29.07
28/11/2018,28.32,28.88
29/11/2018,27.60,28.88
30/11/2018,28.19,28.88
03/12/2018,28.20,29.00
04/12/2018,28.49,29.00
05/12/2018,27.84,28.88
06/12/2018,27.33,29.00
07/12/2018,27.63,29.00
10/12/2018,27.13,29.00
11/12/2018,26.99,28.95
12/12/2018,26.80,28.95
13/12/2018,26.74,28.95
14/12/2018,27.20,28.95
17/12/2018,26.72,28.75
18/12/2018,26.08,28.50
19/12/2018,25.59,28.55
20/12/2018,25.27,28.50
21/12/2018,24.99,28.50
24/12/2018,24.87,28.50
25/12/2018,24.45,28.50
26/12/2018,24.49,28.50
27/12/2018,24.51,28.50
28/12/2018,24.60,28.50
31/12/2018,25.18,28.80
01/01/2019,25.49,28.82
02/01/2019,25.57,28.75
03/01/2019,25.16,28.82
04/01/2019,25.56,28.82
07/01/2019,26.00,28.80
08/01/2019,26.56,28.88
09/01/2019,26.78,28.88
10/01/2019,26.95,28.88
11/01/2019,27.31,28.88
14/01/2019,27.07,28.88
15/01/2019,27.17,28.88
16/01/2019,27.62,28.88
17/01/2019,27.91,28.85
18/01/2019,27.98,28.80
21/01/2019,28.87,28.90
22/01/2019,28.47,28.90
23/01/2019,28.06,29.00
24/01/2019,27.98,28.95
25/01/2019,28.38,29.03
28/01/2019,28.69,29.02
29/01/2019,27.74,29.02
30/01/2019,28.41,29.02
31/01/2019,27.86,28.95
01/02/2019,28.25,28.93
04/02/2019,27.83,28.98
05/02/2019,27.57,28.98
06/02/2019,28.90,28.98
07/02/2019,28.72,28.98
08/02/2019,27.93,28.85
11/02/2019,28.18,28.82
12/02/2019,28.48,28.82
13/02/2019,28.56,28.82
14/02/2019,28.32,28.75
15/02/2019,28.48,28.77
18/02/2019,28.95,28.68
19/02/2019,28.96,28.68
20/02/2019,29.02,28.73
21/02/2019,29.05,28.70
22/02/2019,29.68,28.68
25/02/2019,29.54,28.60
26/02/2019,29.67,27.63
27/02/2019,28.67,27.75
28/02/2019,27.94,27.88
01/03/2019,28.02,27.88
04/03/2019,27.77,28.00
05/03/2019,27.31,28.00
06/03/2019,27.52,28.18
07/03/2019,27.00,28.18
08/03/2019,26.93,28.10
11/03/2019,26.86,27.93
12/03/2019,27.12,27.98
13/03/2019,27.55,27.93
14/03/2019,27.60,27.75
15/03/2019,27.54,27.50
18/03/2019,27.55,27.25
19/03/2019,27.83,26.88
20/03/2019,27.92,26.75
21/03/2019,28.08,26.25
22/03/2019,26.84,26.13
25/03/2019,25.86,26.00
26/03/2019,25.68,25.63
27/03/2019,25.36,25.75
28/03/2019,25.34,25.38
29/03/2019,25.28,25.00
01/04/2019,25.71,25.13
02/04/2019,26.13,25.38
03/04/2019,26.15,25.63
04/04/2019,25.97,25.63
05/04/2019,26.00,25.75
08/04/2019,25.59,26.00
09/04/2019,25.42,25.88
10/04/2019,25.47,25.88
11/04/2019,25.38,25.88
12/04/2019,25.10,25.88
15/04/2019,25.12,25.88
16/04/2019,25.01,25.98
17/04/2019,24.45,25.98
18/04/2019,24.57,25.88
19/04/2019,24.87,25.88
22/04/2019,24.86,25.88
23/04/2019,25.10,25.75
24/04/2019,24.84,25.75
25/04/2019,24.43,25.63
26/04/2019,24.67,25.38
29/04/2019,24.50,25.25
30/04/2019,24.53,25.32
01/05/2019,24.93,25.13
02/05/2019,24.56,25.25
03/05/2019,24.21,25.25
06/05/2019,24.08,25.00
07/05/2019,23.90,25.00
08/05/2019,23.45,25.00
09/05/2019,23.91,25.00
10/05/2019,23.87,24.93
13/05/2019,23.67,24.77
14/05/2019,23.49,24.70
15/05/2019,23.80,24.63
16/05/2019,23.84,24.73
17/05/2019,23.85,24.65
20/05/2019,24.23,24.65
21/05/2019,24.21,24.63
22/05/2019,24.37,24.63
23/05/2019,24.75,24.38
24/05/2019,24.40,24.32
27/05/2019,24.63,24.25
28/05/2019,24.51,24.05
29/05/2019,24.42,24.13
30/05/2019,24.54,24.13
31/05/2019,24.40,24.05
03/06/2019,24.63,23.93
04/06/2019,24.87,23.93
05/06/2019,24.85,24.00
06/06/2019,24.76,24.32
07/06/2019,24.84,24.60
10/06/2019,25.12,24.80
11/06/2019,24.90,24.88
12/06/2019,25.11,24.88
13/06/2019,24.81,25.00
14/06/2019,24.64,24.82
17/06/2019,24.64,24.40
18/06/2019,24.58,24.50
19/06/2019,24.77,24.50
20/06/2019,24.94,24.50
21/06/2019,25.23,24.70
24/06/2019,24.31,24.70
25/06/2019,24.00,24.70
26/06/2019,23.67,24.68
27/06/2019,23.69,24.65
28/06/2019,23.44,24.63
01/07/2019,24.49,24.52
02/07/2019,24.41,24.50
03/07/2019,24.42,24.48
04/07/2019,24.96,24.52
05/07/2019,25.04,24.52
08/07/2019,24.98,24.52
09/07/2019,25.59,24.80
10/07/2019,25.60,24.80
11/07/2019,25.47,24.75
12/07/2019,24.50,24.80
15/07/2019,26.30,25.32
16/07/2019,26.26,26.25
17/07/2019,25.94,26.02
18/07/2019,25.71,26.00
19/07/2019,25.67,25.65
22/07/2019,25.43,25.25
23/07/2019,24.83,25.50
24/07/2019,24.70,25.50
25/07/2019,24.83,25.75
26/07/2019,25.14,25.75
29/07/2019,25.05,25.57
30/07/2019,25.06,25.50
31/07/2019,25.03,25.43
01/08/2019,25.11,25.30
02/08/2019,24.62,25.43
05/08/2019,24.52,25.43
06/08/2019,24.49,25.38
07/08/2019,23.72,25.38
08/08/2019,23.95,25.38
09/08/2019,24.14,25.38
12/08/2019,24.28,25.38
13/08/2019,24.19,25.38
14/08/2019,24.40,25.38
15/08/2019,24.05,25.38
16/08/2019,24.04,25.25
19/08/2019,24.11,25.13
20/08/2019,24.05,25.00
21/08/2019,24.35,25.13
22/08/2019,24.36,25.25
23/08/2019,24.98,25.25
26/08/2019,24.37,25.25
27/08/2019,24.31,25.25
28/08/2019,24.20,25.38
29/08/2019,24.22,25.38
30/08/2019,24.15,25.38
02/09/2019,24.43,25.38
03/09/2019,24.40,25.27
04/09/2019,24.56,25.27
05/09/2019,24.65,25.27
06/09/2019,24.76,25.35
09/09/2019,24.88,25.38
10/09/2019,24.76,25.25
11/09/2019,24.68,25.23
12/09/2019,24.61,25.18
13/09/2019,24.41,24.95
16/09/2019,24.49,25.32
17/09/2019,24.27,25.38
18/09/2019,24.33,25.50
19/09/2019,24.13,25.70
20/09/2019,24.49,25.75
23/09/2019,24.25,25.88
24/09/2019,24.14,25.75
25/09/2019,24.12,25.75
26/09/2019,24.15,25.82
27/09/2019,24.18,25.63
30/09/2019,24.23,25.65
01/10/2019,24.55,25.55
02/10/2019,24.80,25.43
03/10/2019,24.37,25.38
04/10/2019,24.29,25.32
07/10/2019,24.06,25.30
08/10/2019,24.45,25.20
09/10/2019,24.36,25.00
10/10/2019,24.33,24.98
11/10/2019,24.41,24.98
14/10/2019,24.40,24.98
15/10/2019,24.35,24.98
16/10/2019,24.74,24.98
17/10/2019,24.80,24.98
18/10/2019,24.57,24.90
21/10/2019,24.28,24.88
22/10/2019,24.00,24.63
23/10/2019,23.92,24.50
24/10/2019,23.75,24.50
25/10/2019,23.63,24.25
28/10/2019,23.70,24.25
29/10/2019,23.36,24.00
30/10/2019,23.00,24.00
31/10/2019,22.36,24.00
01/11/2019,22.25,24.38
04/11/2019,23.21,24.13
05/11/2019,23.14,24.20
06/11/2019,23.15,24.48
07/11/2019,23.94,24.57
08/11/2019,23.90,24.70
11/11/2019,23.86,24.68
12/11/2019,23.79,24.60
13/11/2019,23.97,24.75
14/11/2019,24.06,24.95
15/11/2019,24.07,24.95
18/11/2019,24.30,25.18
19/11/2019,24.32,25.75
20/11/2019,24.33,26.00
21/11/2019,24.85,26.05
22/11/2019,24.83,26.00
25/11/2019,24.69,26.00
26/11/2019,25.02,26.00
27/11/2019,24.28,26.00
28/11/2019,24.37,26.07
29/11/2019,24.32,26.07
02/12/2019,24.33,26.13
03/12/2019,23.78,26.13
04/12/2019,23.74,26.07
05/12/2019,24.04,26.07
06/12/2019,24.01,26.07
09/12/2019,23.99,26.00
10/12/2019,24.07,26.00
11/12/2019,24.42,26.00
12/12/2019,25.36,25.88
13/12/2019,24.87,25.75
16/12/2019,24.63,25.63
17/12/2019,24.21,25.57
18/12/2019,24.04,25.55
19/12/2019,24.00,25.55
20/12/2019,24.10,25.55
23/12/2019,23.87,25.05
24/12/2019,23.63,25.07
25/12/2019,23.72,25.07
26/12/2019,23.73,25.07
27/12/2019,23.81,25.07
30/12/2019,24.17,25.07
31/12/2019,23.89,24.88
01/01/2020,23.95,24.88
02/01/2020,23.97,24.88
03/01/2020,24.19,24.88
06/01/2020,24.01,24.80
07/01/2020,23.83,24.80
08/01/2020,23.57,24.60
09/01/2020,23.50,24.60
10/01/2020,23.58,24.60
13/01/2020,23.22,24.75
14/01/2020,23.65,24.63
15/01/2020,23.80,24.63
16/01/2020,23.38,24.63
17/01/2020,23.73,24.52
20/01/2020,23.46,24.57
21/01/2020,23.25,24.57
22/01/2020,23.37,24.50
23/01/2020,23.08,24.50
24/01/2020,23.34,24.48
27/01/2020,23.39,24.40
28/01/2020,23.12,24.40
29/01/2020,22.99,24.40
30/01/2020,22.86,24.38
31/01/2020,22.51,24.65
03/02/2020,22.19,24.95
04/02/2020,22.72,24.77
05/02/2020,22.85,24.77
06/02/2020,22.96,24.77
07/02/2020,22.96,24.75
10/02/2020,23.03,24.70
11/02/2020,22.73,24.63
12/02/2020,23.17,24.48
13/02/2020,22.94,24.50
14/02/2020,23.10,24.45
17/02/2020,22.91,24.55
18/02/2020,22.92,24.55
19/02/2020,22.43,24.57
20/02/2020,22.49,24.60
21/02/2020,22.54,24.70
24/02/2020,22.78,24.60
25/02/2020,22.50,24.80
26/02/2020,22.07,24.98
27/02/2020,21.57,24.98
28/02/2020,22.06,24.95
02/03/2020,21.62,24.70
03/03/2020,22.04,24.73
04/03/2020,21.38,24.73
05/03/2020,20.96,24.50
06/03/2020,21.11,24.30
09/03/2020,20.59,24.20
10/03/2020,19.69,24.10
11/03/2020,19.71,24.25
12/03/2020,19.37,24.25
13/03/2020,18.15,24.10
16/03/2020,18.73,23.95
17/03/2020,18.16,23.90
18/03/2020,18.04,24.07
19/03/2020,17.17,24.07
20/03/2020,17.46,24.07
23/03/2020,17.50,24.05
24/03/2020,16.67,24.75
25/03/2020,18.13,26.00
26/03/2020,21.44,26.52
27/03/2020,20.19,26.65
30/03/2020,20.20,27.25
31/03/2020,20.78,27.43
01/04/2020,21.25,27.38
02/04/2020,20.71,27.38
03/04/2020,20.96,27.55
06/04/2020,21.01,27.70
07/04/2020,21.39,28.25
08/04/2020,23.98,29.05
09/04/2020,23.79,29.18
10/04/2020,23.61,29.63
13/04/2020,23.75,29.50
14/04/2020,24.14,30.00
15/04/2020,27.29,31.38
16/04/2020,26.80,32.00
17/04/2020,27.41,32.38
20/04/2020,27.40,32.75
21/04/2020,27.08,32.63
22/04/2020,26.26,32.63
23/04/2020,27.26,32.88
24/04/2020,27.50,33.25
27/04/2020,27.31,33.50
28/04/2020,27.56,33.38
29/04/2020,26.89,33.55
30/04/2020,27.37,33.55
01/05/2020,27.18,33.88
04/05/2020,26.62,34.05
05/05/2020,27.87,34.05
06/05/2020,29.85,34.05
07/05/2020,28.59,34.05
08/05/2020,28.31,34.05
11/05/2020,28.45,33.85
12/05/2020,27.88,33.80
13/05/2020,27.43,33.70
14/05/2020,26.31,33.45
15/05/2020,26.31,33.50
18/05/2020,26.75,33.65
19/05/2020,27.04,33.65
20/05/2020,27.21,33.70
21/05/2020,27.62,34.00
22/05/2020,27.43,34.00
25/05/2020,27.41,34.13
26/05/2020,27.71,34.10
27/05/2020,27.92,33.88
28/05/2020,28.54,34.08
29/05/2020,28.67,34.00
01/06/2020,28.77,33.92
02/06/2020,28.89,33.75
03/06/2020,29.15,33.50
04/06/2020,28.21,33.35
05/06/2020,28.53,33.35
08/06/2020,27.76,33.27
09/06/2020,28.17,33.38
10/06/2020,28.00,33.20
11/06/2020,28.34,33.33
12/06/2020,27.97,33.50
15/06/2020,27.12,33.33
16/06/2020,27.49,33.13
17/06/2020,27.60,33.13
18/06/2020,26.71,33.13
19/06/2020,26.63,33.13
22/06/2020,26.57,33.13
23/06/2020,26.06,33.13
24/06/2020,26.10,33.13
25/06/2020,25.96,33.00
26/06/2020,25.85,33.00
29/06/2020,25.39,33.13
30/06/2020,25.76,32.92
01/07/2020,26.08,32.75
02/07/2020,26.05,32.95
03/07/2020,27.24,32.95
06/07/2020,27.73,32.95
07/07/2020,28.21,32.95
08/07/2020,28.08,32.95
09/07/2020,28.20,32.95
10/07/2020,27.90,32.95
13/07/2020,27.80,32.95
14/07/2020,27.90,32.98
15/07/2020,28.09,32.88
16/07/2020,29.30,32.75
17/07/2020,29.05,32.60
20/07/2020,29.15,32.63
21/07/2020,29.04,32.80
22/07/2020,29.32,32.80
23/07/2020,29.96,32.90
24/07/2020,30.69,32.90
27/07/2020,30.25,32.90
28/07/2020,30.31,32.70
29/07/2020,30.32,32.70
30/07/2020,28.79,32.50
03/08/2020,28.34,32.42
04/08/2020,28.35,32.42
05/08/2020,28.33,32.30
06/08/2020,28.15,32.30
07/08/2020,27.87,32.30
10/08/2020,27.21,32.27
11/08/2020,27.39,32.27
12/08/2020,27.48,32.27
13/08/2020,27.73,32.10
14/08/2020,27.66,31.98
17/08/2020,27.06,31.65
18/08/2020,27.05,31.30
19/08/2020,27.18,31.15
20/08/2020,27.13,31.15
21/08/2020,27.15,31.07
24/08/2020,26.84,30.95
25/08/2020,27.11,30.88
26/08/2020,27.46,30.88
27/08/2020,27.26,30.68
28/08/2020,27.30,30.75
31/08/2020,27.62,30.60
01/09/2020,27.49,31.00
02/09/2020,27.45,31.05
03/09/2020,26.86,30.73
04/09/2020,26.79,30.35
07/09/2020,25.55,30.35
08/09/2020,25.52,30.35
09/09/2020,25.30,30.45
10/09/2020,25.40,30.38
11/09/2020,25.16,30.38
14/09/2020,25.17,30.10
15/09/2020,25.35,30.07
16/09/2020,25.44,30.13
17/09/2020,25.46,30.13
18/09/2020,25.40,30.07
21/09/2020,25.48,30.00
22/09/2020,25.29,30.00
23/09/2020,24.95,30.10
24/09/2020,24.90,30.00
25/09/2020,24.73,29.88
28/09/2020,23.93,29.98
29/09/2020,23.74,30.00
30/09/2020,23.69,30.00
01/10/2020,23.77,30.02
02/10/2020,23.52,30.02
05/10/2020,23.50,29.98
06/10/2020,23.85,29.98
07/10/2020,23.29,30.00
08/10/2020,24.20,29.88
09/10/2020,24.85,29.80
12/10/2020,24.78,29.73
13/10/2020,24.82,29.63
14/10/2020,23.59,29.57
15/10/2020,23.39,29.60
16/10/2020,22.91,29.50
19/10/2020,23.11,29.60
20/10/2020,23.28,29.63
21/10/2020,23.74,29.63
22/10/2020,23.39,29.50
23/10/2020,23.54,29.50
26/10/2020,23.34,29.65
27/10/2020,23.60,29.75
28/10/2020,23.79,29.75
29/10/2020,23.18,29.65
30/10/2020,23.69,29.70
02/11/2020,23.08,29.90
03/11/2020,23.75,29.90
04/11/2020,24.08,30.00
05/11/2020,24.03,30.05
06/11/2020,24.06,30.25
09/11/2020,24.35,29.85
10/11/2020,24.43,29.80
11/11/2020,24.80,29.80
12/11/2020,24.92,29.80
13/11/2020,24.36,29.65
16/11/2020,24.37,29.32
17/11/2020,23.82,29.50
18/11/2020,23.52,29.15
19/11/2020,23.67,29.15
20/11/2020,23.73,29.13
23/11/2020,23.45,29.68
24/11/2020,23.60,29.68
25/11/2020,23.85,29.52
26/11/2020,24.49,29.50
27/11/2020,24.52,29.50
30/11/2020,24.28,29.20
01/12/2020,23.81,30.00
02/12/2020,24.14,29.65
03/12/2020,24.35,29.60
04/12/2020,24.62,29.55
07/12/2020,25.62,29.70
08/12/2020,26.24,29.75
09/12/2020,27.72,29.75
10/12/2020,26.13,29.75
11/12/2020,26.61,29.75
14/12/2020,26.59,29.75
15/12/2020,27.73,30.00
16/12/2020,29.08,30.13
17/12/2020,28.61,30.13
18/12/2020,28.76,30.10
21/12/2020,27.82,30.15
22/12/2020,27.92,30.27
23/12/2020,28.43,30.27
24/12/2020,28.48,30.27
25/12/2020,28.43,30.27
28/12/2020,28.48,30.27
29/12/2020,28.48,30.27
30/12/2020,29.12,30.27
31/12/2020,29.23,30.35
01/01/2021,29.76,30.35
04/01/2021,29.77,30.35
05/01/2021,29.04,30.35
06/01/2021,30.32,30.35
07/01/2021,29.73,30.35
08/01/2021,29.13,30.25
11/01/2021,28.19,30.25
12/01/2021,28.27,30.25
13/01/2021,27.75,30.25
14/01/2021,27.46,30.20
15/01/2021,27.34,30.10
18/01/2021,26.36,30.02
19/01/2021,27.13,30.13
20/01/2021,26.70,30.13
21/01/2021,26.89,29.95
22/01/2021,26.42,29.95
25/01/2021,26.08,29.90
26/01/2021,27.94,29.90
27/01/2021,27.67,29.75
28/01/2021,26.43,29.75
29/01/2021,26.23,29.63
01/02/2021,26.59,29.80
02/02/2021,28.78,29.70
03/02/2021,28.07,29.50
04/02/2021,28.86,29.50
05/02/2021,27.98,29.25
08/02/2021,28.55,29.38
09/02/2021,29.02,29.38
10/02/2021,29.72,29.38
11/02/2021,29.35,29.38
12/02/2021,30.02,29.32
15/02/2021,30.04,29.25
16/02/2021,30.17,29.25
17/02/2021,31.76,29.25
18/02/2021,31.35,28.95
19/02/2021,30.60,28.88
22/02/2021,30.90,28.43
23/02/2021,31.00,28.38
24/02/2021,31.41,28.32
25/02/2021,31.61,28.32
26/02/2021,31.42,28.13
01/03/2021,30.11,27.75
02/03/2021,30.49,27.75
03/03/2021,31.04,27.75
04/03/2021,31.00,27.38
05/03/2021,30.56,27.38
08/03/2021,30.69,27.50
09/03/2021,30.25,27.50
10/03/2021,30.65,27.50
11/03/2021,30.89,27.50
12/03/2021,31.28,27.50
15/03/2021,32.31,27.50
16/03/2021,33.51,28.50
17/03/2021,34.43,29.63
18/03/2021,35.39,29.50
19/03/2021,34.23,29.50
22/03/2021,33.60,29.50
23/03/2021,34.60,29.63
24/03/2021,33.05,29.63
25/03/2021,32.53,29.75
26/03/2021,32.16,30.02
29/03/2021,32.77,30.50
30/03/2021,32.76,30.75
31/03/2021,32.45,31.00
01/04/2021,33.59,31.25
02/04/2021,33.50,31.05
05/04/2021,33.45,31.05
06/04/2021,34.75,30.93
07/04/2021,34.17,30.63
08/04/2021,32.45,30.50
09/04/2021,33.58,30.50
12/04/2021,33.47,30.25
13/04/2021,32.64,29.88
14/04/2021,32.52,30.00
15/04/2021,32.07,29.50
16/04/2021,31.19,29.40
19/04/2021,31.31,29.40
20/04/2021,31.86,29.38
21/04/2021,31.38,29.13
22/04/2021,31.90,29.00
23/04/2021,31.33,28.63
26/04/2021,31.55,28.50
27/04/2021,31.30,28.70
28/04/2021,31.08,28.77
29/04/2021,33.48,28.88
30/04/2021,35.12,29.00
03/05/2021,33.80,29.10
04/05/2021,34.69,29.50
05/05/2021,33.78,30.25
06/05/2021,35.38,30.25
07/05/2021,34.87,30.25
10/05/2021,36.40,30.50
11/05/2021,36.16,30.63
12/05/2021,36.15,30.75
13/05/2021,35.24,30.75
14/05/2021,35.10,30.75
17/05/2021,36.86,30.80
18/05/2021,36.70,30.85
19/05/2021,36.60,30.75
20/05/2021,36.69,31.00
21/05/2021,36.51,31.00
24/05/2021,35.78,31.13
25/05/2021,35.84,31.05
26/05/2021,34.84,31.05
27/05/2021,34.59,31.13
28/05/2021,36.11,31.30
31/05/2021,35.70,31.35
01/06/2021,36.01,31.35
02/06/2021,36.63,31.30
03/06/2021,36.71,31.50
04/06/2021,36.76,31.55
07/06/2021,38.11,31.93
08/06/2021,38.79,32.20
09/06/2021,38.20,32.25
10/06/2021,37.42,32.25
11/06/2021,38.19,32.40
14/06/2021,37.80,32.50
15/06/2021,35.99,32.42
16/06/2021,36.63,32.35
17/06/2021,36.68,32.30
18/06/2021,34.58,32.30
21/06/2021,33.86,32.58
22/06/2021,34.65,32.58
23/06/2021,34.56,32.52
24/06/2021,34.77,32.52
25/06/2021,35.35,32.52
28/06/2021,35.18,32.15
29/06/2021,34.81,32.30
30/06/2021,33.94,32.35
01/07/2021,34.33,32.40
02/07/2021,34.20,32.67
05/07/2021,34.63,32.80
06/07/2021,34.35,32.80
07/07/2021,33.65,32.75
08/07/2021,33.78,32.75
09/07/2021,33.50,32.63
12/07/2021,33.53,32.63
13/07/2021,34.01,32.50
14/07/2021,33.96,32.50
15/07/2021,32.67,32.50
16/07/2021,32.71,32.42
19/07/2021,31.54,32.42
20/07/2021,31.21,32.25
21/07/2021,31.39,32.25
22/07/2021,31.65,32.50
23/07/2021,31.67,32.50
26/07/2021,32.84,32.50
27/07/2021,34.40,32.50
28/07/2021,33.79,32.50
29/07/2021,33.90,32.50
30/07/2021,34.74,32.50
02/08/2021,35.65,32.38
03/08/2021,35.65,32.38
04/08/2021,34.61,32.38
05/08/2021,33.30,32.25
06/08/2021,33.11,32.13
09/08/2021,32.42,31.88
10/08/2021,32.08,31.88
11/08/2021,32.50,31.88
12/08/2021,32.25,31.88
13/08/2021,31.58,31.00
16/08/2021,31.78,30.63
17/08/2021,31.37,30.50
18/08/2021,31.29,30.88
19/08/2021,32.18,31.75
20/08/2021,31.82,32.63
23/08/2021,33.44,33.13
24/08/2021,34.57,33.50
25/08/2021,34.07,33.50
26/08/2021,34.01,33.38
27/08/2021,34.39,33.58
30/08/2021,34.68,33.70
31/08/2021,35.02,33.75
01/09/2021,35.87,34.63
02/09/2021,37.34,35.63
03/09/2021,40.47,37.00
06/09/2021,43.44,39.00
07/09/2021,43.44,39.00
08/09/2021,43.46,40.25
09/09/2021,44.25,40.25
10/09/2021,43.26,40.50
13/09/2021,49.31,42.50
14/09/2021,56.55,44.00
15/09/2021,48.94,45.25
16/09/2021,50.89,49.00
17/09/2021,50.67,51.25
20/09/2021,50.15,50.75
21/09/2021,50.84,50.25
22/09/2021,50.26,49.75
23/09/2021,49.77,49.50
24/09/2021,48.08,47.75
27/09/2021,43.21,44.50
28/09/2021,44.60,43.00
29/09/2021,42.40,43.50
30/09/2021,42.51,43.00
01/10/2021,42.92,42.25
04/10/2021,43.52,41.75
05/10/2021,43.59,41.25
06/10/2021,41.93,40.25
07/10/2021,39.57,39.13
08/10/2021,38.83,37.75
11/10/2021,39.90,37.75
12/10/2021,39.37,37.25
13/10/2021,43.68,40.75
14/10/2021,45.30,46.50
15/10/2021,46.21,46.50
18/10/2021,46.37,46.00
19/10/2021,49.02,47.50
20/10/2021,48.11,47.50
21/10/2021,48.78,47.50
22/10/2021,48.93,47.50
25/10/2021,48.74,48.00
26/10/2021,47.69,47.50
27/10/2021,45.49,47.38
28/10/2021,44.76,47.25
29/10/2021,44.77,46.38
01/11/2021,42.15,43.50
02/11/2021,44.40,42.75
03/11/2021,42.13,42.25
04/11/2021,43.98,42.00
05/11/2021,44.66,43.00
08/11/2021,45.58,44.25
09/11/2021,46.03,44.25
10/11/2021,46.50,45.00
11/11/2021,46.16,45.25
12/11/2021,47.86,45.50
15/11/2021,48.50,46.38
16/11/2021,48.18,47.00
17/11/2021,47.13,47.00
18/11/2021,47.57,47.00
19/11/2021,46.73,46.88
22/11/2021,45.10,46.38
23/11/2021,43.93,46.25
24/11/2021,46.05,47.25
25/11/2021,46.75,47.25
26/11/2021,47.04,47.13
29/11/2021,44.24,46.63
30/11/2021,44.94,46.13
01/12/2021,43.44,45.50
02/12/2021,42.73,45.50
03/12/2021,43.59,45.25
06/12/2021,42.34,45.25
07/12/2021,42.95,44.75
08/12/2021,45.03,44.75
09/12/2021,44.96,44.75
10/12/2021,42.69,44.75
13/12/2021,42.02,44.75
14/12/2021,40.36,43.00
15/12/2021,39.26,43.00
16/12/2021,43.25,43.00
17/12/2021,41.96,43.25
20/12/2021,40.80,43.25
21/12/2021,40.70,42.75
22/12/2021,41.43,42.88
23/12/2021,42.45,42.88
24/12/2021,42.68,42.38
27/12/2021,43.04,42.38
28/12/2021,43.04,42.38
29/12/2021,43.04,42.38
30/12/2021,42.28,42.38
31/12/2021,42.21,42.13
03/01/2022,42.99,42.25
04/01/2022,42.99,42.25
05/01/2022,43.30,42.63
06/01/2022,45.38,45.75
07/01/2022,45.26,45.75
10/01/2022,46.73,45.75
11/01/2022,45.86,45.75
12/01/2022,46.25,45.75
13/01/2022,46.22,45.75
14/01/2022,45.94,45.75
17/01/2022,46.02,45.75
18/01/2022,46.76,45.75
19/01/2022,45.66,45.63
20/01/2022,44.77,44.88
21/01/2022,45.09,44.88
24/01/2022,42.71,44.50
25/01/2022,42.20,44.38
26/01/2022,43.30,44.38
27/01/2022,44.10,44.38
28/01/2022,43.16,44.38
31/01/2022,43.94,43.50
01/02/2022,43.94,43.10
02/02/2022,43.76,43.10
03/02/2022,44.11,43.00
04/02/2022,42.19,43.00
07/02/2022,41.86,43.00
08/02/2022,41.20,43.00
09/02/2022,42.10,42.25
10/02/2022,43.98,42.75
11/02/2022,43.95,43.00
14/02/2022,43.35,43.25
15/02/2022,42.98,43.25
16/02/2022,43.50,43.25
17/02/2022,43.12,43.25
18/02/2022,43.12,43.25
21/02/2022,42.92,43.13
22/02/2022,42.67,42.88
23/02/2022,42.63,42.88
24/02/2022,44.07,43.38
25/02/2022,45.32,44.50
28/02/2022,49.27,47.00
01/03/2022,48.23,48.38
02/03/2022,50.15,50.13
03/03/2022,51.40,50.75
04/03/2022,50.79,50.75
07/03/2022,50.52,50.38
08/03/2022,51.01,50.88
09/03/2022,52.22,52.38
10/03/2022,60.82,59.50
11/03/2022,59.56,59.73
14/03/2022,56.19,58.50
15/03/2022,50.97,55.25
16/03/2022,52.24,54.50
17/03/2022,53.54,55.25
18/03/2022,54.51,56.50
21/03/2022,55.63,56.25
22/03/2022,58.21,58.00
23/03/2022,58.55,58.50
24/03/2022,57.89,58.50
25/03/2022,59.24,58.25
28/03/2022,58.85,58.25
29/03/2022,57.44,58.50
30/03/2022,58.55,58.25
31/03/2022,58.66,58.13
01/04/2022,59.43,58.00
04/04/2022,60.33,58.63
05/04/2022,60.53,59.88
06/04/2022,59.75,61.25
07/04/2022,62.06,62.25
08/04/2022,62.55,63.00
11/04/2022,63.23,63.50
12/04/2022,62.57,63.50
13/04/2022,62.32,63.75
14/04/2022,61.94,63.75
15/04/2022,61.09,63.75
18/04/2022,61.09,63.75
19/04/2022,59.68,63.75
20/04/2022,59.06,63.25
21/04/2022,61.26,62.50
22/04/2022,56.29,60.25
25/04/2022,50.66,54.00
26/04/2022,52.54,53.50
27/04/2022,51.26,53.50
28/04/2022,51.44,52.88
29/04/2022,53.36,52.88
02/05/2022,53.36,53.88
03/05/2022,51.41,53.88
04/05/2022,52.35,53.88
05/05/2022,54.48,54.25
06/05/2022,52.06,54.50
09/05/2022,50.98,54.88
10/05/2022,47.47,54.13
11/05/2022,45.33,52.13
12/05/2022,43.72,52.00
13/05/2022,43.18,50.50
16/05/2022,46.13,50.25
17/05/2022,43.59,47.75
18/05/2022,45.60,48.00
19/05/2022,43.80,48.00
20/05/2022,44.14,47.25
23/05/2022,45.44,46.25
24/05/2022,45.32,46.13
25/05/2022,46.29,46.13
26/05/2022,46.76,46.88
27/05/2022,46.88,46.88
30/05/2022,47.32,47.38
31/05/2022,47.95,47.38
01/06/2022,47.80,48.50
02/06/2022,48.36,48.50
03/06/2022,49.35,49.50
06/06/2022,49.88,49.88
07/06/2022,50.48,50.75
08/06/2022,52.89,51.13
09/06/2022,51.15,51.75
10/06/2022,48.22,52.00
13/06/2022,48.13,51.00
14/06/2022,43.62,49.00
15/06/2022,43.92,48.75
16/06/2022,43.62,48.75
17/06/2022,40.73,47.25
20/06/2022,40.07,45.75
21/06/2022,41.84,46.00
22/06/2022,43.41,47.50
23/06/2022,41.67,47.50
24/06/2022,40.27,47.00
27/06/2022,42.65,47.75
28/06/2022,44.21,49.00
29/06/2022,43.17,49.50
30/06/2022,42.75,50.00
01/07/2022,42.83,50.38
04/07/2022,42.83,50.38
05/07/2022,44.33,50.38
06/07/2022,40.46,50.25
07/07/2022,41.26,48.25
08/07/2022,42.48,47.63
11/07/2022,43.27,47.63
12/07/2022,40.81,47.00
13/07/2022,39.30,46.88
14/07/2022,38.32,46.50
15/07/2022,40.13,46.00
18/07/2022,40.65,45.75
19/07/2022,41.84,46.00
20/07/2022,43.38,46.00
21/07/2022,43.50,46.00
22/07/2022,42.66,46.50
25/07/2022,41.91,46.50
26/07/2022,41.84,46.75
27/07/2022,43.40,47.00
28/07/2022,46.95,48.50
29/07/2022,46.36,48.75
01/08/2022,46.53,48.75
02/08/2022,46.41,48.63
03/08/2022,44.80,48.25
04/08/2022,43.77,47.75
05/08/2022,43.58,47.75
08/08/2022,44.73,47.75
09/08/2022,45.01,47.75
10/08/2022,43.82,47.75
11/08/2022,44.69,47.75
12/08/2022,43.60,47.75
15/08/2022,42.84,47.75
16/08/2022,42.47,47.50
17/08/2022,43.19,47.50
18/08/2022,42.84,48.00
19/08/2022,43.23,48.00
22/08/2022,41.44,48.00
23/08/2022,41.12,48.00
24/08/2022,42.57,48.00
25/08/2022,48.18,48.50
26/08/2022,48.04,48.50
29/08/2022,46.73,48.50
30/08/2022,49.07,49.25
31/08/2022,50.80,51.75
01/09/2022,50.53,53.50
02/09/2022,49.12,52.38
05/09/2022,48.32,50.88
06/09/2022,48.43,51.00
07/09/2022,50.78,51.25
08/09/2022,50.26,51.25
09/09/2022,51.31,51.25
12/09/2022,51.71,52.00
13/09/2022,50.93,52.00
14/09/2022,47.98,51.25
15/09/2022,49.87,50.50
16/09/2022,48.28,49.75
19/09/2022,47.21,47.50
20/09/2022,48.02,48.00
21/09/2022,46.86,48.00
22/09/2022,46.19,48.88
23/09/2022,44.63,49.50
26/09/2022,42.65,49.00
27/09/2022,43.07,48.50
28/09/2022,45.69,48.50
29/09/2022,46.82,48.25
30/09/2022,45.49,48.25
03/10/2022,46.90,48.25
04/10/2022,47.19,48.50
05/10/2022,48.97,48.50
06/10/2022,49.33,48.38
07/10/2022,47.47,48.38
10/10/2022,47.15,48.25
11/10/2022,47.52,48.63
12/10/2022,44.78,49.00
13/10/2022,46.40,49.00
14/10/2022,49.80,50.00
17/10/2022,49.27,50.25
18/10/2022,51.18,50.75
19/10/2022,50.25,50.75
20/10/2022,50.56,51.88
21/10/2022,49.92,51.88
24/10/2022,52.11,52.63
25/10/2022,50.08,52.75
26/10/2022,50.56,52.75
27/10/2022,52.25,52.75
28/10/2022,51.54,52.63
31/10/2022,51.23,52.48
01/11/2022,51.83,52.30
02/11/2022,50.18,52.25
03/11/2022,48.66,51.38
04/11/2022,48.31,50.88
07/11/2022,49.85,49.50
08/11/2022,49.75,49.50
09/11/2022,51.33,49.88
10/11/2022,49.09,50.00
11/11/2022,49.48,50.00
14/11/2022,49.89,50.13
15/11/2022,49.02,50.13
16/11/2022,48.70,50.13
17/11/2022,44.97,50.13
18/11/2022,44.67,50.25
21/11/2022,45.56,50.25
22/11/2022,44.60,50.00
23/11/2022,45.75,49.88
24/11/2022,45.73,49.88
25/11/2022,45.49,49.88
28/11/2022,45.02,49.88
29/11/2022,43.88,49.75
30/11/2022,44.15,49.75
01/12/2022,44.99,49.38
02/12/2022,45.31,49.38
05/12/2022,44.31,48.00
06/12/2022,42.28,48.00
07/12/2022,42.12,48.00
08/12/2022,42.35,48.13
09/12/2022,43.49,48.13
12/12/2022,42.42,48.13
13/12/2022,43.13,48.13
14/12/2022,43.98,47.88
15/12/2022,43.47,47.75
16/12/2022,43.14,47.75
19/12/2022,41.92,47.75
20/12/2022,42.03,47.75
21/12/2022,42.43,47.75
22/12/2022,43.23,47.75
23/12/2022,42.85,47.75
26/12/2022,43.96,47.75
27/12/2022,43.96,47.75
28/12/2022,44.76,48.63
29/12/2022,43.63,48.63
30/12/2022,44.71,48.63
02/01/2023,46.96,48.63
03/01/2023,46.96,48.63
04/01/2023,47.81,48.75
05/01/2023,47.99,48.75
06/01/2023,48.11,48.75
09/01/2023,49.24,49.00
10/01/2023,48.14,50.00
11/01/2023,48.17,50.25
12/01/2023,48.00,50.38
13/01/2023,47.99,50.38
16/01/2023,48.13,50.13
17/01/2023,48.80,50.13
18/01/2023,47.64,49.13
19/01/2023,46.38,48.75
20/01/2023,47.67,48.75
23/01/2023,47.87,48.75
24/01/2023,48.24,48.88
25/01/2023,48.68,49.00
26/01/2023,50.11,49.75
27/01/2023,50.09,49.75
30/01/2023,51.67,50.63
31/01/2023,51.59,50.75
01/02/2023,51.47,50.88
02/02/2023,51.90,50.75
03/02/2023,51.66,51.25
06/02/2023,48.92,51.13
07/02/2023,49.41,50.75
08/02/2023,51.24,50.50
09/02/2023,50.71,50.50
10/02/2023,50.68,50.50
13/02/2023,50.96,50.50
14/02/2023,50.43,50.50
15/02/2023,51.53,51.00
16/02/2023,51.33,51.13
17/02/2023,51.22,51.75
20/02/2023,51.93,51.75
21/02/2023,51.93,51.75
22/02/2023,50.95,51.75
23/02/2023,48.61,51.75
24/02/2023,48.81,51.75
27/02/2023,48.67,51.50
28/02/2023,49.38,51.00
01/03/2023,49.73,50.88
02/03/2023,50.24,50.88
03/03/2023,50.10,50.50
06/03/2023,49.97,50.50
07/03/2023,48.62,50.63
08/03/2023,46.87,51.13
09/03/2023,46.87,51.13
10/03/2023,47.23,51.13
13/03/2023,46.16,50.88
14/03/2023,45.49,50.38
15/03/2023,45.64,50.38
16/03/2023,42.61,49.75
17/03/2023,43.50,49.75
20/03/2023,44.32,50.00
21/03/2023,45.91,50.00
22/03/2023,45.36,50.00
23/03/2023,44.88,50.00
24/03/2023,43.77,50.00
27/03/2023,44.30,50.50
28/03/2023,44.52,50.38
29/03/2023,45.55,50.63
30/03/2023,45.48,50.75
31/03/2023,46.52,50.75
03/04/2023,46.81,50.75
04/04/2023,46.35,51.00
05/04/2023,45.67,51.13
06/04/2023,44.23,51.13
07/04/2023,44.94,51.13
10/04/2023,44.94,51.13
11/04/2023,45.58,51.13
12/04/2023,45.66,51.13
13/04/2023,45.70,51.13
14/04/2023,46.61,51.13
17/04/2023,46.28,51.13
18/04/2023,45.25,51.13
19/04/2023,44.59,51.13
20/04/2023,44.87,51.13
21/04/2023,44.70,51.13
24/04/2023,43.91,51.50
25/04/2023,45.11,52.50
26/04/2023,46.11,53.38
27/04/2023,45.64,53.83
28/04/2023,48.05,53.75
01/05/2023,47.48,53.50
02/05/2023,46.64,53.75
03/05/2023,46.35,53.30
04/05/2023,46.53,53.30
05/05/2023,46.99,53.30
08/05/2023,48.15,53.30
09/05/2023,48.42,53.30
10/05/2023,49.60,53.30
11/05/2023,50.13,53.30
12/05/2023,48.83,53.40
15/05/2023,49.46,53.40
16/05/2023,49.50,53.40
17/05/2023,48.84,53.63
18/05/2023,49.37,53.75
19/05/2023,48.34,53.75
22/05/2023,48.74,53.75
23/05/2023,48.74,53.75
24/05/2023,47.12,54.00
25/05/2023,47.14,54.38
26/05/2023,47.07,54.38
29/05/2023,47.52,54.38
30/05/2023,48.32,54.38
31/05/2023,48.26,54.38
01/06/2023,51.52,54.63
02/06/2023,52.68,55.38
05/06/2023,52.03,55.50
06/06/2023,52.51,55.50
07/06/2023,52.15,56.00
08/06/2023,51.38,56.50
09/06/2023,52.11,56.50
12/06/2023,52.05,56.95
13/06/2023,53.45,57.75
14/06/2023,53.69,57.75
15/06/2023,53.00,57.50
16/06/2023,54.44,56.75
19/06/2023,54.16,56.75
20/06/2023,53.99,56.75
21/06/2023,53.58,56.75
22/06/2023,53.10,56.75
23/06/2023,53.32,56.50
26/06/2023,51.91,56.38
27/06/2023,52.05,56.38
28/06/2023,52.29,56.38
29/06/2023,50.98,56.13
30/06/2023,49.53,56.13
03/07/2023,50.79,56.13
04/07/2023,50.79,56.13
05/07/2023,50.72,55.75
06/07/2023,49.15,55.75
07/07/2023,48.37,55.75
10/07/2023,48.55,55.60
11/07/2023,49.32,55.60
12/07/2023,49.40,55.30
13/07/2023,49.44,55.30
14/07/2023,50.27,55.50
17/07/2023,49.06,55.60
18/07/2023,49.83,55.60
19/07/2023,49.77,55.88
20/07/2023,49.60,56.13
21/07/2023,49.28,56.13
24/07/2023,49.32,56.13
25/07/2023,50.52,56.15
26/07/2023,51.57,56.15
27/07/2023,51.53,56.15
28/07/2023,50.86,56.25
31/07/2023,51.11,56.25
01/08/2023,52.20,56.25
02/08/2023,53.30,56.38
03/08/2023,52.44,56.38
04/08/2023,53.51,56.38
07/08/2023,54.53,56.40
08/08/2023,54.53,56.40
09/08/2023,54.11,56.40
10/08/2023,54.07,56.40
11/08/2023,53.72,56.52
14/08/2023,53.94,56.75
15/08/2023,52.47,56.88
16/08/2023,51.69,56.88
17/08/2023,53.60,57.15
18/08/2023,53.29,57.75
21/08/2023,54.84,58.25
22/08/2023,55.54,58.25
23/08/2023,56.22,58.25
24/08/2023,57.62,58.25
25/08/2023,56.88,58.38
28/08/2023,57.25,58.63
29/08/2023,57.56,58.63
30/08/2023,58.00,58.88
31/08/2023,58.81,59.75
01/09/2023,59.10,60.75
04/09/2023,58.73,60.25
05/09/2023,59.34,60.88
06/09/2023,60.34,61.25
07/09/2023,59.47,61.25
08/09/2023,58.85,61.25
11/09/2023,60.00,62.00
12/09/2023,59.48,62.13
13/09/2023,60.53,62.25
14/09/2023,64.04,63.75
15/09/2023,66.27,66.25
18/09/2023,65.91,65.75
19/09/2023,68.09,67.00
20/09/2023,66.97,67.00
21/09/2023,66.93,67.00
22/09/2023,66.69,67.25
25/09/2023,70.62,69.80
26/09/2023,71.42,70.25
27/09/2023,69.57,71.00
28/09/2023,70.98,71.88
29/09/2023,72.72,73.10
02/10/2023,68.14,72.63
03/10/2023,66.04,72.25
04/10/2023,64.57,71.00
05/10/2023,64.63,70.00
06/10/2023,67.00,70.00
09/10/2023,68.29,69.50
10/10/2023,68.29,69.50
11/10/2023,67.70,69.38
12/10/2023,66.21,69.38
13/10/2023,65.55,69.38
16/10/2023,65.14,68.88
17/10/2023,63.94,68.88
18/10/2023,66.32,69.63
19/10/2023,67.17,70.25
20/10/2023,70.00,71.25
23/10/2023,70.22,72.50
24/10/2023,70.98,72.50
25/10/2023,71.36,73.38
26/10/2023,73.19,73.63
27/10/2023,72.83,74.00
30/10/2023,69.64,74.00
31/10/2023,72.61,74.50
01/11/2023,73.04,74.50
02/11/2023,72.73,74.25
03/11/2023,72.12,74.25
06/11/2023,70.68,74.00
07/11/2023,69.72,74.00
08/11/2023,70.03,73.50
09/11/2023,68.61,73.50
10/11/2023,70.58,72.75
13/11/2023,72.10,73.75
15/11/2023,74.50,74.25
16/11/2023,75.54,75.38
17/11/2023,76.26,77.25
20/11/2023,76.65,77.50
21/11/2023,77.75,80.75
22/11/2023,77.14,81.00
23/11/2023,76.47,80.75
24/11/2023,76.35,80.75
27/11/2023,77.04,80.75
28/11/2023,77.37,80.75
29/11/2023,77.90,80.88
30/11/2023,74.67,80.75
01/12/2023,77.27,81.00
04/12/2023,78.84,81.38
05/12/2023,81.20,81.63
06/12/2023,79.79,81.63
07/12/2023,79.15,81.63
08/12/2023,79.74,81.88
11/12/2023,79.50,82.50
12/12/2023,79.07,83.00
13/12/2023,83.36,85.50
14/12/2023,82.36,85.50
15/12/2023,83.57,86.50
18/12/2023,82.53,86.50
19/12/2023,83.67,86.50
20/12/2023,83.54,88.50
21/12/2023,83.71,90.00
22/12/2023,85.54,90.00
25/12/2023,85.65,91.50
26/12/2023,85.65,91.50
27/12/2023,85.65,91.50
28/12/2023,85.54,91.50
29/12/2023,84.77,91.50
01/01/2024,86.35,91.50
02/01/2024,86.82,92.00
03/01/2024,84.72,92.00
04/01/2024,83.12,92.13
05/01/2024,83.09,92.00
08/01/2024,84.44,92.50
09/01/2024,83.99,92.88
10/01/2024,87.83,93.38
11/01/2024,87.64,94.38
12/01/2024,94.99,100.00
15/01/2024,97.12,103.50
16/01/2024,100.52,106.00
17/01/2024,97.92,106.00
18/01/2024,97.20,106.00
19/01/2024,97.72,106.00
22/01/2024,99.49,106.00
23/01/2024,97.47,106.00
24/01/2024,96.51,106.00
25/01/2024,93.03,104.00
26/01/2024,90.39,101.50
29/01/2024,89.38,100.00
30/01/2024,92.88,100.00
31/01/2024,94.26,100.00
01/02/2024,92.98,100.75
02/02/2024,100.01,106.50
05/02/2024,101.44,107.00
06/02/2024,98.68,105.00
07/02/2024,98.85,103.00
08/02/2024,100.93,103.00
09/02/2024,94.98,100.50
12/02/2024,94.78,101.25
13/02/2024,95.72,103.75
14/02/2024,94.27,103.50
15/02/2024,93.94,102.75
16/02/2024,94.46,102.75
19/02/2024,93.63,102.00
20/02/2024,93.94,102.00
21/02/2024,89.95,101.50
22/02/2024,91.06,100.00
23/02/2024,86.69,99.00
26/02/2024,81.54,95.50
27/02/2024,83.92,95.75
28/02/2024,85.96,95.75
29/02/2024,84.31,94.50
01/03/2024,81.98,94.50
04/03/2024,83.15,93.50
05/03/2024,80.50,93.50
06/03/2024,78.17,92.50
07/03/2024,81.43,92.50
08/03/2024,85.53,92.50
11/03/2024,83.38,92.00
12/03/2024,80.84,90.00
13/03/2024,81.50,90.00
14/03/2024,78.10,83.00
15/03/2024,78.82,83.38
18/03/2024,83.55,85.25
19/03/2024,84.71,85.50
20/03/2024,83.06,86.00
21/03/2024,86.02,88.00
22/03/2024,87.30,89.25
25/03/2024,84.68,88.75
26/03/2024,85.03,89.25
27/03/2024,86.25,89.25
28/03/2024,84.47,88.25
29/03/2024,83.52,88.25
01/04/2024,82.34,87.00
02/04/2024,86.60,87.00
03/04/2024,87.50,88.00
04/04/2024,88.02,89.00
05/04/2024,84.43,89.00
08/04/2024,84.62,89.00
09/04/2024,84.76,88.75
10/04/2024,85.37,88.75
11/04/2024,87.39,88.25
12/04/2024,88.73,89.00
15/04/2024,87.47,89.25
16/04/2024,86.07,89.75
17/04/2024,83.79,89.75
18/04/2024,82.62,89.63
19/04/2024,83.39,89.63
22/04/2024,83.26,89.63
23/04/2024,84.67,89.63
24/04/2024,86.26,89.00
25/04/2024,83.48,87.00
26/04/2024,83.42,86.25
29/04/2024,85.88,87.50
30/04/2024,88.08,89.00
01/05/2024,86.22,90.00
02/05/2024,89.17,92.00
03/05/2024,92.72,92.00
06/05/2024,91.88,92.00
07/05/2024,92.22,92.00
08/05/2024,91.15,93.25
09/05/2024,91.39,93.25
10/05/2024,93.52,93.13
13/05/2024,90.93,90.50
14/05/2024,89.99,91.25
15/05/2024,87.80,91.25
16/05/2024,89.60,91.25
17/05/2024,89.68,90.50
20/05/2024,91.28,91.25
21/05/2024,91.40,91.38
22/05/2024,91.94,92.25
23/05/2024,88.43,92.00
24/05/2024,86.44,91.75
27/05/2024,87.71,91.75
28/05/2024,88.78,90.75
29/05/2024,89.43,90.25
30/05/2024,86.05,90.38
31/05/2024,82.69,88.50
03/06/2024,83.24,89.50
04/06/2024,82.36,89.50
05/06/2024,80.12,89.63
06/06/2024,77.71,87.38
07/06/2024,79.19,87.75
10/06/2024,73.74,84.25
11/06/2024,76.82,82.75
12/06/2024,75.46,83.00
13/06/2024,76.69,85.00
14/06/2024,76.38,85.00
17/06/2024,76.93,85.50
18/06/2024,78.44,85.50
19/06/2024,83.51,86.00
20/06/2024,83.19,86.00
21/06/2024,81.76,85.50
24/06/2024,80.13,83.50
25/06/2024,78.34,83.50
26/06/2024,76.41,84.25
27/06/2024,76.39,84.25
28/06/2024,78.80,85.50
01/07/2024,75.32,85.50
02/07/2024,75.32,85.50
03/07/2024,76.48,85.50
04/07/2024,76.68,85.50
05/07/2024,77.05,85.50
08/07/2024,79.89,85.50
09/07/2024,79.86,85.50
10/07/2024,80.71,85.50
11/07/2024,82.53,86.00
12/07/2024,82.40,86.00
15/07/2024,83.13,86.00
16/07/2024,80.50,86.00
17/07/2024,78.10,85.25
18/07/2024,76.32,85.25
19/07/2024,73.39,84.13
22/07/2024,73.73,83.88
23/07/2024,74.84,83.63
24/07/2024,74.56,83.63
25/07/2024,71.71,82.75
26/07/2024,70.62,82.00
29/07/2024,73.49,82.38
30/07/2024,72.52,82.38
31/07/2024,72.89,82.38
01/08/2024,75.80,85.50
02/08/2024,72.46,84.50
05/08/2024,70.12,82.25
06/08/2024,69.27,81.25
07/08/2024,70.20,81.25
08/08/2024,72.38,81.50
09/08/2024,74.03,81.50
12/08/2024,71.78,81.50
13/08/2024,69.25,81.50
14/08/2024,73.42,81.50
15/08/2024,71.71,81.00
16/08/2024,70.59,81.00
19/08/2024,69.30,81.00
20/08/2024,68.28,81.00
21/08/2024,69.51,80.38
22/08/2024,70.59,80.38
23/08/2024,72.19,80.25
26/08/2024,76.06,81.38
27/08/2024,76.22,78.63
28/08/2024,75.98,79.00
29/08/2024,74.24,79.00
30/08/2024,72.61,79.50
02/09/2024,74.40,79.25
03/09/2024,74.40,79.25
04/09/2024,70.19,79.25
05/09/2024,73.90,79.75
06/09/2024,71.81,79.75
09/09/2024,68.25,80.00
10/09/2024,69.24,79.50
11/09/2024,70.17,79.50
12/09/2024,73.10,80.00
13/09/2024,72.83,80.00
16/09/2024,70.77,79.63
17/09/2024,72.70,79.50
18/09/2024,72.23,79.50
19/09/2024,71.61,79.50
20/09/2024,73.65,79.50
23/09/2024,76.24,79.50
24/09/2024,79.92,80.00
25/09/2024,80.00,80.75
26/09/2024,80.37,80.75
27/09/2024,80.66,81.50
30/09/2024,79.83,81.88
01/10/2024,78.34,81.88
02/10/2024,80.80,81.88
03/10/2024,81.62,82.25
04/10/2024,82.19,82.50
07/10/2024,82.61,82.63
08/10/2024,82.32,83.00
09/10/2024,83.28,83.50
10/10/2024,81.74,83.55
11/10/2024,80.03,83.55
14/10/2024,79.59,83.00
15/10/2024,79.59,83.00
16/10/2024,78.97,83.00
17/10/2024,82.14,83.25
18/10/2024,81.21,83.25
21/10/2024,81.45,83.00
22/10/2024,80.65,82.75
23/10/2024,81.46,82.75
24/10/2024,78.96,82.63
28/10/2024,76.86,80.63
29/10/2024,77.00,80.50
30/10/2024,74.05,80.25
31/10/2024,75.08,80.15
01/11/2024,74.56,79.50
04/11/2024,72.77,78.38
05/11/2024,71.05,78.25
06/11/2024,71.07,77.25
07/11/2024,72.48,77.25
08/11/2024,71.47,76.50
11/11/2024,69.69,76.38
12/11/2024,69.09,76.75
13/11/2024,75.22,78.00
14/11/2024,73.80,78.63
15/11/2024,73.27,79.00
18/11/2024,76.32,82.50
19/11/2024,75.79,80.00
20/11/2024,79.23,80.00
21/11/2024,77.44,79.00
22/11/2024,78.08,78.75
25/11/2024,76.34,78.00
26/11/2024,75.34,77.00
27/11/2024,72.68,77.25
28/11/2024,73.41,77.25
29/11/2024,73.37,77.25
02/12/2024,73.46,76.63
03/12/2024,71.56,76.63
04/12/2024,74.55,77.63
05/12/2024,74.42,77.63
06/12/2024,73.26,77.63
09/12/2024,75.60,76.38
10/12/2024,72.34,76.38
11/12/2024,73.57,76.50
12/12/2024,72.70,76.50
13/12/2024,73.10,76.50
16/12/2024,71.84,76.50
17/12/2024,68.83,75.00
18/12/2024,68.52,74.38
19/12/2024,68.29,74.38
20/12/2024,66.57,73.75
23/12/2024,66.88,72.50
24/12/2024,66.15,71.75
25/12/2024,65.29,70.00
26/12/2024,65.29,70.00
27/12/2024,65.29,70.00
30/12/2024,67.51,71.00
31/12/2024,66.73,71.75
01/01/2025,70.06,73.00
02/01/2025,70.18,73.13
03/01/2025,72.50,74.50
06/01/2025,71.75,74.50
07/01/2025,69.78,74.50
08/01/2025,66.60,71.50
09/01/2025,68.74,73.00
10/01/2025,68.25,73.00
13/01/2025,68.55,74.00
14/01/2025,69.49,74.00
15/01/2025,69.13,74.00
16/01/2025,70.30,74.00
17/01/2025,69.93,74.00
20/01/2025,68.75,74.00
21/01/2025,70.11,74.00
22/01/2025,70.38,74.00
23/01/2025,68.70,73.38
24/01/2025,68.09,72.75
27/01/2025,67.00,71.00
28/01/2025,61.93,68.00
29/01/2025,64.19,69.50
30/01/2025,65.70,70.25
31/01/2025,66.83,71.00
03/02/2025,65.17,70.38
04/02/2025,65.44,70.75
05/02/2025,66.98,70.75
06/02/2025,65.33,70.25
07/02/2025,63.97,69.88
10/02/2025,63.60,69.00
11/02/2025,62.95,67.88
12/02/2025,61.43,67.38
13/02/2025,62.43,68.38
14/02/2025,62.76,68.38
17/02/2025,60.29,65.63
18/02/2025,58.91,64.13
19/02/2025,60.53,64.50
20/02/2025,60.68,64.75
21/02/2025,60.71,64.75
24/02/2025,59.30,64.75
25/02/2025,59.53,64.75
26/02/2025,58.53,64.75
27/02/2025,60.94,64.50
28/02/2025,57.80,64.50
03/03/2025,57.97,64.50
04/03/2025,55.52,64.50
05/03/2025,56.27,63.75
06/03/2025,58.63,63.75
07/03/2025,57.92,63.75
10/03/2025,57.26,63.75
11/03/2025,55.59,63.75
12/03/2025,56.90,62.88
13/03/2025,55.99,62.88
14/03/2025,55.46,62.88
17/03/2025,55.54,62.88
18/03/2025,56.55,63.38
19/03/2025,57.01,63.75
20/03/2025,59.81,64.50
21/03/2025,62.27,65.00
24/03/2025,60.31,64.50
25/03/2025,59.10,64.00
26/03/2025,58.86,64.00
27/03/2025,60.62,64.25
28/03/2025,58.33,64.25
31/03/2025,57.03,64.25
01/04/2025,58.13,64.38
02/04/2025,59.07,65.00
03/04/2025,58.51,65.00
04/04/2025,58.04,64.75
07/04/2025,53.55,64.50
08/04/2025,52.22,64.50
09/04/2025,52.83,64.50
10/04/2025,57.10,64.50
11/04/2025,54.86,64.50
14/04/2025,56.08,64.50
15/04/2025,57.42,64.50
16/04/2025,56.19,64.63
17/04/2025,55.81,64.88
18/04/2025,56.41,64.88
21/04/2025,56.41,64.88
22/04/2025,54.68,64.88
23/04/2025,54.78,65.00
24/04/2025,57.12,65.00
25/04/2025,58.69,65.50
28/04/2025,59.88,66.25
29/04/2025,60.15,66.38
30/04/2025,60.18,67.50
01/05/2025,61.35,68.13
02/05/2025,62.89,70.00
05/05/2025,63.58,70.00
06/05/2025,61.65,70.00
07/05/2025,64.65,69.63
08/05/2025,65.73,69.50
09/05/2025,63.91,69.50
12/05/2025,63.64,70.00
13/05/2025,66.60,71.25
14/05/2025,66.58,71.25
15/05/2025,65.84,71.25
16/05/2025,65.78,71.25
19/05/2025,63.85,71.25
20/05/2025,63.85,71.25
21/05/2025,63.06,71.13
22/05/2025,61.77,70.63
23/05/2025,63.59,70.63
26/05/2025,69.35,72.00
27/05/2025,69.88,72.00
28/05/2025,66.78,72.00
29/05/2025,68.09,72.00
30/05/2025,67.94,72.00
02/06/2025,66.37,72.00
03/06/2025,65.02,72.00
04/06/2025,66.35,71.63
05/06/2025,65.41,70.50
06/06/2025,66.38,70.50
09/06/2025,65.78,70.50
10/06/2025,68.84,70.13
11/06/2025,66.89,70.13
12/06/2025,68.29,69.75
13/06/2025,69.89,69.75
16/06/2025,69.76,70.00
17/06/2025,68.88,74.50
18/06/2025,70.82,75.00
19/06/2025,74.29,75.25
20/06/2025,74.16,75.25
23/06/2025,73.56,77.00
24/06/2025,75.27,77.88
25/06/2025,74.26,78.50
26/06/2025,74.60,78.50
27/06/2025,77.24,78.50
30/06/2025,77.43,78.75
01/07/2025,75.91,78.75
02/07/2025,75.07,77.88
03/07/2025,73.66,77.88
04/07/2025,70.41,77.50
07/07/2025,73.26,77.00
08/07/2025,69.77,75.00
09/07/2025,66.77,74.00
10/07/2025,65.65,71.50
11/07/2025,66.95,71.75
14/07/2025,67.80,71.75
15/07/2025,68.03,72.00
16/07/2025,68.01,72.00
17/07/2025,67.18,71.88
18/07/2025,65.41,71.00
21/07/2025,66.46,71.00
22/07/2025,66.25,71.00
23/07/2025,65.78,72.25
24/07/2025,65.46,72.00
25/07/2025,68.57,72.00
28/07/2025,67.93,71.13
29/07/2025,67.03,71.13
30/07/2025,66.39,71.00
31/07/2025,67.77,71.00
01/08/2025,65.93,71.25
04/08/2025,67.32,71.25
05/08/2025,67.32,71.25
06/08/2025,67.38,72.00
07/08/2025,68.92,72.00
08/08/2025,66.94,72.00
11/08/2025,67.07,72.00
12/08/2025,67.17,72.00
13/08/2025,66.31,72.50
14/08/2025,68.06,72.50
15/08/2025,67.24,72.50
18/08/2025,70.57,73.25
19/08/2025,69.51,73.25
20/08/2025,68.44,73.25
21/08/2025,66.64,73.25
22/08/2025,66.88,73.25
25/08/2025,69.98,74.13
26/08/2025,71.41,74.50
27/08/2025,73.13,74.50
28/08/2025,72.27,74.50
29/08/2025,73.36,75.00
01/09/2025,74.88,76.03
02/09/2025,74.88,76.03
03/09/2025,75.60,76.03
04/09/2025,76.36,76.25
05/09/2025,76.17,76.25
08/09/2025,75.79,76.25
09/09/2025,76.41,76.75
10/09/2025,75.43,76.50
11/09/2025,74.70,76.25
12/09/2025,74.13,76.13
15/09/2025,71.62,75.13
16/09/2025,76.33,76.00
17/09/2025,76.06,76.38
18/09/2025,76.09,76.38
19/09/2025,76.34,76.50
22/09/2025,79.69,77.50
23/09/2025,81.52,78.38
24/09/2025,79.96,81.00
25/09/2025,81.28,84.00
26/09/2025,82.36,83.38
29/09/2025,82.24,81.75
30/09/2025,82.09,81.75
10/10/2025,74.72,77.25
13/10/2025,74.98,79.00
14/10/2025,74.98,79.00
15/10/2025,77.13,79.25
16/10/2025,79.18,79.38
17/10/2025,76.74,79.38
20/10/2025,74.69,77.25
21/10/2025,72.26,76.50
22/10/2025,72.09,76.25
23/10/2025,73.67,76.50
24/10/2025,73.76,76.50
27/10/2025,76.36,78.63
28/10/2025,75.57,77.63
29/10/2025,78.71,80.00
30/10/2025,80.08,81.00
31/10/2025,80.46,82.13
10/11/2025,74.82,76.88
11/11/2025,75.98,78.38
12/11/2025,74.81,78.00
13/11/2025,76.38,78.00
14/11/2025,76.25,77.38
17/11/2025,74.78,77.25
18/11/2025,74.79,76.13
19/11/2025,75.46,76.38
20/11/2025,75.59,76.13
21/11/2025,71.18,76.25
24/11/2025,71.24,75.75
25/11/2025,72.97,75.88
26/11/2025,72.79,75.88
27/11/2025,73.60,75.88
28/11/2025,73.64,75.88
10/12/2025,76.07,76.38
11/12/2025,75.58,77.00
12/12/2025,77.55,77.50
15/12/2025,74.26,77.50
16/12/2025,75.84,78.00
17/12/2025,74.90,78.00
18/12/2025,74.84,79.00
19/12/2025,79.78,80.00
22/12/2025,79.64,81.00
23/12/2025,78.29,81.00
24/12/2025,80.20,81.00
25/12/2025,80.51,81.00
26/12/2025,80.51,81.00
29/12/2025,80.51,81.00
30/12/2025,81.16,81.88
31/12/2025,80.75,81.75
12/01/2026,84.67,83.00
13/01/2026,85.31,83.00
14/01/2026,83.85,83.25
15/01/2026,86.18,83.50
16/01/2026,89.33,85.00
19/01/2026,88.59,85.00
20/01/2026,92.15,85.00
21/01/2026,89.20,85.38
22/01/2026,92.37,86.00
23/01/2026,94.16,86.25
26/01/2026,95.07,88.75
27/01/2026,90.29,89.50
28/01/2026,93.88,92.38
29/01/2026,99.88,100.00
30/01/2026,99.79,101.50
10/02/2026,87.24,87.00
11/02/2026,87.22,88.50
12/02/2026,88.29,89.00
13/02/2026,85.07,89.00
16/02/2026,87.18,89.00
17/02/2026,87.18,89.00
18/02/2026,85.33,89.00
19/02/2026,87.83,89.00
20/02/2026,89.45,89.75
23/02/2026,89.55,89.75
24/02/2026,87.15,89.00
25/02/2026,86.86,88.63
26/02/2026,87.65,88.25
27/02/2026,84.76,88.25
10/03/2026,83.22,85.75
11/03/2026,85.06,85.75
12/03/2026,82.94,85.75
13/03/2026,83.70,85.75
16/03/2026,82.57,86.00
17/03/2026,85.08,86.75
18/03/2026,83.95,86.75
19/03/2026,80.44,85.25
20/03/2026,79.68,84.50
23/03/2026,76.39,82.50
24/03/2026,76.97,83.85
25/03/2026,80.31,84.25
26/03/2026,80.68,84.25
27/03/2026,78.06,84.25
30/03/2026,79.78,83.75
31/03/2026,79.93,83.75
10/04/2026,83.37,85.63
13/04/2026,83.58,85.63
14/04/2026,85.80,85.63
15/04/2026,85.24,85.75
16/04/2026,85.92,86.50
17/04/2026,86.54,87.00
20/04/2026,86.97,87.00
21/04/2026,87.35,87.00
22/04/2026,85.93,87.00
23/04/2026,86.78,86.75
24/04/2026,87.42,87.38
27/04/2026,84.59,86.25
28/04/2026,86.29,86.50
29/04/2026,85.76,86.50
30/04/2026,84.09,86.50
11/05/2026,82.02,85.88
12/05/2026,85.08,85.88
13/05/2026,82.34,86.00
14/05/2026,82.13,85.63
15/05/2026,82.41,86.00
18/05/2026,81.55,86.00
19/05/2026,80.60,85.00
20/05/2026,81.62,84.50
21/05/2026,81.03,84.63
22/05/2026,81.36,84.63
25/05/2026,80.65,84.63
26/05/2026,83.03,84.63
27/05/2026,82.39,84.88
28/05/2026,82.08,85.28
29/05/2026,82.94,85.13
10/06/2026,76.69,85.00
11/06/2026,76.83,85.25
12/06/2026,77.54,84.75
15/06/2026,76.70,85.13
16/06/2026,80.79,85.75
17/06/2026,79.65,85.75
18/06/2026,78.64,85.75
19/06/2026,78.79,86.13
22/06/2026,78.44,85.75
23/06/2026,77.54,85.75
24/06/2026,77.12,85.65
25/06/2026,75.69,85.65
26/06/2026,76.36,85.65
29/06/2026,76.08,85.00
30/06/2026,76.94,85.25
10/07/2026,78.20,84.88
13/07/2026,79.65,85.50
14/07/2026,76.90,85.13
15/07/2026,78.89,85.05
16/07/2026,79.30,85.25
17/07/2026,77.02,85.50
20/07/2026,76.16,85.50
21/07/2026,74.86,85.50
22/07/2026,76.89,85.75
23/07/2026,78.50,85.75
24/07/2026,77.99,86.25
27/07/2026,78.24,86.25
28/07/2026,79.06,86.25
29/07/2026,76.40,86.25
30/07/2026,76.09,86.50
31/07/2026,77.97,86.50
